{
  "lskf859xyn687gd7rvecbbrq2u7srcvtztwa9yc56": 83.07491721,
  "lskztxrxns7vrc6ufkmvermu5vhv49cocufk8ehxr": 3.15223118,
  "lsk8aa5t5kfkm8bgug6btdut2ekry4paoeognz4cg": 1.84610823,
  "lskd2pzojbngse68vngezmp5wgvrf23yjqjtdot7j": 0.11538138,
  "lskwwqc6pneqwxxd329kycxp8s7mbvx7u2rk9kv72": 0.00461458,
  "lskeznp4yudpkavth98ebmzw6jz6pym5hzpqgj8tp": 0.00461458,
  "lsk4hc83tf7r9q4czg69dj4xo442fsmwte7qerx2d": 4.29299939,
  "lsk3fw4ttb62k46xkommswj9wbd78kmfzzp78mohg": 3.96913386,
  "lskscse9jsp62sg2yw37t8n65bxswfodkto7vyja4": 0.06155472,
  "lskhghrkypt5jc4aov3jhjdhf5p4egn8c6q9wd5gf": 0.21691683,
  "lskm7dquz6jepotwx4z4uyt2oswaaphdyz98nzy7c": 0.00461458,
  "lskxttp8vcvexx4h3wm5dkdguemha4zncz8p74j9q": 0.04615212,
  "lskhw729t89vkhuoe699462ejrpg5z5duxx8wrodn": 0.28153081,
  "lskmwegwjdhoo8two5yhubsro7zzo5ycx2fabqxcr": 0.03692129,
  "lskzeayrtw5basxrjad2trv6a9doftaw9j3wyqkqn": 0.11538138,
  "lskq7jrtxzjpsof24csvvhrc6f6hc84eqmj8w3euk": 0.27691564
}
