{
  "lskf859xyn687gd7rvecbbrq2u7srcvtztwa9yc56": 118.73057046,
  "lskztxrxns7vrc6ufkmvermu5vhv49cocufk8ehxr": 4.5051642,
  "lsk8aa5t5kfkm8bgug6btdut2ekry4paoeognz4cg": 2.63845652,
  "lskd2pzojbngse68vngezmp5wgvrf23yjqjtdot7j": 0.16490191,
  "lskwwqc6pneqwxxd329kycxp8s7mbvx7u2rk9kv72": 0.00659432,
  "lskeznp4yudpkavth98ebmzw6jz6pym5hzpqgj8tp": 0.00659432,
  "lsk4hc83tf7r9q4czg69dj4xo442fsmwte7qerx2d": 6.59614155,
  "lsk3fw4ttb62k46xkommswj9wbd78kmfzzp78mohg": 5.67268144,
  "lskscse9jsp62sg2yw37t8n65bxswfodkto7vyja4": 0.10240398,
  "lskhghrkypt5jc4aov3jhjdhf5p4egn8c6q9wd5gf": 0.48811256,
  "lskm7dquz6jepotwx4z4uyt2oswaaphdyz98nzy7c": 0.00659432,
  "lskxttp8vcvexx4h3wm5dkdguemha4zncz8p74j9q": 0.06596093,
  "lskhw729t89vkhuoe699462ejrpg5z5duxx8wrodn": 0.40236371,
  "lskmwegwjdhoo8two5yhubsro7zzo5ycx2fabqxcr": 0.05276765,
  "lskzeayrtw5basxrjad2trv6a9doftaw9j3wyqkqn": 0.16490191,
  "lskq7jrtxzjpsof24csvvhrc6f6hc84eqmj8w3euk": 0.39576707
}
