{
  "lskf859xyn687gd7rvecbbrq2u7srcvtztwa9yc56": 178.43335773,
  "lskztxrxns7vrc6ufkmvermu5vhv49cocufk8ehxr": 6.77055265,
  "lsk3fw4ttb62k46xkommswj9wbd78kmfzzp78mohg": 8.83245056,
  "lskscse9jsp62sg2yw37t8n65bxswfodkto7vyja4": 0.63672249,
  "lskm7dquz6jepotwx4z4uyt2oswaaphdyz98nzy7c": 0.00991148,
  "lskxttp8vcvexx4h3wm5dkdguemha4zncz8p74j9q": 0.09912675,
  "lskhw729t89vkhuoe699462ejrpg5z5duxx8wrodn": 0.8128622,
  "lskmwegwjdhoo8two5yhubsro7zzo5ycx2fabqxcr": 0.17843264,
  "lsk98hotayxrzbf8hhf85zd3jdb48v7cda668z7qz": 0.24782366,
  "lskxdbkaqmucdeh5gvwy4jeqmcwczqtm57jt8sg3q": 0.72364418,
  "lsku25nhr8g72hccqg5ovcqe7krtt8vudvnn2my6f": 1.09042264,
  "lsk278wvfc9w56ek4dcnahvvryug2ma7wp6k4ff78": 0.00991148,
  "lskb5mno76fheuvm53wj359kr5epz8eybhxophh8o": 0.49564732,
  "lskp6q5zjvxeogmqnrv29s82h8cm5rr293njqjxdh": 0.69390526,
  "lskv2fmavyujo4k4b829crkotvr2fhz2kn88qqp4m": 0.04956273,
  "lskd7h7qgfzam3juqvfwnh98h26qmj99xdnts9dur": 0.38660186,
  "lskpbwgrq6pdop3sxkvr3v9757wekks2p8sbaw6dk": 0.0066,
  "lskumrdgca4a6p3ws2btjf6vyqwjmzctesghvcwen": 40.64315315,
  "lskc3du5erm5snzxcq5nnsm658qe5wk4y2wbz38qo": 3.87596748,
  "lskdm6dt4xmyvu6cnjoxk9ua5z26ssnamqz7ftqfo": 0.00991148
}
