{
  "lskf859xyn687gd7rvecbbrq2u7srcvtztwa9yc56": 80.90277726,
  "lskztxrxns7vrc6ufkmvermu5vhv49cocufk8ehxr": 3.06980997,
  "lskwwqc6pneqwxxd329kycxp8s7mbvx7u2rk9kv72": 0.00898914,
  "lskeznp4yudpkavth98ebmzw6jz6pym5hzpqgj8tp": 0.00449457,
  "lsk3fw4ttb62k46xkommswj9wbd78kmfzzp78mohg": 4.0046875,
  "lskscse9jsp62sg2yw37t8n65bxswfodkto7vyja4": 0.22472893,
  "lskm7dquz6jepotwx4z4uyt2oswaaphdyz98nzy7c": 0.00449457,
  "lskxttp8vcvexx4h3wm5dkdguemha4zncz8p74j9q": 0.0449457,
  "lskhw729t89vkhuoe699462ejrpg5z5duxx8wrodn": 0.3370932,
  "lskmwegwjdhoo8two5yhubsro7zzo5ycx2fabqxcr": 0.08090226,
  "lsk98hotayxrzbf8hhf85zd3jdb48v7cda668z7qz": 0.11236427,
  "lskxdbkaqmucdeh5gvwy4jeqmcwczqtm57jt8sg3q": 0.32810406,
  "lsku25nhr8g72hccqg5ovcqe7krtt8vudvnn2my6f": 0.49440505,
  "lsk278wvfc9w56ek4dcnahvvryug2ma7wp6k4ff78": 0.00449457,
  "lskb5mno76fheuvm53wj359kr5epz8eybhxophh8o": 0.22472893,
  "lskp6q5zjvxeogmqnrv29s82h8cm5rr293njqjxdh": 0.31462035,
  "lskv2fmavyujo4k4b829crkotvr2fhz2kn88qqp4m": 0.0449457,
  "lsk9vqoookbbjphmbs29kv6za5tf66udpx6cboanw": 0.22472893,
  "lskd7h7qgfzam3juqvfwnh98h26qmj99xdnts9dur": 0.13034255,
  "lsk62evnyy8uw2vrs67mah72879otfnhddbqdt9um": 4.49459798,
  "lsk945efxyh5sdjhcebwomjkachoweptmuw875sjp": 1.13263863,
  "lskpbwgrq6pdop3sxkvr3v9757wekks2p8sbaw6dk": 0.0066,
  "lskumrdgca4a6p3ws2btjf6vyqwjmzctesghvcwen": 18.42785393,
  "lskc3du5erm5snzxcq5nnsm658qe5wk4y2wbz38qo": 1.82930164,
  "lsk9xn7w5wzhg85xgng875h8cpajmf8kn9hpmd8cm": 0.05393484
}
