{
  "lskf859xyn687gd7rvecbbrq2u7srcvtztwa9yc56": 189.62067922,
  "lskztxrxns7vrc6ufkmvermu5vhv49cocufk8ehxr": 7.19504817,
  "lsk3fw4ttb62k46xkommswj9wbd78kmfzzp78mohg": 9.58559419,
  "lskscse9jsp62sg2yw37t8n65bxswfodkto7vyja4": 0.88489435,
  "lskm7dquz6jepotwx4z4uyt2oswaaphdyz98nzy7c": 0.01053386,
  "lskxttp8vcvexx4h3wm5dkdguemha4zncz8p74j9q": 0.10534344,
  "lskmwegwjdhoo8two5yhubsro7zzo5ycx2fabqxcr": 0.18961884,
  "lsk98hotayxrzbf8hhf85zd3jdb48v7cda668z7qz": 0.26336038,
  "lskxdbkaqmucdeh5gvwy4jeqmcwczqtm57jt8sg3q": 0.76901511,
  "lsku25nhr8g72hccqg5ovcqe7krtt8vudvnn2my6f": 1.15879053,
  "lsk278wvfc9w56ek4dcnahvvryug2ma7wp6k4ff78": 0.01053386,
  "lskb5mno76fheuvm53wj359kr5epz8eybhxophh8o": 0.52672238,
  "lskp6q5zjvxeogmqnrv29s82h8cm5rr293njqjxdh": 0.73741127,
  "lskv2fmavyujo4k4b829crkotvr2fhz2kn88qqp4m": 0.05267156,
  "lskd7h7qgfzam3juqvfwnh98h26qmj99xdnts9dur": 0.56886008,
  "lskpbwgrq6pdop3sxkvr3v9757wekks2p8sbaw6dk": 0.0066,
  "lskumrdgca4a6p3ws2btjf6vyqwjmzctesghvcwen": 43.19137578,
  "lskc3du5erm5snzxcq5nnsm658qe5wk4y2wbz38qo": 4.1189808,
  "lskdm6dt4xmyvu6cnjoxk9ua5z26ssnamqz7ftqfo": 0.01053386
}
