{
  "lskf859xyn687gd7rvecbbrq2u7srcvtztwa9yc56": 190.64376913,
  "lskztxrxns7vrc6ufkmvermu5vhv49cocufk8ehxr": 7.23386986,
  "lsk8aa5t5kfkm8bgug6btdut2ekry4paoeognz4cg": 4.23652618,
  "lskd2pzojbngse68vngezmp5wgvrf23yjqjtdot7j": 0.26478153,
  "lskwwqc6pneqwxxd329kycxp8s7mbvx7u2rk9kv72": 0.01720923,
  "lskeznp4yudpkavth98ebmzw6jz6pym5hzpqgj8tp": 0.0105893,
  "lsk4hc83tf7r9q4czg69dj4xo442fsmwte7qerx2d": 10.59131898,
  "lsk3fw4ttb62k46xkommswj9wbd78kmfzzp78mohg": 9.28858565,
  "lskscse9jsp62sg2yw37t8n65bxswfodkto7vyja4": 0.32482186,
  "lskm7dquz6jepotwx4z4uyt2oswaaphdyz98nzy7c": 0.0105893,
  "lskxttp8vcvexx4h3wm5dkdguemha4zncz8p74j9q": 0.10591093,
  "lskhw729t89vkhuoe699462ejrpg5z5duxx8wrodn": 0.79434704,
  "lskmwegwjdhoo8two5yhubsro7zzo5ycx2fabqxcr": 0.19064184,
  "lskzeayrtw5basxrjad2trv6a9doftaw9j3wyqkqn": 0.26478153,
  "lskq7jrtxzjpsof24csvvhrc6f6hc84eqmj8w3euk": 0.63547642,
  "lsk5omwum4qt24du89cjprwkth9zxtau25rcakg5o": 2.4677755,
  "lsk58kg5pnauk9rakd2ht25avqv4a6dkzbs5ngbu2": 1.05912968,
  "lsk98hotayxrzbf8hhf85zd3jdb48v7cda668z7qz": 0.26478153,
  "lskxdbkaqmucdeh5gvwy4jeqmcwczqtm57jt8sg3q": 0.7731652,
  "lsku25nhr8g72hccqg5ovcqe7krtt8vudvnn2my6f": 1.16504267,
  "lsk278wvfc9w56ek4dcnahvvryug2ma7wp6k4ff78": 0.54015477,
  "lskb5mno76fheuvm53wj359kr5epz8eybhxophh8o": 0.45257246,
  "lskp6q5zjvxeogmqnrv29s82h8cm5rr293njqjxdh": 0.86845008,
  "lskottbwnvryko94rwvvppapjtoa5fge3466kpjfr": 5.29565862
}
