{
  "lskf859xyn687gd7rvecbbrq2u7srcvtztwa9yc56": 227.21598453,
  "lskztxrxns7vrc6ufkmvermu5vhv49cocufk8ehxr": 8.62158002,
  "lsk8aa5t5kfkm8bgug6btdut2ekry4paoeognz4cg": 5.04924184,
  "lskd2pzojbngse68vngezmp5wgvrf23yjqjtdot7j": 0.31557558,
  "lskwwqc6pneqwxxd329kycxp8s7mbvx7u2rk9kv72": 0.01261918,
  "lskeznp4yudpkavth98ebmzw6jz6pym5hzpqgj8tp": 0.01261918,
  "lsk4hc83tf7r9q4czg69dj4xo442fsmwte7qerx2d": 12.62310805,
  "lsk3fw4ttb62k46xkommswj9wbd78kmfzzp78mohg": 10.85587283,
  "lskscse9jsp62sg2yw37t8n65bxswfodkto7vyja4": 0.25246144,
  "lskhghrkypt5jc4aov3jhjdhf5p4egn8c6q9wd5gf": 1.06033688,
  "lskm7dquz6jepotwx4z4uyt2oswaaphdyz98nzy7c": 0.01261918,
  "lskxttp8vcvexx4h3wm5dkdguemha4zncz8p74j9q": 0.12622865,
  "lskhw729t89vkhuoe699462ejrpg5z5duxx8wrodn": 0.77000832,
  "lskmwegwjdhoo8two5yhubsro7zzo5ycx2fabqxcr": 0.10098099,
  "lskzeayrtw5basxrjad2trv6a9doftaw9j3wyqkqn": 0.31557558,
  "lskq7jrtxzjpsof24csvvhrc6f6hc84eqmj8w3euk": 0.75738461,
  "lsk5omwum4qt24du89cjprwkth9zxtau25rcakg5o": 1.89346412,
  "lsk58kg5pnauk9rakd2ht25avqv4a6dkzbs5ngbu2": 0.5049229,
  "lsk98hotayxrzbf8hhf85zd3jdb48v7cda668z7qz": 0.31557558,
  "lskxdbkaqmucdeh5gvwy4jeqmcwczqtm57jt8sg3q": 0.8721469,
  "lsku25nhr8g72hccqg5ovcqe7krtt8vudvnn2my6f": 1.31164104
}
