{
  "lskf859xyn687gd7rvecbbrq2u7srcvtztwa9yc56": 63.64460505,
  "lskztxrxns7vrc6ufkmvermu5vhv49cocufk8ehxr": 2.41495822,
  "lskwwqc6pneqwxxd329kycxp8s7mbvx7u2rk9kv72": 0.0070707,
  "lskeznp4yudpkavth98ebmzw6jz6pym5hzpqgj8tp": 0.00353535,
  "lsk4hc83tf7r9q4czg69dj4xo442fsmwte7qerx2d": 3.53581042,
  "lsk3fw4ttb62k46xkommswj9wbd78kmfzzp78mohg": 3.15040657,
  "lskscse9jsp62sg2yw37t8n65bxswfodkto7vyja4": 0.1661829,
  "lskm7dquz6jepotwx4z4uyt2oswaaphdyz98nzy7c": 0.00353535,
  "lskxttp8vcvexx4h3wm5dkdguemha4zncz8p74j9q": 0.0353574,
  "lskhw729t89vkhuoe699462ejrpg5z5duxx8wrodn": 0.26518462,
  "lskmwegwjdhoo8two5yhubsro7zzo5ycx2fabqxcr": 0.0636441,
  "lskzeayrtw5basxrjad2trv6a9doftaw9j3wyqkqn": 0.08839372,
  "lskq7jrtxzjpsof24csvvhrc6f6hc84eqmj8w3euk": 0.35358007,
  "lsk5omwum4qt24du89cjprwkth9zxtau25rcakg5o": 0.8238438,
  "lsk98hotayxrzbf8hhf85zd3jdb48v7cda668z7qz": 0.08839372,
  "lskxdbkaqmucdeh5gvwy4jeqmcwczqtm57jt8sg3q": 0.2581137,
  "lsku25nhr8g72hccqg5ovcqe7krtt8vudvnn2my6f": 0.3889392,
  "lsk278wvfc9w56ek4dcnahvvryug2ma7wp6k4ff78": 0.00353535,
  "lskb5mno76fheuvm53wj359kr5epz8eybhxophh8o": 0.17678917,
  "lskp6q5zjvxeogmqnrv29s82h8cm5rr293njqjxdh": 0.31822245,
  "lskottbwnvryko94rwvvppapjtoa5fge3466kpjfr": 1.7679051,
  "lskv2fmavyujo4k4b829crkotvr2fhz2kn88qqp4m": 0.0353574,
  "lsk9vqoookbbjphmbs29kv6za5tf66udpx6cboanw": 0.17678917,
  "lskd7h7qgfzam3juqvfwnh98h26qmj99xdnts9dur": 0.07071502,
  "lsk62evnyy8uw2vrs67mah72879otfnhddbqdt9um": 3.53581042,
  "lsk945efxyh5sdjhcebwomjkachoweptmuw875sjp": 0.89102347,
  "lsk2j9dsvzgark9ypzw2tzcn2vuyppattq54r9oss": 0.73544835,
  "lskpbwgrq6pdop3sxkvr3v9757wekks2p8sbaw6dk": 0.0066,
  "lskumrdgca4a6p3ws2btjf6vyqwjmzctesghvcwen": 14.4968265
}
