{
  "lskf859xyn687gd7rvecbbrq2u7srcvtztwa9yc56": 64.70741179,
  "lskztxrxns7vrc6ufkmvermu5vhv49cocufk8ehxr": 2.45528619,
  "lsk8aa5t5kfkm8bgug6btdut2ekry4paoeognz4cg": 1.43794154,
  "lskd2pzojbngse68vngezmp5wgvrf23yjqjtdot7j": 0.08987056,
  "lskwwqc6pneqwxxd329kycxp8s7mbvx7u2rk9kv72": 0.00359441,
  "lskeznp4yudpkavth98ebmzw6jz6pym5hzpqgj8tp": 0.00359441,
  "lsk4hc83tf7r9q4czg69dj4xo442fsmwte7qerx2d": 3.5948562,
  "lsk3fw4ttb62k46xkommswj9wbd78kmfzzp78mohg": 3.09157556,
  "lskscse9jsp62sg2yw37t8n65bxswfodkto7vyja4": 0.06648111,
  "lskhghrkypt5jc4aov3jhjdhf5p4egn8c6q9wd5gf": 0.27320866,
  "lskm7dquz6jepotwx4z4uyt2oswaaphdyz98nzy7c": 0.00359441,
  "lskxttp8vcvexx4h3wm5dkdguemha4zncz8p74j9q": 0.0359477,
  "lskhw729t89vkhuoe699462ejrpg5z5duxx8wrodn": 0.2192858,
  "lskmwegwjdhoo8two5yhubsro7zzo5ycx2fabqxcr": 0.02875853,
  "lskzeayrtw5basxrjad2trv6a9doftaw9j3wyqkqn": 0.08987056,
  "lskq7jrtxzjpsof24csvvhrc6f6hc84eqmj8w3euk": 0.21569123,
  "lsk5omwum4qt24du89cjprwkth9zxtau25rcakg5o": 0.53922834,
  "lsk58kg5pnauk9rakd2ht25avqv4a6dkzbs5ngbu2": 0.14379342
}
