{
  "lskf859xyn687gd7rvecbbrq2u7srcvtztwa9yc56": 239.16129514,
  "lskztxrxns7vrc6ufkmvermu5vhv49cocufk8ehxr": 9.07483945,
  "lsk8aa5t5kfkm8bgug6btdut2ekry4paoeognz4cg": 5.31469304,
  "lskd2pzojbngse68vngezmp5wgvrf23yjqjtdot7j": 0.33216614,
  "lskwwqc6pneqwxxd329kycxp8s7mbvx7u2rk9kv72": 0.01328324,
  "lskeznp4yudpkavth98ebmzw6jz6pym5hzpqgj8tp": 0.01328324,
  "lsk4hc83tf7r9q4czg69dj4xo442fsmwte7qerx2d": 13.28673721,
  "lsk3fw4ttb62k46xkommswj9wbd78kmfzzp78mohg": 11.42659209,
  "lskscse9jsp62sg2yw37t8n65bxswfodkto7vyja4": 0.28056725,
  "lskhghrkypt5jc4aov3jhjdhf5p4egn8c6q9wd5gf": 1.11608308,
  "lskm7dquz6jepotwx4z4uyt2oswaaphdyz98nzy7c": 0.01328324,
  "lskxttp8vcvexx4h3wm5dkdguemha4zncz8p74j9q": 0.13286504,
  "lskhw729t89vkhuoe699462ejrpg5z5duxx8wrodn": 0.81048897,
  "lskmwegwjdhoo8two5yhubsro7zzo5ycx2fabqxcr": 0.10629069,
  "lskzeayrtw5basxrjad2trv6a9doftaw9j3wyqkqn": 0.33216614,
  "lskq7jrtxzjpsof24csvvhrc6f6hc84eqmj8w3euk": 0.7972026,
  "lsk5omwum4qt24du89cjprwkth9zxtau25rcakg5o": 1.99300829,
  "lsk58kg5pnauk9rakd2ht25avqv4a6dkzbs5ngbu2": 0.53146768,
  "lsk98hotayxrzbf8hhf85zd3jdb48v7cda668z7qz": 0.33216614,
  "lskxdbkaqmucdeh5gvwy4jeqmcwczqtm57jt8sg3q": 0.96993024,
  "lsku25nhr8g72hccqg5ovcqe7krtt8vudvnn2my6f": 1.46153873
}
