{
  "lskf859xyn687gd7rvecbbrq2u7srcvtztwa9yc56": 203.35108826,
  "lskztxrxns7vrc6ufkmvermu5vhv49cocufk8ehxr": 7.71604159,
  "lsk3fw4ttb62k46xkommswj9wbd78kmfzzp78mohg": 10.06587643,
  "lskscse9jsp62sg2yw37t8n65bxswfodkto7vyja4": 0.62134573,
  "lskm7dquz6jepotwx4z4uyt2oswaaphdyz98nzy7c": 0.01129407,
  "lskxttp8vcvexx4h3wm5dkdguemha4zncz8p74j9q": 0.11297023,
  "lskhw729t89vkhuoe699462ejrpg5z5duxx8wrodn": 0.92637423,
  "lskmwegwjdhoo8two5yhubsro7zzo5ycx2fabqxcr": 0.20334737,
  "lsk98hotayxrzbf8hhf85zd3jdb48v7cda668z7qz": 0.28243008,
  "lskxdbkaqmucdeh5gvwy4jeqmcwczqtm57jt8sg3q": 0.82469807,
  "lsku25nhr8g72hccqg5ovcqe7krtt8vudvnn2my6f": 1.24269643,
  "lsk278wvfc9w56ek4dcnahvvryug2ma7wp6k4ff78": 0.01129407,
  "lskb5mno76fheuvm53wj359kr5epz8eybhxophh8o": 0.56486071,
  "lskp6q5zjvxeogmqnrv29s82h8cm5rr293njqjxdh": 0.79080595,
  "lskv2fmavyujo4k4b829crkotvr2fhz2kn88qqp4m": 0.11297023,
  "lskd7h7qgfzam3juqvfwnh98h26qmj99xdnts9dur": 0.44059128,
  "lsk945efxyh5sdjhcebwomjkachoweptmuw875sjp": 0.09928282,
  "lskpbwgrq6pdop3sxkvr3v9757wekks2p8sbaw6dk": 0.0066,
  "lskumrdgca4a6p3ws2btjf6vyqwjmzctesghvcwen": 46.31885675,
  "lskc3du5erm5snzxcq5nnsm658qe5wk4y2wbz38qo": 4.41723447,
  "lsk9xn7w5wzhg85xgng875h8cpajmf8kn9hpmd8cm": 0.22594506,
  "lskdm6dt4xmyvu6cnjoxk9ua5z26ssnamqz7ftqfo": 0.01129407,
  "lskj7nfmsfo5r9ytwxfubxqsudmcm5e7qz5ycet66": 5.64863683
}
