{
  "lskf859xyn687gd7rvecbbrq2u7srcvtztwa9yc56": 35.51785338,
  "lskztxrxns7vrc6ufkmvermu5vhv49cocufk8ehxr": 1.34770486,
  "lsk8aa5t5kfkm8bgug6btdut2ekry4paoeognz4cg": 0.78928504,
  "lskd2pzojbngse68vngezmp5wgvrf23yjqjtdot7j": 0.04933024,
  "lskwwqc6pneqwxxd329kycxp8s7mbvx7u2rk9kv72": 0.00197309,
  "lskeznp4yudpkavth98ebmzw6jz6pym5hzpqgj8tp": 0.00197309,
  "lsk4hc83tf7r9q4czg69dj4xo442fsmwte7qerx2d": 1.65094099,
  "lsk3fw4ttb62k46xkommswj9wbd78kmfzzp78mohg": 1.69696355,
  "lskscse9jsp62sg2yw37t8n65bxswfodkto7vyja4": 0.02565133,
  "lskhghrkypt5jc4aov3jhjdhf5p4egn8c6q9wd5gf": 0.09274072,
  "lskm7dquz6jepotwx4z4uyt2oswaaphdyz98nzy7c": 0.00197309,
  "lskxttp8vcvexx4h3wm5dkdguemha4zncz8p74j9q": 0.01973198,
  "lskhw729t89vkhuoe699462ejrpg5z5duxx8wrodn": 0.12036558,
  "lskmwegwjdhoo8two5yhubsro7zzo5ycx2fabqxcr": 0.01578531,
  "lskzeayrtw5basxrjad2trv6a9doftaw9j3wyqkqn": 0.04933024,
  "lskq7jrtxzjpsof24csvvhrc6f6hc84eqmj8w3euk": 0.11839249
}
