{
  "lskf859xyn687gd7rvecbbrq2u7srcvtztwa9yc56": 94.11917608,
  "lskztxrxns7vrc6ufkmvermu5vhv49cocufk8ehxr": 3.57129899,
  "lsk8aa5t5kfkm8bgug6btdut2ekry4paoeognz4cg": 2.09153583,
  "lskd2pzojbngse68vngezmp5wgvrf23yjqjtdot7j": 0.13071985,
  "lskwwqc6pneqwxxd329kycxp8s7mbvx7u2rk9kv72": 0.00522821,
  "lskeznp4yudpkavth98ebmzw6jz6pym5hzpqgj8tp": 0.00522821,
  "lsk4hc83tf7r9q4czg69dj4xo442fsmwte7qerx2d": 5.2288431,
  "lsk3fw4ttb62k46xkommswj9wbd78kmfzzp78mohg": 4.49680395,
  "lskscse9jsp62sg2yw37t8n65bxswfodkto7vyja4": 0.09752681,
  "lskhghrkypt5jc4aov3jhjdhf5p4egn8c6q9wd5gf": 0.39739146,
  "lskm7dquz6jepotwx4z4uyt2oswaaphdyz98nzy7c": 0.00522821,
  "lskxttp8vcvexx4h3wm5dkdguemha4zncz8p74j9q": 0.05228719,
  "lskhw729t89vkhuoe699462ejrpg5z5duxx8wrodn": 0.3189588,
  "lskmwegwjdhoo8two5yhubsro7zzo5ycx2fabqxcr": 0.04183033,
  "lskzeayrtw5basxrjad2trv6a9doftaw9j3wyqkqn": 0.13071985,
  "lskq7jrtxzjpsof24csvvhrc6f6hc84eqmj8w3euk": 0.31373043,
  "lsk5omwum4qt24du89cjprwkth9zxtau25rcakg5o": 0.78432634,
  "lsk58kg5pnauk9rakd2ht25avqv4a6dkzbs5ngbu2": 0.20915251
}
