{
  "lskf859xyn687gd7rvecbbrq2u7srcvtztwa9yc56": 54.62218583,
  "lskztxrxns7vrc6ufkmvermu5vhv49cocufk8ehxr": 2.07260788,
  "lskeznp4yudpkavth98ebmzw6jz6pym5hzpqgj8tp": 0.0030338,
  "lsk3fw4ttb62k46xkommswj9wbd78kmfzzp78mohg": 2.70379715,
  "lskscse9jsp62sg2yw37t8n65bxswfodkto7vyja4": 0.15779672,
  "lskm7dquz6jepotwx4z4uyt2oswaaphdyz98nzy7c": 0.0030338,
  "lskxttp8vcvexx4h3wm5dkdguemha4zncz8p74j9q": 0.03034496,
  "lskhw729t89vkhuoe699462ejrpg5z5duxx8wrodn": 0.22759173,
  "lskmwegwjdhoo8two5yhubsro7zzo5ycx2fabqxcr": 0.05462144,
  "lsk98hotayxrzbf8hhf85zd3jdb48v7cda668z7qz": 0.07586391,
  "lskxdbkaqmucdeh5gvwy4jeqmcwczqtm57jt8sg3q": 0.22152304,
  "lsku25nhr8g72hccqg5ovcqe7krtt8vudvnn2my6f": 0.33380211,
  "lsk278wvfc9w56ek4dcnahvvryug2ma7wp6k4ff78": 0.0030338,
  "lskb5mno76fheuvm53wj359kr5epz8eybhxophh8o": 0.15172782,
  "lskp6q5zjvxeogmqnrv29s82h8cm5rr293njqjxdh": 0.21241925,
  "lskv2fmavyujo4k4b829crkotvr2fhz2kn88qqp4m": 0.03034496,
  "lskd7h7qgfzam3juqvfwnh98h26qmj99xdnts9dur": 0.11834776,
  "lsk945efxyh5sdjhcebwomjkachoweptmuw875sjp": 0.76470951,
  "lskpbwgrq6pdop3sxkvr3v9757wekks2p8sbaw6dk": 0.0066,
  "lskumrdgca4a6p3ws2btjf6vyqwjmzctesghvcwen": 12.4417192,
  "lskc3du5erm5snzxcq5nnsm658qe5wk4y2wbz38qo": 1.23506826,
  "lsk9xn7w5wzhg85xgng875h8cpajmf8kn9hpmd8cm": 0.03641386
}
