{
  "lskf859xyn687gd7rvecbbrq2u7srcvtztwa9yc56": 120.46893942,
  "lskztxrxns7vrc6ufkmvermu5vhv49cocufk8ehxr": 4.57112507,
  "lsk8aa5t5kfkm8bgug6btdut2ekry4paoeognz4cg": 2.6770857,
  "lskd2pzojbngse68vngezmp5wgvrf23yjqjtdot7j": 0.16731612,
  "lskwwqc6pneqwxxd329kycxp8s7mbvx7u2rk9kv72": 0.00669192,
  "lskeznp4yudpkavth98ebmzw6jz6pym5hzpqgj8tp": 0.00669192,
  "lsk4hc83tf7r9q4czg69dj4xo442fsmwte7qerx2d": 5.01953745,
  "lsk3fw4ttb62k46xkommswj9wbd78kmfzzp78mohg": 5.75573647,
  "lskscse9jsp62sg2yw37t8n65bxswfodkto7vyja4": 0.08700422,
  "lskhghrkypt5jc4aov3jhjdhf5p4egn8c6q9wd5gf": 0.21123738,
  "lskm7dquz6jepotwx4z4uyt2oswaaphdyz98nzy7c": 0.00669192,
  "lskxttp8vcvexx4h3wm5dkdguemha4zncz8p74j9q": 0.06692638,
  "lskhw729t89vkhuoe699462ejrpg5z5duxx8wrodn": 0.40825547,
  "lskmwegwjdhoo8two5yhubsro7zzo5ycx2fabqxcr": 0.04015444,
  "lskzeayrtw5basxrjad2trv6a9doftaw9j3wyqkqn": 0.00658835
}
