{
  "lskf859xyn687gd7rvecbbrq2u7srcvtztwa9yc56": 69.75318736,
  "lskztxrxns7vrc6ufkmvermu5vhv49cocufk8ehxr": 2.6467455,
  "lsk8aa5t5kfkm8bgug6btdut2ekry4paoeognz4cg": 1.55006982,
  "lskd2pzojbngse68vngezmp5wgvrf23yjqjtdot7j": 0.09687846,
  "lskwwqc6pneqwxxd329kycxp8s7mbvx7u2rk9kv72": 0.0038743,
  "lskeznp4yudpkavth98ebmzw6jz6pym5hzpqgj8tp": 0.0038743,
  "lsk4hc83tf7r9q4czg69dj4xo442fsmwte7qerx2d": 3.87517648,
  "lsk3fw4ttb62k46xkommswj9wbd78kmfzzp78mohg": 3.39852952,
  "lskscse9jsp62sg2yw37t8n65bxswfodkto7vyja4": 0.0907896,
  "lskhghrkypt5jc4aov3jhjdhf5p4egn8c6q9wd5gf": 0.36039064,
  "lskm7dquz6jepotwx4z4uyt2oswaaphdyz98nzy7c": 0.0038743,
  "lskxttp8vcvexx4h3wm5dkdguemha4zncz8p74j9q": 0.03875038,
  "lskhw729t89vkhuoe699462ejrpg5z5duxx8wrodn": 0.23638528,
  "lskmwegwjdhoo8two5yhubsro7zzo5ycx2fabqxcr": 0.06975238,
  "lskzeayrtw5basxrjad2trv6a9doftaw9j3wyqkqn": 0.09687846,
  "lskq7jrtxzjpsof24csvvhrc6f6hc84eqmj8w3euk": 0.23250958,
  "lsk5omwum4qt24du89cjprwkth9zxtau25rcakg5o": 0.58127542,
  "lsk58kg5pnauk9rakd2ht25avqv4a6dkzbs5ngbu2": 0.1550059,
  "lsk98hotayxrzbf8hhf85zd3jdb48v7cda668z7qz": 0.09687846,
  "lskxdbkaqmucdeh5gvwy4jeqmcwczqtm57jt8sg3q": 0.28288776,
  "lsku25nhr8g72hccqg5ovcqe7krtt8vudvnn2my6f": 0.42626872
}
