{
  "lskf859xyn687gd7rvecbbrq2u7srcvtztwa9yc56": 145.41201534,
  "lskztxrxns7vrc6ufkmvermu5vhv49cocufk8ehxr": 5.51757626,
  "lskeznp4yudpkavth98ebmzw6jz6pym5hzpqgj8tp": 0.00807658,
  "lsk3fw4ttb62k46xkommswj9wbd78kmfzzp78mohg": 7.19789267,
  "lskscse9jsp62sg2yw37t8n65bxswfodkto7vyja4": 0.42007704,
  "lskm7dquz6jepotwx4z4uyt2oswaaphdyz98nzy7c": 0.00807658,
  "lskxttp8vcvexx4h3wm5dkdguemha4zncz8p74j9q": 0.08078283,
  "lskhw729t89vkhuoe699462ejrpg5z5duxx8wrodn": 0.60588174,
  "lskmwegwjdhoo8two5yhubsro7zzo5ycx2fabqxcr": 0.14540981,
  "lsk98hotayxrzbf8hhf85zd3jdb48v7cda668z7qz": 0.20196058,
  "lskxdbkaqmucdeh5gvwy4jeqmcwczqtm57jt8sg3q": 0.58972549,
  "lsku25nhr8g72hccqg5ovcqe7krtt8vudvnn2my6f": 0.88862827,
  "lsk278wvfc9w56ek4dcnahvvryug2ma7wp6k4ff78": 0.00807658,
  "lskb5mno76fheuvm53wj359kr5epz8eybhxophh8o": 0.40392116,
  "lskp6q5zjvxeogmqnrv29s82h8cm5rr293njqjxdh": 0.56548994,
  "lskv2fmavyujo4k4b829crkotvr2fhz2kn88qqp4m": 0.08078283,
  "lskd7h7qgfzam3juqvfwnh98h26qmj99xdnts9dur": 0.31505826,
  "lsk945efxyh5sdjhcebwomjkachoweptmuw875sjp": 2.03576557,
  "lskpbwgrq6pdop3sxkvr3v9757wekks2p8sbaw6dk": 0.0066,
  "lskumrdgca4a6p3ws2btjf6vyqwjmzctesghvcwen": 33.12162366,
  "lskc3du5erm5snzxcq5nnsm658qe5wk4y2wbz38qo": 3.28792669,
  "lsk9xn7w5wzhg85xgng875h8cpajmf8kn9hpmd8cm": 0.10521772
}
