{
  "lskf859xyn687gd7rvecbbrq2u7srcvtztwa9yc56": 56.23655032,
  "lskztxrxns7vrc6ufkmvermu5vhv49cocufk8ehxr": 2.13386422,
  "lsk8aa5t5kfkm8bgug6btdut2ekry4paoeognz4cg": 1.24970006,
  "lskd2pzojbngse68vngezmp5wgvrf23yjqjtdot7j": 0.07810615,
  "lskwwqc6pneqwxxd329kycxp8s7mbvx7u2rk9kv72": 0.00312351,
  "lskeznp4yudpkavth98ebmzw6jz6pym5hzpqgj8tp": 0.00312351,
  "lsk4hc83tf7r9q4czg69dj4xo442fsmwte7qerx2d": 3.12425201,
  "lsk3fw4ttb62k46xkommswj9wbd78kmfzzp78mohg": 2.73996918,
  "lskscse9jsp62sg2yw37t8n65bxswfodkto7vyja4": 0.09372711,
  "lskm7dquz6jepotwx4z4uyt2oswaaphdyz98nzy7c": 0.00312351,
  "lskxttp8vcvexx4h3wm5dkdguemha4zncz8p74j9q": 0.03124191,
  "lskhw729t89vkhuoe699462ejrpg5z5duxx8wrodn": 0.23431847,
  "lskmwegwjdhoo8two5yhubsro7zzo5ycx2fabqxcr": 0.05623586,
  "lskzeayrtw5basxrjad2trv6a9doftaw9j3wyqkqn": 0.07810615,
  "lskq7jrtxzjpsof24csvvhrc6f6hc84eqmj8w3euk": 0.18745437,
  "lsk5omwum4qt24du89cjprwkth9zxtau25rcakg5o": 0.72795061,
  "lsk58kg5pnauk9rakd2ht25avqv4a6dkzbs5ngbu2": 0.31242463,
  "lsk98hotayxrzbf8hhf85zd3jdb48v7cda668z7qz": 0.07810615,
  "lskxdbkaqmucdeh5gvwy4jeqmcwczqtm57jt8sg3q": 0.22807036,
  "lsku25nhr8g72hccqg5ovcqe7krtt8vudvnn2my6f": 0.34366669,
  "lsk278wvfc9w56ek4dcnahvvryug2ma7wp6k4ff78": 0.15933583,
  "lskb5mno76fheuvm53wj359kr5epz8eybhxophh8o": 0.07922073,
  "lskp6q5zjvxeogmqnrv29s82h8cm5rr293njqjxdh": 0.25618768,
  "lskottbwnvryko94rwvvppapjtoa5fge3466kpjfr": 1.56212593
}
