{
  "lskf859xyn687gd7rvecbbrq2u7srcvtztwa9yc56": 73.200488,
  "lskztxrxns7vrc6ufkmvermu5vhv49cocufk8ehxr": 2.77755026,
  "lsk3fw4ttb62k46xkommswj9wbd78kmfzzp78mohg": 3.721024,
  "lskscse9jsp62sg2yw37t8n65bxswfodkto7vyja4": 0.353802,
  "lskm7dquz6jepotwx4z4uyt2oswaaphdyz98nzy7c": 0.004066,
  "lskxttp8vcvexx4h3wm5dkdguemha4zncz8p74j9q": 0.04473226,
  "lskmwegwjdhoo8two5yhubsro7zzo5ycx2fabqxcr": 0.0732,
  "lsk98hotayxrzbf8hhf85zd3jdb48v7cda668z7qz": 0.10166626,
  "lskxdbkaqmucdeh5gvwy4jeqmcwczqtm57jt8sg3q": 0.296868,
  "lsku25nhr8g72hccqg5ovcqe7krtt8vudvnn2my6f": 0.447336,
  "lsk278wvfc9w56ek4dcnahvvryug2ma7wp6k4ff78": 0.004066,
  "lskb5mno76fheuvm53wj359kr5epz8eybhxophh8o": 0.203334,
  "lskp6q5zjvxeogmqnrv29s82h8cm5rr293njqjxdh": 0.284668,
  "lskd7h7qgfzam3juqvfwnh98h26qmj99xdnts9dur": 0.21960026,
  "lskpbwgrq6pdop3sxkvr3v9757wekks2p8sbaw6dk": 0.0066,
  "lskumrdgca4a6p3ws2btjf6vyqwjmzctesghvcwen": 16.673444,
  "lskc3du5erm5snzxcq5nnsm658qe5wk4y2wbz38qo": 1.59007626,
  "lskdm6dt4xmyvu6cnjoxk9ua5z26ssnamqz7ftqfo": 0.004066
}
