{
  "lskf859xyn687gd7rvecbbrq2u7srcvtztwa9yc56": 229.61921845,
  "lskztxrxns7vrc6ufkmvermu5vhv49cocufk8ehxr": 8.71277091,
  "lsk8aa5t5kfkm8bgug6btdut2ekry4paoeognz4cg": 5.10264676,
  "lskd2pzojbngse68vngezmp5wgvrf23yjqjtdot7j": 0.31891437,
  "lskwwqc6pneqwxxd329kycxp8s7mbvx7u2rk9kv72": 0.01275552,
  "lskeznp4yudpkavth98ebmzw6jz6pym5hzpqgj8tp": 0.01275552,
  "lsk4hc83tf7r9q4czg69dj4xo442fsmwte7qerx2d": 12.7566205,
  "lsk3fw4ttb62k46xkommswj9wbd78kmfzzp78mohg": 11.18755688,
  "lskscse9jsp62sg2yw37t8n65bxswfodkto7vyja4": 0.36300061,
  "lskhghrkypt5jc4aov3jhjdhf5p4egn8c6q9wd5gf": 0.24220065,
  "lskm7dquz6jepotwx4z4uyt2oswaaphdyz98nzy7c": 0.01275552,
  "lskxttp8vcvexx4h3wm5dkdguemha4zncz8p74j9q": 0.12756376,
  "lskhw729t89vkhuoe699462ejrpg5z5duxx8wrodn": 0.77815195,
  "lskmwegwjdhoo8two5yhubsro7zzo5ycx2fabqxcr": 0.22961672,
  "lskzeayrtw5basxrjad2trv6a9doftaw9j3wyqkqn": 0.31891437,
  "lskq7jrtxzjpsof24csvvhrc6f6hc84eqmj8w3euk": 0.76539406,
  "lsk5omwum4qt24du89cjprwkth9zxtau25rcakg5o": 2.97229133,
  "lsk58kg5pnauk9rakd2ht25avqv4a6dkzbs5ngbu2": 1.2756604,
  "lsk98hotayxrzbf8hhf85zd3jdb48v7cda668z7qz": 0.31891437,
  "lskxdbkaqmucdeh5gvwy4jeqmcwczqtm57jt8sg3q": 0.93123153,
  "lsku25nhr8g72hccqg5ovcqe7krtt8vudvnn2my6f": 1.40322612,
  "lsk278wvfc9w56ek4dcnahvvryug2ma7wp6k4ff78": 0.65058578,
  "lskb5mno76fheuvm53wj359kr5epz8eybhxophh8o": 0.15697072,
  "lskp6q5zjvxeogmqnrv29s82h8cm5rr293njqjxdh": 0.73023867
}
