{
  "lskf859xyn687gd7rvecbbrq2u7srcvtztwa9yc56": 202.18630314,
  "lskztxrxns7vrc6ufkmvermu5vhv49cocufk8ehxr": 7.67184251,
  "lskeznp4yudpkavth98ebmzw6jz6pym5hzpqgj8tp": 0.01112986,
  "lsk3fw4ttb62k46xkommswj9wbd78kmfzzp78mohg": 10.00821736,
  "lskscse9jsp62sg2yw37t8n65bxswfodkto7vyja4": 0.61779024,
  "lskm7dquz6jepotwx4z4uyt2oswaaphdyz98nzy7c": 0.01123031,
  "lskxttp8vcvexx4h3wm5dkdguemha4zncz8p74j9q": 0.11232547,
  "lskhw729t89vkhuoe699462ejrpg5z5duxx8wrodn": 0.9210702,
  "lskmwegwjdhoo8two5yhubsro7zzo5ycx2fabqxcr": 0.20218477,
  "lsk98hotayxrzbf8hhf85zd3jdb48v7cda668z7qz": 0.28081375,
  "lskxdbkaqmucdeh5gvwy4jeqmcwczqtm57jt8sg3q": 0.81997504,
  "lsku25nhr8g72hccqg5ovcqe7krtt8vudvnn2my6f": 1.23558051,
  "lsk278wvfc9w56ek4dcnahvvryug2ma7wp6k4ff78": 0.01123031,
  "lskb5mno76fheuvm53wj359kr5epz8eybhxophh8o": 0.5616275,
  "lskp6q5zjvxeogmqnrv29s82h8cm5rr293njqjxdh": 0.78627848,
  "lskv2fmavyujo4k4b829crkotvr2fhz2kn88qqp4m": 0.11232547,
  "lskd7h7qgfzam3juqvfwnh98h26qmj99xdnts9dur": 0.43806683,
  "lsk945efxyh5sdjhcebwomjkachoweptmuw875sjp": 2.83060449,
  "lskpbwgrq6pdop3sxkvr3v9757wekks2p8sbaw6dk": 0.0066,
  "lskumrdgca4a6p3ws2btjf6vyqwjmzctesghvcwen": 46.0535446,
  "lskc3du5erm5snzxcq5nnsm658qe5wk4y2wbz38qo": 4.39193118,
  "lsk9xn7w5wzhg85xgng875h8cpajmf8kn9hpmd8cm": 0.22465098,
  "lskdm6dt4xmyvu6cnjoxk9ua5z26ssnamqz7ftqfo": 0.01123031
}
