{
  "lskf859xyn687gd7rvecbbrq2u7srcvtztwa9yc56": 132.97492874,
  "lskztxrxns7vrc6ufkmvermu5vhv49cocufk8ehxr": 5.04565787,
  "lsk8aa5t5kfkm8bgug6btdut2ekry4paoeognz4cg": 2.95499647,
  "lskd2pzojbngse68vngezmp5wgvrf23yjqjtdot7j": 0.18468541,
  "lskwwqc6pneqwxxd329kycxp8s7mbvx7u2rk9kv72": 0.0073865,
  "lskeznp4yudpkavth98ebmzw6jz6pym5hzpqgj8tp": 0.0073865,
  "lsk4hc83tf7r9q4czg69dj4xo442fsmwte7qerx2d": 5.54062021,
  "lsk3fw4ttb62k46xkommswj9wbd78kmfzzp78mohg": 6.35324467,
  "lskscse9jsp62sg2yw37t8n65bxswfodkto7vyja4": 0.09603627,
  "lskhghrkypt5jc4aov3jhjdhf5p4egn8c6q9wd5gf": 0.23485965,
  "lskm7dquz6jepotwx4z4uyt2oswaaphdyz98nzy7c": 0.0073865,
  "lskxttp8vcvexx4h3wm5dkdguemha4zncz8p74j9q": 0.07387394,
  "lskhw729t89vkhuoe699462ejrpg5z5duxx8wrodn": 0.45063668,
  "lskmwegwjdhoo8two5yhubsro7zzo5ycx2fabqxcr": 0.04432293,
  "lskzeayrtw5basxrjad2trv6a9doftaw9j3wyqkqn": 0.02395764
}
