{
  "lskf859xyn687gd7rvecbbrq2u7srcvtztwa9yc56": 82.255799,
  "lskztxrxns7vrc6ufkmvermu5vhv49cocufk8ehxr": 3.12114962,
  "lskwwqc6pneqwxxd329kycxp8s7mbvx7u2rk9kv72": 0.00913776,
  "lskeznp4yudpkavth98ebmzw6jz6pym5hzpqgj8tp": 0.00456876,
  "lsk4hc83tf7r9q4czg69dj4xo442fsmwte7qerx2d": 4.56976474,
  "lsk3fw4ttb62k46xkommswj9wbd78kmfzzp78mohg": 4.0716607,
  "lskscse9jsp62sg2yw37t8n65bxswfodkto7vyja4": 0.20346296,
  "lskm7dquz6jepotwx4z4uyt2oswaaphdyz98nzy7c": 0.00456876,
  "lskxttp8vcvexx4h3wm5dkdguemha4zncz8p74j9q": 0.0456968,
  "lskhw729t89vkhuoe699462ejrpg5z5duxx8wrodn": 0.3427313,
  "lskmwegwjdhoo8two5yhubsro7zzo5ycx2fabqxcr": 0.08225424,
  "lskzeayrtw5basxrjad2trv6a9doftaw9j3wyqkqn": 0.11424226,
  "lskq7jrtxzjpsof24csvvhrc6f6hc84eqmj8w3euk": 0.45697558,
  "lsk5omwum4qt24du89cjprwkth9zxtau25rcakg5o": 1.06475536,
  "lsk98hotayxrzbf8hhf85zd3jdb48v7cda668z7qz": 0.11424226,
  "lskxdbkaqmucdeh5gvwy4jeqmcwczqtm57jt8sg3q": 0.33359168,
  "lsku25nhr8g72hccqg5ovcqe7krtt8vudvnn2my6f": 0.50267304,
  "lsk278wvfc9w56ek4dcnahvvryug2ma7wp6k4ff78": 0.00456876,
  "lskb5mno76fheuvm53wj359kr5epz8eybhxophh8o": 0.22848678,
  "lskp6q5zjvxeogmqnrv29s82h8cm5rr293njqjxdh": 0.41127876,
  "lskottbwnvryko94rwvvppapjtoa5fge3466kpjfr": 2.28488144,
  "lskv2fmavyujo4k4b829crkotvr2fhz2kn88qqp4m": 0.0456968,
  "lsk9vqoookbbjphmbs29kv6za5tf66udpx6cboanw": 0.22848678,
  "lskd7h7qgfzam3juqvfwnh98h26qmj99xdnts9dur": 0.09139386,
  "lsk62evnyy8uw2vrs67mah72879otfnhddbqdt9um": 4.56976474,
  "lsk945efxyh5sdjhcebwomjkachoweptmuw875sjp": 1.15158022,
  "lsk2j9dsvzgark9ypzw2tzcn2vuyppattq54r9oss": 0.95051084,
  "lskpbwgrq6pdop3sxkvr3v9757wekks2p8sbaw6dk": 0.0066,
  "lskumrdgca4a6p3ws2btjf6vyqwjmzctesghvcwen": 18.73604312
}
