{
  "lskf859xyn687gd7rvecbbrq2u7srcvtztwa9yc56": 83.71644796,
  "lskztxrxns7vrc6ufkmvermu5vhv49cocufk8ehxr": 3.17657325,
  "lsk8aa5t5kfkm8bgug6btdut2ekry4paoeognz4cg": 0.06393177,
  "lskwwqc6pneqwxxd329kycxp8s7mbvx7u2rk9kv72": 0.00930108,
  "lskeznp4yudpkavth98ebmzw6jz6pym5hzpqgj8tp": 0.00465002,
  "lsk4hc83tf7r9q4czg69dj4xo442fsmwte7qerx2d": 4.65091303,
  "lsk3fw4ttb62k46xkommswj9wbd78kmfzzp78mohg": 4.11818492,
  "lskscse9jsp62sg2yw37t8n65bxswfodkto7vyja4": 0.18603515,
  "lskm7dquz6jepotwx4z4uyt2oswaaphdyz98nzy7c": 0.00465002,
  "lskxttp8vcvexx4h3wm5dkdguemha4zncz8p74j9q": 0.04650745,
  "lskhw729t89vkhuoe699462ejrpg5z5duxx8wrodn": 0.34881778,
  "lskmwegwjdhoo8two5yhubsro7zzo5ycx2fabqxcr": 0.0837157,
  "lskzeayrtw5basxrjad2trv6a9doftaw9j3wyqkqn": 0.11627178,
  "lskq7jrtxzjpsof24csvvhrc6f6hc84eqmj8w3euk": 0.46509004,
  "lsk5omwum4qt24du89cjprwkth9zxtau25rcakg5o": 1.08366212,
  "lsk58kg5pnauk9rakd2ht25avqv4a6dkzbs5ngbu2": 0.22931017,
  "lsk98hotayxrzbf8hhf85zd3jdb48v7cda668z7qz": 0.11627178,
  "lskxdbkaqmucdeh5gvwy4jeqmcwczqtm57jt8sg3q": 0.33951547,
  "lsku25nhr8g72hccqg5ovcqe7krtt8vudvnn2my6f": 0.51159945,
  "lsk278wvfc9w56ek4dcnahvvryug2ma7wp6k4ff78": 0.00465002,
  "lskb5mno76fheuvm53wj359kr5epz8eybhxophh8o": 0.23254404,
  "lskp6q5zjvxeogmqnrv29s82h8cm5rr293njqjxdh": 0.41858116,
  "lskottbwnvryko94rwvvppapjtoa5fge3466kpjfr": 2.32545583,
  "lskv2fmavyujo4k4b829crkotvr2fhz2kn88qqp4m": 0.04650745,
  "lskxf4p79sfxy3uop2tx2rysstt8qewqecch5xwd8": 0.01614276,
  "lsk9vqoookbbjphmbs29kv6za5tf66udpx6cboanw": 0.23254404,
  "lskd7h7qgfzam3juqvfwnh98h26qmj99xdnts9dur": 0.09301686,
  "lsk62evnyy8uw2vrs67mah72879otfnhddbqdt9um": 4.65091303,
  "lsk945efxyh5sdjhcebwomjkachoweptmuw875sjp": 1.17202913,
  "lsk2j9dsvzgark9ypzw2tzcn2vuyppattq54r9oss": 0.96738815,
  "lskpbwgrq6pdop3sxkvr3v9757wekks2p8sbaw6dk": 0.0066,
  "lskumrdgca4a6p3ws2btjf6vyqwjmzctesghvcwen": 19.06874526
}
