{
  "lskf859xyn687gd7rvecbbrq2u7srcvtztwa9yc56": 128.88199466,
  "lskztxrxns7vrc6ufkmvermu5vhv49cocufk8ehxr": 4.89035437,
  "lsk8aa5t5kfkm8bgug6btdut2ekry4paoeognz4cg": 2.86404262,
  "lskd2pzojbngse68vngezmp5wgvrf23yjqjtdot7j": 0.17900166,
  "lskwwqc6pneqwxxd329kycxp8s7mbvx7u2rk9kv72": 0.01034787,
  "lskeznp4yudpkavth98ebmzw6jz6pym5hzpqgj8tp": 0.00715911,
  "lsk4hc83tf7r9q4czg69dj4xo442fsmwte7qerx2d": 7.16010984,
  "lsk3fw4ttb62k46xkommswj9wbd78kmfzzp78mohg": 6.27941569,
  "lskscse9jsp62sg2yw37t8n65bxswfodkto7vyja4": 0.2148018,
  "lskm7dquz6jepotwx4z4uyt2oswaaphdyz98nzy7c": 0.00715911,
  "lskxttp8vcvexx4h3wm5dkdguemha4zncz8p74j9q": 0.07159965,
  "lskhw729t89vkhuoe699462ejrpg5z5duxx8wrodn": 0.53700705,
  "lskmwegwjdhoo8two5yhubsro7zzo5ycx2fabqxcr": 0.12888077,
  "lskzeayrtw5basxrjad2trv6a9doftaw9j3wyqkqn": 0.17900166,
  "lskq7jrtxzjpsof24csvvhrc6f6hc84eqmj8w3euk": 0.42960502,
  "lsk5omwum4qt24du89cjprwkth9zxtau25rcakg5o": 1.66830467,
  "lsk58kg5pnauk9rakd2ht25avqv4a6dkzbs5ngbu2": 0.71600931,
  "lsk98hotayxrzbf8hhf85zd3jdb48v7cda668z7qz": 0.17900166,
  "lskxdbkaqmucdeh5gvwy4jeqmcwczqtm57jt8sg3q": 0.5226875,
  "lsku25nhr8g72hccqg5ovcqe7krtt8vudvnn2my6f": 0.78761022,
  "lsk278wvfc9w56ek4dcnahvvryug2ma7wp6k4ff78": 0.36516353,
  "lskb5mno76fheuvm53wj359kr5epz8eybhxophh8o": 0.28101234,
  "lskp6q5zjvxeogmqnrv29s82h8cm5rr293njqjxdh": 0.5596423,
  "lskottbwnvryko94rwvvppapjtoa5fge3466kpjfr": 3.58005464
}
