{
  "lskf859xyn687gd7rvecbbrq2u7srcvtztwa9yc56": 164.28724232,
  "lskztxrxns7vrc6ufkmvermu5vhv49cocufk8ehxr": 6.23378667,
  "lsk8aa5t5kfkm8bgug6btdut2ekry4paoeognz4cg": 3.65082507,
  "lskd2pzojbngse68vngezmp5wgvrf23yjqjtdot7j": 0.22817459,
  "lskwwqc6pneqwxxd329kycxp8s7mbvx7u2rk9kv72": 0.00912599,
  "lskeznp4yudpkavth98ebmzw6jz6pym5hzpqgj8tp": 0.00912599,
  "lsk4hc83tf7r9q4czg69dj4xo442fsmwte7qerx2d": 9.12706899,
  "lsk3fw4ttb62k46xkommswj9wbd78kmfzzp78mohg": 7.8492774,
  "lskscse9jsp62sg2yw37t8n65bxswfodkto7vyja4": 0.17159298,
  "lskhghrkypt5jc4aov3jhjdhf5p4egn8c6q9wd5gf": 0.69365614,
  "lskm7dquz6jepotwx4z4uyt2oswaaphdyz98nzy7c": 0.00912599,
  "lskxttp8vcvexx4h3wm5dkdguemha4zncz8p74j9q": 0.09126855,
  "lskhw729t89vkhuoe699462ejrpg5z5duxx8wrodn": 0.5567501,
  "lskmwegwjdhoo8two5yhubsro7zzo5ycx2fabqxcr": 0.07301591,
  "lskzeayrtw5basxrjad2trv6a9doftaw9j3wyqkqn": 0.22817459,
  "lskq7jrtxzjpsof24csvvhrc6f6hc84eqmj8w3euk": 0.54762395,
  "lsk5omwum4qt24du89cjprwkth9zxtau25rcakg5o": 1.36906014,
  "lsk58kg5pnauk9rakd2ht25avqv4a6dkzbs5ngbu2": 0.36508063
}
