{
  "lskf859xyn687gd7rvecbbrq2u7srcvtztwa9yc56": 116.12506172,
  "lskztxrxns7vrc6ufkmvermu5vhv49cocufk8ehxr": 4.40629951,
  "lsk8aa5t5kfkm8bgug6btdut2ekry4paoeognz4cg": 2.58055586,
  "lskwwqc6pneqwxxd329kycxp8s7mbvx7u2rk9kv72": 0.01290154,
  "lskeznp4yudpkavth98ebmzw6jz6pym5hzpqgj8tp": 0.00644995,
  "lsk4hc83tf7r9q4czg69dj4xo442fsmwte7qerx2d": 6.45139145,
  "lsk3fw4ttb62k46xkommswj9wbd78kmfzzp78mohg": 5.65787006,
  "lskscse9jsp62sg2yw37t8n65bxswfodkto7vyja4": 0.25805452,
  "lskm7dquz6jepotwx4z4uyt2oswaaphdyz98nzy7c": 0.00644995,
  "lskxttp8vcvexx4h3wm5dkdguemha4zncz8p74j9q": 0.06451327,
  "lskhw729t89vkhuoe699462ejrpg5z5duxx8wrodn": 0.48385312,
  "lskmwegwjdhoo8two5yhubsro7zzo5ycx2fabqxcr": 0.11612327,
  "lskzeayrtw5basxrjad2trv6a9doftaw9j3wyqkqn": 0.16128355,
  "lskq7jrtxzjpsof24csvvhrc6f6hc84eqmj8w3euk": 0.55208078,
  "lsk5omwum4qt24du89cjprwkth9zxtau25rcakg5o": 1.5031727,
  "lsk58kg5pnauk9rakd2ht25avqv4a6dkzbs5ngbu2": 0.64513724,
  "lsk98hotayxrzbf8hhf85zd3jdb48v7cda668z7qz": 0.16128355,
  "lskxdbkaqmucdeh5gvwy4jeqmcwczqtm57jt8sg3q": 0.47094969,
  "lsku25nhr8g72hccqg5ovcqe7krtt8vudvnn2my6f": 0.70965274,
  "lsk278wvfc9w56ek4dcnahvvryug2ma7wp6k4ff78": 0.32901938,
  "lskb5mno76fheuvm53wj359kr5epz8eybhxophh8o": 0.32256779,
  "lskp6q5zjvxeogmqnrv29s82h8cm5rr293njqjxdh": 0.58062383,
  "lskottbwnvryko94rwvvppapjtoa5fge3466kpjfr": 3.22569472,
  "lskwdowv62mv5v96zu9gwo6pw8akxs5a994zh57hg": 0.20644346,
  "lskv2fmavyujo4k4b829crkotvr2fhz2kn88qqp4m": 0.06451327,
  "lskxf4p79sfxy3uop2tx2rysstt8qewqecch5xwd8": 0.6515893,
  "lsk9vqoookbbjphmbs29kv6za5tf66udpx6cboanw": 0.32256779,
  "lskd7h7qgfzam3juqvfwnh98h26qmj99xdnts9dur": 0.12902668,
  "lsk62evnyy8uw2vrs67mah72879otfnhddbqdt9um": 6.45139145,
  "lsk945efxyh5sdjhcebwomjkachoweptmuw875sjp": 1.05004245,
  "lsk9ybjgepsn8c6jo5bdpeuvdqrvexo2zsx8z3hhy": 0.29339445
}
