{
  "lskf859xyn687gd7rvecbbrq2u7srcvtztwa9yc56": 108.71249342,
  "lskztxrxns7vrc6ufkmvermu5vhv49cocufk8ehxr": 4.12503417,
  "lsk8aa5t5kfkm8bgug6btdut2ekry4paoeognz4cg": 2.41583219,
  "lskd2pzojbngse68vngezmp5wgvrf23yjqjtdot7j": 0.15098879,
  "lskwwqc6pneqwxxd329kycxp8s7mbvx7u2rk9kv72": 0.00603876,
  "lskeznp4yudpkavth98ebmzw6jz6pym5hzpqgj8tp": 0.00603876,
  "lsk4hc83tf7r9q4czg69dj4xo442fsmwte7qerx2d": 6.03958171,
  "lsk3fw4ttb62k46xkommswj9wbd78kmfzzp78mohg": 5.29671319,
  "lskscse9jsp62sg2yw37t8n65bxswfodkto7vyja4": 0.16306823,
  "lskhghrkypt5jc4aov3jhjdhf5p4egn8c6q9wd5gf": 0.24220065,
  "lskm7dquz6jepotwx4z4uyt2oswaaphdyz98nzy7c": 0.00603876,
  "lskxttp8vcvexx4h3wm5dkdguemha4zncz8p74j9q": 0.06039457,
  "lskhw729t89vkhuoe699462ejrpg5z5duxx8wrodn": 0.3684137,
  "lskmwegwjdhoo8two5yhubsro7zzo5ycx2fabqxcr": 0.10871162,
  "lskzeayrtw5basxrjad2trv6a9doftaw9j3wyqkqn": 0.15098879,
  "lskq7jrtxzjpsof24csvvhrc6f6hc84eqmj8w3euk": 0.36237332,
  "lsk5omwum4qt24du89cjprwkth9zxtau25rcakg5o": 1.40722191,
  "lsk58kg5pnauk9rakd2ht25avqv4a6dkzbs5ngbu2": 0.60395737,
  "lsk98hotayxrzbf8hhf85zd3jdb48v7cda668z7qz": 0.15098879,
  "lskxdbkaqmucdeh5gvwy4jeqmcwczqtm57jt8sg3q": 0.44088839,
  "lsku25nhr8g72hccqg5ovcqe7krtt8vudvnn2my6f": 0.66435336,
  "lsk278wvfc9w56ek4dcnahvvryug2ma7wp6k4ff78": 0.30801771,
  "lskb5mno76fheuvm53wj359kr5epz8eybhxophh8o": 0.03019711,
  "lskp6q5zjvxeogmqnrv29s82h8cm5rr293njqjxdh": 0.17944286
}
