{
  "lskf859xyn687gd7rvecbbrq2u7srcvtztwa9yc56": 176.87925312,
  "lskztxrxns7vrc6ufkmvermu5vhv49cocufk8ehxr": 6.71158207,
  "lskeznp4yudpkavth98ebmzw6jz6pym5hzpqgj8tp": 0.00982432,
  "lsk3fw4ttb62k46xkommswj9wbd78kmfzzp78mohg": 8.75551922,
  "lskscse9jsp62sg2yw37t8n65bxswfodkto7vyja4": 0.5245462,
  "lskm7dquz6jepotwx4z4uyt2oswaaphdyz98nzy7c": 0.00982432,
  "lskxttp8vcvexx4h3wm5dkdguemha4zncz8p74j9q": 0.09826494,
  "lskhw729t89vkhuoe699462ejrpg5z5duxx8wrodn": 0.80578066,
  "lskmwegwjdhoo8two5yhubsro7zzo5ycx2fabqxcr": 0.17687728,
  "lsk98hotayxrzbf8hhf85zd3jdb48v7cda668z7qz": 0.24566499,
  "lskxdbkaqmucdeh5gvwy4jeqmcwczqtm57jt8sg3q": 0.71734206,
  "lsku25nhr8g72hccqg5ovcqe7krtt8vudvnn2my6f": 1.08092754,
  "lsk278wvfc9w56ek4dcnahvvryug2ma7wp6k4ff78": 0.00982432,
  "lskb5mno76fheuvm53wj359kr5epz8eybhxophh8o": 0.49132998,
  "lskp6q5zjvxeogmqnrv29s82h8cm5rr293njqjxdh": 0.6878625,
  "lskv2fmavyujo4k4b829crkotvr2fhz2kn88qqp4m": 0.09826494,
  "lskd7h7qgfzam3juqvfwnh98h26qmj99xdnts9dur": 0.38323639,
  "lsk945efxyh5sdjhcebwomjkachoweptmuw875sjp": 2.47630601,
  "lskpbwgrq6pdop3sxkvr3v9757wekks2p8sbaw6dk": 0.0066,
  "lskumrdgca4a6p3ws2btjf6vyqwjmzctesghvcwen": 40.28916067,
  "lskc3du5erm5snzxcq5nnsm658qe5wk4y2wbz38qo": 3.842207,
  "lsk9xn7w5wzhg85xgng875h8cpajmf8kn9hpmd8cm": 0.19653019,
  "lskdm6dt4xmyvu6cnjoxk9ua5z26ssnamqz7ftqfo": 0.00982432
}
