{
  "lskf859xyn687gd7rvecbbrq2u7srcvtztwa9yc56": 114.4743372,
  "lskztxrxns7vrc6ufkmvermu5vhv49cocufk8ehxr": 4.34366408,
  "lsk8aa5t5kfkm8bgug6btdut2ekry4paoeognz4cg": 2.54387311,
  "lskd2pzojbngse68vngezmp5wgvrf23yjqjtdot7j": 0.15899133,
  "lskwwqc6pneqwxxd329kycxp8s7mbvx7u2rk9kv72": 0.0063588,
  "lskeznp4yudpkavth98ebmzw6jz6pym5hzpqgj8tp": 0.0063588,
  "lsk4hc83tf7r9q4czg69dj4xo442fsmwte7qerx2d": 6.35968404,
  "lsk3fw4ttb62k46xkommswj9wbd78kmfzzp78mohg": 5.57744301,
  "lskscse9jsp62sg2yw37t8n65bxswfodkto7vyja4": 0.17171099,
  "lskhghrkypt5jc4aov3jhjdhf5p4egn8c6q9wd5gf": 0.24220065,
  "lskm7dquz6jepotwx4z4uyt2oswaaphdyz98nzy7c": 0.0063588,
  "lskxttp8vcvexx4h3wm5dkdguemha4zncz8p74j9q": 0.06359553,
  "lskhw729t89vkhuoe699462ejrpg5z5duxx8wrodn": 0.38793992,
  "lskmwegwjdhoo8two5yhubsro7zzo5ycx2fabqxcr": 0.11447346,
  "lskzeayrtw5basxrjad2trv6a9doftaw9j3wyqkqn": 0.15899133,
  "lskq7jrtxzjpsof24csvvhrc6f6hc84eqmj8w3euk": 0.38157939,
  "lsk5omwum4qt24du89cjprwkth9zxtau25rcakg5o": 1.48180568,
  "lsk58kg5pnauk9rakd2ht25avqv4a6dkzbs5ngbu2": 0.63596756,
  "lsk98hotayxrzbf8hhf85zd3jdb48v7cda668z7qz": 0.15899133,
  "lskxdbkaqmucdeh5gvwy4jeqmcwczqtm57jt8sg3q": 0.46425582,
  "lsku25nhr8g72hccqg5ovcqe7krtt8vudvnn2my6f": 0.69956462,
  "lsk278wvfc9w56ek4dcnahvvryug2ma7wp6k4ff78": 0.32434286,
  "lskb5mno76fheuvm53wj359kr5epz8eybhxophh8o": 0.03179759,
  "lskp6q5zjvxeogmqnrv29s82h8cm5rr293njqjxdh": 0.20569121
}
