{
  "lskf859xyn687gd7rvecbbrq2u7srcvtztwa9yc56": 86.41344926,
  "lskztxrxns7vrc6ufkmvermu5vhv49cocufk8ehxr": 3.27890894,
  "lskeznp4yudpkavth98ebmzw6jz6pym5hzpqgj8tp": 0.00479942,
  "lsk3fw4ttb62k46xkommswj9wbd78kmfzzp78mohg": 4.27746459,
  "lskscse9jsp62sg2yw37t8n65bxswfodkto7vyja4": 0.24963829,
  "lskm7dquz6jepotwx4z4uyt2oswaaphdyz98nzy7c": 0.00479942,
  "lskxttp8vcvexx4h3wm5dkdguemha4zncz8p74j9q": 0.04800594,
  "lskhw729t89vkhuoe699462ejrpg5z5duxx8wrodn": 0.39366029,
  "lskmwegwjdhoo8two5yhubsro7zzo5ycx2fabqxcr": 0.08641294,
  "lsk98hotayxrzbf8hhf85zd3jdb48v7cda668z7qz": 0.12001674,
  "lskxdbkaqmucdeh5gvwy4jeqmcwczqtm57jt8sg3q": 0.35045347,
  "lsku25nhr8g72hccqg5ovcqe7krtt8vudvnn2my6f": 0.52808126,
  "lsk278wvfc9w56ek4dcnahvvryug2ma7wp6k4ff78": 0.00479942,
  "lskb5mno76fheuvm53wj359kr5epz8eybhxophh8o": 0.24003557,
  "lskp6q5zjvxeogmqnrv29s82h8cm5rr293njqjxdh": 0.33605133,
  "lskv2fmavyujo4k4b829crkotvr2fhz2kn88qqp4m": 0.04800594,
  "lskd7h7qgfzam3juqvfwnh98h26qmj99xdnts9dur": 0.18722812,
  "lsk945efxyh5sdjhcebwomjkachoweptmuw875sjp": 1.20978694,
  "lskpbwgrq6pdop3sxkvr3v9757wekks2p8sbaw6dk": 0.0066,
  "lskumrdgca4a6p3ws2btjf6vyqwjmzctesghvcwen": 19.68306243,
  "lskc3du5erm5snzxcq5nnsm658qe5wk4y2wbz38qo": 1.95390269,
  "lsk9xn7w5wzhg85xgng875h8cpajmf8kn9hpmd8cm": 0.07681032,
  "lskdm6dt4xmyvu6cnjoxk9ua5z26ssnamqz7ftqfo": 0.00459862
}
