{
  "lskf859xyn687gd7rvecbbrq2u7srcvtztwa9yc56": 173.80035074,
  "lskztxrxns7vrc6ufkmvermu5vhv49cocufk8ehxr": 6.59475586,
  "lsk8aa5t5kfkm8bgug6btdut2ekry4paoeognz4cg": 3.86222806,
  "lskd2pzojbngse68vngezmp5wgvrf23yjqjtdot7j": 0.24138795,
  "lskwwqc6pneqwxxd329kycxp8s7mbvx7u2rk9kv72": 0.01533808,
  "lskeznp4yudpkavth98ebmzw6jz6pym5hzpqgj8tp": 0.00965391,
  "lsk4hc83tf7r9q4czg69dj4xo442fsmwte7qerx2d": 9.65557368,
  "lsk3fw4ttb62k46xkommswj9wbd78kmfzzp78mohg": 8.4679371,
  "lskscse9jsp62sg2yw37t8n65bxswfodkto7vyja4": 0.29394257,
  "lskm7dquz6jepotwx4z4uyt2oswaaphdyz98nzy7c": 0.00965391,
  "lskxttp8vcvexx4h3wm5dkdguemha4zncz8p74j9q": 0.0965537,
  "lskhw729t89vkhuoe699462ejrpg5z5duxx8wrodn": 0.7241663,
  "lskmwegwjdhoo8two5yhubsro7zzo5ycx2fabqxcr": 0.17379858,
  "lskzeayrtw5basxrjad2trv6a9doftaw9j3wyqkqn": 0.24138795,
  "lskq7jrtxzjpsof24csvvhrc6f6hc84eqmj8w3euk": 0.57933203,
  "lsk5omwum4qt24du89cjprwkth9zxtau25rcakg5o": 2.24974715,
  "lsk58kg5pnauk9rakd2ht25avqv4a6dkzbs5ngbu2": 0.96555531,
  "lsk98hotayxrzbf8hhf85zd3jdb48v7cda668z7qz": 0.24138795,
  "lskxdbkaqmucdeh5gvwy4jeqmcwczqtm57jt8sg3q": 0.70485598,
  "lsku25nhr8g72hccqg5ovcqe7krtt8vudvnn2my6f": 1.06211075,
  "lsk278wvfc9w56ek4dcnahvvryug2ma7wp6k4ff78": 0.49243185,
  "lskb5mno76fheuvm53wj359kr5epz8eybhxophh8o": 0.4057853,
  "lskp6q5zjvxeogmqnrv29s82h8cm5rr293njqjxdh": 0.78423331,
  "lskottbwnvryko94rwvvppapjtoa5fge3466kpjfr": 4.82778613
}
