{
  "lskf859xyn687gd7rvecbbrq2u7srcvtztwa9yc56": 198.72506185,
  "lskztxrxns7vrc6ufkmvermu5vhv49cocufk8ehxr": 7.54051052,
  "lsk8aa5t5kfkm8bgug6btdut2ekry4paoeognz4cg": 4.41610981,
  "lskd2pzojbngse68vngezmp5wgvrf23yjqjtdot7j": 0.27600431,
  "lskwwqc6pneqwxxd329kycxp8s7mbvx7u2rk9kv72": 0.0110389,
  "lskeznp4yudpkavth98ebmzw6jz6pym5hzpqgj8tp": 0.0110389,
  "lsk4hc83tf7r9q4czg69dj4xo442fsmwte7qerx2d": 11.04028075,
  "lsk3fw4ttb62k46xkommswj9wbd78kmfzzp78mohg": 9.49463988,
  "lskscse9jsp62sg2yw37t8n65bxswfodkto7vyja4": 0.20976467,
  "lskhghrkypt5jc4aov3jhjdhf5p4egn8c6q9wd5gf": 0.85623384,
  "lskm7dquz6jepotwx4z4uyt2oswaaphdyz98nzy7c": 0.0110389,
  "lskxttp8vcvexx4h3wm5dkdguemha4zncz8p74j9q": 0.11040005,
  "lskhw729t89vkhuoe699462ejrpg5z5duxx8wrodn": 0.67345594,
  "lskmwegwjdhoo8two5yhubsro7zzo5ycx2fabqxcr": 0.08832158,
  "lskzeayrtw5basxrjad2trv6a9doftaw9j3wyqkqn": 0.27600431,
  "lskq7jrtxzjpsof24csvvhrc6f6hc84eqmj8w3euk": 0.6624162,
  "lsk5omwum4qt24du89cjprwkth9zxtau25rcakg5o": 1.65604168,
  "lsk58kg5pnauk9rakd2ht25avqv4a6dkzbs5ngbu2": 0.44160857
}
