{
  "lskf859xyn687gd7rvecbbrq2u7srcvtztwa9yc56": 211.22076367,
  "lskztxrxns7vrc6ufkmvermu5vhv49cocufk8ehxr": 8.0146514,
  "lskeznp4yudpkavth98ebmzw6jz6pym5hzpqgj8tp": 0.01173155,
  "lsk3fw4ttb62k46xkommswj9wbd78kmfzzp78mohg": 10.45542508,
  "lskscse9jsp62sg2yw37t8n65bxswfodkto7vyja4": 0.61019037,
  "lskm7dquz6jepotwx4z4uyt2oswaaphdyz98nzy7c": 0.01173155,
  "lskxttp8vcvexx4h3wm5dkdguemha4zncz8p74j9q": 0.11734248,
  "lskhw729t89vkhuoe699462ejrpg5z5duxx8wrodn": 0.90314508,
  "lskmwegwjdhoo8two5yhubsro7zzo5ycx2fabqxcr": 0.21121759,
  "lsk98hotayxrzbf8hhf85zd3jdb48v7cda668z7qz": 0.29336027,
  "lskxdbkaqmucdeh5gvwy4jeqmcwczqtm57jt8sg3q": 0.85661586,
  "lsku25nhr8g72hccqg5ovcqe7krtt8vudvnn2my6f": 1.2907921,
  "lsk278wvfc9w56ek4dcnahvvryug2ma7wp6k4ff78": 0.01173155,
  "lskb5mno76fheuvm53wj359kr5epz8eybhxophh8o": 0.58672195,
  "lskp6q5zjvxeogmqnrv29s82h8cm5rr293njqjxdh": 0.82141263,
  "lskv2fmavyujo4k4b829crkotvr2fhz2kn88qqp4m": 0.11734248,
  "lskd7h7qgfzam3juqvfwnh98h26qmj99xdnts9dur": 0.45764308,
  "lsk945efxyh5sdjhcebwomjkachoweptmuw875sjp": 2.95708787,
  "lskpbwgrq6pdop3sxkvr3v9757wekks2p8sbaw6dk": 0.0066,
  "lskumrdgca4a6p3ws2btjf6vyqwjmzctesghvcwen": 48.11139351,
  "lskc3du5erm5snzxcq5nnsm658qe5wk4y2wbz38qo": 4.77593481,
  "lsk9xn7w5wzhg85xgng875h8cpajmf8kn9hpmd8cm": 0.16371414
}
