{
  "lskf859xyn687gd7rvecbbrq2u7srcvtztwa9yc56": 46.27592928,
  "lskztxrxns7vrc6ufkmvermu5vhv49cocufk8ehxr": 1.75591357,
  "lsk8aa5t5kfkm8bgug6btdut2ekry4paoeognz4cg": 1.02835359,
  "lskd2pzojbngse68vngezmp5wgvrf23yjqjtdot7j": 0.06427173,
  "lskwwqc6pneqwxxd329kycxp8s7mbvx7u2rk9kv72": 0.00257013,
  "lskeznp4yudpkavth98ebmzw6jz6pym5hzpqgj8tp": 0.00257013,
  "lsk4hc83tf7r9q4czg69dj4xo442fsmwte7qerx2d": 2.57088445,
  "lsk3fw4ttb62k46xkommswj9wbd78kmfzzp78mohg": 2.21096068,
  "lskscse9jsp62sg2yw37t8n65bxswfodkto7vyja4": 0.05141749,
  "lskhghrkypt5jc4aov3jhjdhf5p4egn8c6q9wd5gf": 0.21595348,
  "lskm7dquz6jepotwx4z4uyt2oswaaphdyz98nzy7c": 0.00257013,
  "lskxttp8vcvexx4h3wm5dkdguemha4zncz8p74j9q": 0.0257083,
  "lskhw729t89vkhuoe699462ejrpg5z5duxx8wrodn": 0.15682362,
  "lskmwegwjdhoo8two5yhubsro7zzo5ycx2fabqxcr": 0.02056634,
  "lskzeayrtw5basxrjad2trv6a9doftaw9j3wyqkqn": 0.06427173,
  "lskq7jrtxzjpsof24csvvhrc6f6hc84eqmj8w3euk": 0.15425276,
  "lsk5omwum4qt24du89cjprwkth9zxtau25rcakg5o": 0.38563232,
  "lsk58kg5pnauk9rakd2ht25avqv4a6dkzbs5ngbu2": 0.102835,
  "lsk98hotayxrzbf8hhf85zd3jdb48v7cda668z7qz": 0.06427173,
  "lskxdbkaqmucdeh5gvwy4jeqmcwczqtm57jt8sg3q": 0.13833615,
  "lsku25nhr8g72hccqg5ovcqe7krtt8vudvnn2my6f": 0.20589714
}
