{
  "lskf859xyn687gd7rvecbbrq2u7srcvtztwa9yc56": 161.8165167,
  "lskztxrxns7vrc6ufkmvermu5vhv49cocufk8ehxr": 6.14003613,
  "lsk8aa5t5kfkm8bgug6btdut2ekry4paoeognz4cg": 3.5959207,
  "lskd2pzojbngse68vngezmp5wgvrf23yjqjtdot7j": 0.22474324,
  "lskwwqc6pneqwxxd329kycxp8s7mbvx7u2rk9kv72": 0.00898799,
  "lskeznp4yudpkavth98ebmzw6jz6pym5hzpqgj8tp": 0.00898799,
  "lsk4hc83tf7r9q4czg69dj4xo442fsmwte7qerx2d": 8.98980538,
  "lsk3fw4ttb62k46xkommswj9wbd78kmfzzp78mohg": 7.88405859,
  "lskscse9jsp62sg2yw37t8n65bxswfodkto7vyja4": 0.21354044,
  "lskhghrkypt5jc4aov3jhjdhf5p4egn8c6q9wd5gf": 0.83605079,
  "lskm7dquz6jepotwx4z4uyt2oswaaphdyz98nzy7c": 0.00898799,
  "lskxttp8vcvexx4h3wm5dkdguemha4zncz8p74j9q": 0.08989609,
  "lskhw729t89vkhuoe699462ejrpg5z5duxx8wrodn": 0.54837646,
  "lskmwegwjdhoo8two5yhubsro7zzo5ycx2fabqxcr": 0.16181468,
  "lskzeayrtw5basxrjad2trv6a9doftaw9j3wyqkqn": 0.22474324,
  "lskq7jrtxzjpsof24csvvhrc6f6hc84eqmj8w3euk": 0.5393867,
  "lsk5omwum4qt24du89cjprwkth9zxtau25rcakg5o": 1.73662216,
  "lsk58kg5pnauk9rakd2ht25avqv4a6dkzbs5ngbu2": 0.3595895,
  "lsk98hotayxrzbf8hhf85zd3jdb48v7cda668z7qz": 0.22474324,
  "lskxdbkaqmucdeh5gvwy4jeqmcwczqtm57jt8sg3q": 0.65625439,
  "lsku25nhr8g72hccqg5ovcqe7krtt8vudvnn2my6f": 0.98887723,
  "lsk278wvfc9w56ek4dcnahvvryug2ma7wp6k4ff78": 0.24202332
}
