{
  "lskf859xyn687gd7rvecbbrq2u7srcvtztwa9yc56": 466.06078236,
  "lskztxrxns7vrc6ufkmvermu5vhv49cocufk8ehxr": 17.68441411,
  "lsk8aa5t5kfkm8bgug6btdut2ekry4paoeognz4cg": 10.35690355,
  "lskd2pzojbngse68vngezmp5wgvrf23yjqjtdot7j": 0.28122448,
  "lskwwqc6pneqwxxd329kycxp8s7mbvx7u2rk9kv72": 0.05178319,
  "lskeznp4yudpkavth98ebmzw6jz6pym5hzpqgj8tp": 0.02588946,
  "lsk4hc83tf7r9q4czg69dj4xo442fsmwte7qerx2d": 25.89226295,
  "lsk3fw4ttb62k46xkommswj9wbd78kmfzzp78mohg": 22.70751645,
  "lskscse9jsp62sg2yw37t8n65bxswfodkto7vyja4": 0.87510931,
  "lskm7dquz6jepotwx4z4uyt2oswaaphdyz98nzy7c": 0.02588946,
  "lskxttp8vcvexx4h3wm5dkdguemha4zncz8p74j9q": 0.25892113,
  "lskhw729t89vkhuoe699462ejrpg5z5duxx8wrodn": 1.94191699,
  "lskmwegwjdhoo8two5yhubsro7zzo5ycx2fabqxcr": 0.46605843,
  "lskzeayrtw5basxrjad2trv6a9doftaw9j3wyqkqn": 0.64730459,
  "lskq7jrtxzjpsof24csvvhrc6f6hc84eqmj8w3euk": 1.55353374,
  "lsk5omwum4qt24du89cjprwkth9zxtau25rcakg5o": 6.03289389,
  "lsk58kg5pnauk9rakd2ht25avqv4a6dkzbs5ngbu2": 2.58922413,
  "lsk98hotayxrzbf8hhf85zd3jdb48v7cda668z7qz": 0.64730459,
  "lskxdbkaqmucdeh5gvwy4jeqmcwczqtm57jt8sg3q": 1.89013253,
  "lsku25nhr8g72hccqg5ovcqe7krtt8vudvnn2my6f": 2.84814633,
  "lsk278wvfc9w56ek4dcnahvvryug2ma7wp6k4ff78": 1.32050186,
  "lskb5mno76fheuvm53wj359kr5epz8eybhxophh8o": 1.29461133,
  "lskp6q5zjvxeogmqnrv29s82h8cm5rr293njqjxdh": 2.3303015,
  "lskottbwnvryko94rwvvppapjtoa5fge3466kpjfr": 12.94613035,
  "lskwdowv62mv5v96zu9gwo6pw8akxs5a994zh57hg": 0.82855138,
  "lskv2fmavyujo4k4b829crkotvr2fhz2kn88qqp4m": 0.16264625,
  "lskxf4p79sfxy3uop2tx2rysstt8qewqecch5xwd8": 2.60613083,
  "lsk9vqoookbbjphmbs29kv6za5tf66udpx6cboanw": 0.67674367
}
