{
  "lskf859xyn687gd7rvecbbrq2u7srcvtztwa9yc56": 140.17654855,
  "lskztxrxns7vrc6ufkmvermu5vhv49cocufk8ehxr": 5.31891862,
  "lsk8aa5t5kfkm8bgug6btdut2ekry4paoeognz4cg": 3.11503297,
  "lskd2pzojbngse68vngezmp5wgvrf23yjqjtdot7j": 0.19468828,
  "lskwwqc6pneqwxxd329kycxp8s7mbvx7u2rk9kv72": 0.00778514,
  "lskeznp4yudpkavth98ebmzw6jz6pym5hzpqgj8tp": 0.00778514,
  "lsk4hc83tf7r9q4czg69dj4xo442fsmwte7qerx2d": 7.78758473,
  "lsk3fw4ttb62k46xkommswj9wbd78kmfzzp78mohg": 6.69732275,
  "lskscse9jsp62sg2yw37t8n65bxswfodkto7vyja4": 0.15575129,
  "lskhghrkypt5jc4aov3jhjdhf5p4egn8c6q9wd5gf": 0.65415451,
  "lskm7dquz6jepotwx4z4uyt2oswaaphdyz98nzy7c": 0.00778514,
  "lskxttp8vcvexx4h3wm5dkdguemha4zncz8p74j9q": 0.07787439,
  "lskhw729t89vkhuoe699462ejrpg5z5duxx8wrodn": 0.47504194,
  "lskmwegwjdhoo8two5yhubsro7zzo5ycx2fabqxcr": 0.06229826,
  "lskzeayrtw5basxrjad2trv6a9doftaw9j3wyqkqn": 0.19468828,
  "lskq7jrtxzjpsof24csvvhrc6f6hc84eqmj8w3euk": 0.46725388,
  "lsk5omwum4qt24du89cjprwkth9zxtau25rcakg5o": 1.16813637,
  "lsk58kg5pnauk9rakd2ht25avqv4a6dkzbs5ngbu2": 0.31150258,
  "lsk98hotayxrzbf8hhf85zd3jdb48v7cda668z7qz": 0.19468828,
  "lskxdbkaqmucdeh5gvwy4jeqmcwczqtm57jt8sg3q": 0.56849247,
  "lsku25nhr8g72hccqg5ovcqe7krtt8vudvnn2my6f": 0.85663378
}
