{
  "lskf859xyn687gd7rvecbbrq2u7srcvtztwa9yc56": 49.3565074,
  "lskztxrxns7vrc6ufkmvermu5vhv49cocufk8ehxr": 1.87280437,
  "lsk8aa5t5kfkm8bgug6btdut2ekry4paoeognz4cg": 1.096811,
  "lskwwqc6pneqwxxd329kycxp8s7mbvx7u2rk9kv72": 0.00548341,
  "lskeznp4yudpkavth98ebmzw6jz6pym5hzpqgj8tp": 0.00274164,
  "lsk4hc83tf7r9q4czg69dj4xo442fsmwte7qerx2d": 2.74202812,
  "lsk3fw4ttb62k46xkommswj9wbd78kmfzzp78mohg": 2.40475817,
  "lskscse9jsp62sg2yw37t8n65bxswfodkto7vyja4": 0.09322829,
  "lskm7dquz6jepotwx4z4uyt2oswaaphdyz98nzy7c": 0.00274164,
  "lskxttp8vcvexx4h3wm5dkdguemha4zncz8p74j9q": 0.02742012,
  "lskhw729t89vkhuoe699462ejrpg5z5duxx8wrodn": 0.20565152,
  "lskmwegwjdhoo8two5yhubsro7zzo5ycx2fabqxcr": 0.04935585,
  "lskzeayrtw5basxrjad2trv6a9doftaw9j3wyqkqn": 0.06854981,
  "lskq7jrtxzjpsof24csvvhrc6f6hc84eqmj8w3euk": 0.16452085,
  "lsk5omwum4qt24du89cjprwkth9zxtau25rcakg5o": 0.63889153,
  "lsk58kg5pnauk9rakd2ht25avqv4a6dkzbs5ngbu2": 0.27420244,
  "lsk98hotayxrzbf8hhf85zd3jdb48v7cda668z7qz": 0.06854981,
  "lskxdbkaqmucdeh5gvwy4jeqmcwczqtm57jt8sg3q": 0.20016713,
  "lsku25nhr8g72hccqg5ovcqe7krtt8vudvnn2my6f": 0.30162256,
  "lsk278wvfc9w56ek4dcnahvvryug2ma7wp6k4ff78": 0.13984237,
  "lskb5mno76fheuvm53wj359kr5epz8eybhxophh8o": 0.13710073,
  "lskp6q5zjvxeogmqnrv29s82h8cm5rr293njqjxdh": 0.24678232,
  "lskottbwnvryko94rwvvppapjtoa5fge3466kpjfr": 1.37101357,
  "lskwdowv62mv5v96zu9gwo6pw8akxs5a994zh57hg": 0.08774488,
  "lskv2fmavyujo4k4b829crkotvr2fhz2kn88qqp4m": 0.02742012,
  "lskxf4p79sfxy3uop2tx2rysstt8qewqecch5xwd8": 0.27694421,
  "lsk9vqoookbbjphmbs29kv6za5tf66udpx6cboanw": 0.13710073
}
