{
  "lskf859xyn687gd7rvecbbrq2u7srcvtztwa9yc56": 180.66315557,
  "lskztxrxns7vrc6ufkmvermu5vhv49cocufk8ehxr": 6.85516019,
  "lsk8aa5t5kfkm8bgug6btdut2ekry4paoeognz4cg": 4.01473435,
  "lskwwqc6pneqwxxd329kycxp8s7mbvx7u2rk9kv72": 0.02007002,
  "lskeznp4yudpkavth98ebmzw6jz6pym5hzpqgj8tp": 0.01003288,
  "lsk4hc83tf7r9q4czg69dj4xo442fsmwte7qerx2d": 10.0368401,
  "lsk3fw4ttb62k46xkommswj9wbd78kmfzzp78mohg": 8.80230898,
  "lskscse9jsp62sg2yw37t8n65bxswfodkto7vyja4": 0.40147132,
  "lskm7dquz6jepotwx4z4uyt2oswaaphdyz98nzy7c": 0.01003288,
  "lskxttp8vcvexx4h3wm5dkdguemha4zncz8p74j9q": 0.1003662,
  "lskhw729t89vkhuoe699462ejrpg5z5duxx8wrodn": 0.75276235,
  "lskmwegwjdhoo8two5yhubsro7zzo5ycx2fabqxcr": 0.18066151,
  "lskzeayrtw5basxrjad2trv6a9doftaw9j3wyqkqn": 0.25092055,
  "lskq7jrtxzjpsof24csvvhrc6f6hc84eqmj8w3euk": 1.00368309,
  "lsk5omwum4qt24du89cjprwkth9zxtau25rcakg5o": 2.33858352,
  "lsk58kg5pnauk9rakd2ht25avqv4a6dkzbs5ngbu2": 1.00368309,
  "lsk98hotayxrzbf8hhf85zd3jdb48v7cda668z7qz": 0.25092055,
  "lskxdbkaqmucdeh5gvwy4jeqmcwczqtm57jt8sg3q": 0.73268824,
  "lsku25nhr8g72hccqg5ovcqe7krtt8vudvnn2my6f": 1.1040498,
  "lsk278wvfc9w56ek4dcnahvvryug2ma7wp6k4ff78": 0.51187834,
  "lskb5mno76fheuvm53wj359kr5epz8eybhxophh8o": 0.50184129,
  "lskp6q5zjvxeogmqnrv29s82h8cm5rr293njqjxdh": 0.90331358,
  "lskottbwnvryko94rwvvppapjtoa5fge3466kpjfr": 5.01841797,
  "lskwdowv62mv5v96zu9gwo6pw8akxs5a994zh57hg": 0.32117601,
  "lskv2fmavyujo4k4b829crkotvr2fhz2kn88qqp4m": 0.1003662,
  "lskxf4p79sfxy3uop2tx2rysstt8qewqecch5xwd8": 1.01372014,
  "lsk9vqoookbbjphmbs29kv6za5tf66udpx6cboanw": 0.50184129,
  "lskd7h7qgfzam3juqvfwnh98h26qmj99xdnts9dur": 0.2007356,
  "lsk62evnyy8uw2vrs67mah72879otfnhddbqdt9um": 10.0368401,
  "lsk945efxyh5sdjhcebwomjkachoweptmuw875sjp": 2.5292826,
  "lsk9ybjgepsn8c6jo5bdpeuvdqrvexo2zsx8z3hhy": 1.00368309,
  "lsk2j9dsvzgark9ypzw2tzcn2vuyppattq54r9oss": 1.82364877,
  "lskpbwgrq6pdop3sxkvr3v9757wekks2p8sbaw6dk": 0.0010725
}
