{
  "lskf859xyn687gd7rvecbbrq2u7srcvtztwa9yc56": 45.57877758,
  "lskztxrxns7vrc6ufkmvermu5vhv49cocufk8ehxr": 1.72946088,
  "lskeznp4yudpkavth98ebmzw6jz6pym5hzpqgj8tp": 0.00253153,
  "lsk3fw4ttb62k46xkommswj9wbd78kmfzzp78mohg": 2.25614863,
  "lskscse9jsp62sg2yw37t8n65bxswfodkto7vyja4": 0.13167145,
  "lskm7dquz6jepotwx4z4uyt2oswaaphdyz98nzy7c": 0.00253153,
  "lskxttp8vcvexx4h3wm5dkdguemha4zncz8p74j9q": 0.02532096,
  "lskhw729t89vkhuoe699462ejrpg5z5duxx8wrodn": 0.20763559,
  "lskmwegwjdhoo8two5yhubsro7zzo5ycx2fabqxcr": 0.04557817,
  "lsk98hotayxrzbf8hhf85zd3jdb48v7cda668z7qz": 0.06330366,
  "lskxdbkaqmucdeh5gvwy4jeqmcwczqtm57jt8sg3q": 0.18484704,
  "lsku25nhr8g72hccqg5ovcqe7krtt8vudvnn2my6f": 0.27853686,
  "lsk278wvfc9w56ek4dcnahvvryug2ma7wp6k4ff78": 0.00253153,
  "lskb5mno76fheuvm53wj359kr5epz8eybhxophh8o": 0.12660732,
  "lskp6q5zjvxeogmqnrv29s82h8cm5rr293njqjxdh": 0.1772505,
  "lskv2fmavyujo4k4b829crkotvr2fhz2kn88qqp4m": 0.02532096,
  "lskd7h7qgfzam3juqvfwnh98h26qmj99xdnts9dur": 0.09875376,
  "lsk945efxyh5sdjhcebwomjkachoweptmuw875sjp": 0.63810199,
  "lskpbwgrq6pdop3sxkvr3v9757wekks2p8sbaw6dk": 0.0066,
  "lskumrdgca4a6p3ws2btjf6vyqwjmzctesghvcwen": 10.38183193,
  "lskc3du5erm5snzxcq5nnsm658qe5wk4y2wbz38qo": 0.99007165,
  "lsk9xn7w5wzhg85xgng875h8cpajmf8kn9hpmd8cm": 0.05064211,
  "lskdm6dt4xmyvu6cnjoxk9ua5z26ssnamqz7ftqfo": 0.00253153
}
