{
  "lskf859xyn687gd7rvecbbrq2u7srcvtztwa9yc56": 31.61561884,
  "lskztxrxns7vrc6ufkmvermu5vhv49cocufk8ehxr": 1.19963666,
  "lsk8aa5t5kfkm8bgug6btdut2ekry4paoeognz4cg": 0.7025689,
  "lskwwqc6pneqwxxd329kycxp8s7mbvx7u2rk9kv72": 0.00351241,
  "lskeznp4yudpkavth98ebmzw6jz6pym5hzpqgj8tp": 0.00175584,
  "lsk4hc83tf7r9q4czg69dj4xo442fsmwte7qerx2d": 1.75642287,
  "lsk3fw4ttb62k46xkommswj9wbd78kmfzzp78mohg": 1.54038279,
  "lskscse9jsp62sg2yw37t8n65bxswfodkto7vyja4": 0.07025658,
  "lskm7dquz6jepotwx4z4uyt2oswaaphdyz98nzy7c": 0.00175584,
  "lskxttp8vcvexx4h3wm5dkdguemha4zncz8p74j9q": 0.01756393,
  "lskhw729t89vkhuoe699462ejrpg5z5duxx8wrodn": 0.13173164,
  "lskmwegwjdhoo8two5yhubsro7zzo5ycx2fabqxcr": 0.03161541,
  "lskzeayrtw5basxrjad2trv6a9doftaw9j3wyqkqn": 0.04391036,
  "lskq7jrtxzjpsof24csvvhrc6f6hc84eqmj8w3euk": 0.175642,
  "lsk5omwum4qt24du89cjprwkth9zxtau25rcakg5o": 0.40924644,
  "lsk58kg5pnauk9rakd2ht25avqv4a6dkzbs5ngbu2": 0.175642,
  "lsk98hotayxrzbf8hhf85zd3jdb48v7cda668z7qz": 0.04391036,
  "lskxdbkaqmucdeh5gvwy4jeqmcwczqtm57jt8sg3q": 0.12821876,
  "lsku25nhr8g72hccqg5ovcqe7krtt8vudvnn2my6f": 0.19320593,
  "lsk278wvfc9w56ek4dcnahvvryug2ma7wp6k4ff78": 0.08957729,
  "lskb5mno76fheuvm53wj359kr5epz8eybhxophh8o": 0.08782098,
  "lskp6q5zjvxeogmqnrv29s82h8cm5rr293njqjxdh": 0.15807764,
  "lskottbwnvryko94rwvvppapjtoa5fge3466kpjfr": 0.8782112,
  "lskwdowv62mv5v96zu9gwo6pw8akxs5a994zh57hg": 0.0562051,
  "lskv2fmavyujo4k4b829crkotvr2fhz2kn88qqp4m": 0.01756393,
  "lskxf4p79sfxy3uop2tx2rysstt8qewqecch5xwd8": 0.17739857,
  "lsk9vqoookbbjphmbs29kv6za5tf66udpx6cboanw": 0.08782098,
  "lskd7h7qgfzam3juqvfwnh98h26qmj99xdnts9dur": 0.03512829,
  "lsk62evnyy8uw2vrs67mah72879otfnhddbqdt9um": 1.75642287,
  "lsk945efxyh5sdjhcebwomjkachoweptmuw875sjp": 0.44261846,
  "lsk9ybjgepsn8c6jo5bdpeuvdqrvexo2zsx8z3hhy": 0.10521096,
  "lsk2j9dsvzgark9ypzw2tzcn2vuyppattq54r9oss": 0.36533582,
  "lskpbwgrq6pdop3sxkvr3v9757wekks2p8sbaw6dk": 0.0066
}
