{
  "lskf859xyn687gd7rvecbbrq2u7srcvtztwa9yc56": 41.91599255,
  "lskztxrxns7vrc6ufkmvermu5vhv49cocufk8ehxr": 1.59047855,
  "lskwwqc6pneqwxxd329kycxp8s7mbvx7u2rk9kv72": 0.00465658,
  "lskeznp4yudpkavth98ebmzw6jz6pym5hzpqgj8tp": 0.0023278,
  "lsk3fw4ttb62k46xkommswj9wbd78kmfzzp78mohg": 2.07484124,
  "lskscse9jsp62sg2yw37t8n65bxswfodkto7vyja4": 0.11410434,
  "lskm7dquz6jepotwx4z4uyt2oswaaphdyz98nzy7c": 0.0023278,
  "lskxttp8vcvexx4h3wm5dkdguemha4zncz8p74j9q": 0.02328609,
  "lskhw729t89vkhuoe699462ejrpg5z5duxx8wrodn": 0.17464945,
  "lskmwegwjdhoo8two5yhubsro7zzo5ycx2fabqxcr": 0.04191524,
  "lsk98hotayxrzbf8hhf85zd3jdb48v7cda668z7qz": 0.05821626,
  "lskxdbkaqmucdeh5gvwy4jeqmcwczqtm57jt8sg3q": 0.16999211,
  "lsku25nhr8g72hccqg5ovcqe7krtt8vudvnn2my6f": 0.2561524,
  "lsk278wvfc9w56ek4dcnahvvryug2ma7wp6k4ff78": 0.0023278,
  "lskb5mno76fheuvm53wj359kr5epz8eybhxophh8o": 0.11643312,
  "lskp6q5zjvxeogmqnrv29s82h8cm5rr293njqjxdh": 0.16300606,
  "lskv2fmavyujo4k4b829crkotvr2fhz2kn88qqp4m": 0.02328609,
  "lsk9vqoookbbjphmbs29kv6za5tf66udpx6cboanw": 0.11643312,
  "lskd7h7qgfzam3juqvfwnh98h26qmj99xdnts9dur": 0.06753078,
  "lsk62evnyy8uw2vrs67mah72879otfnhddbqdt9um": 2.32866584,
  "lsk945efxyh5sdjhcebwomjkachoweptmuw875sjp": 0.58682373,
  "lsk2j9dsvzgark9ypzw2tzcn2vuyppattq54r9oss": 0.17124241,
  "lskpbwgrq6pdop3sxkvr3v9757wekks2p8sbaw6dk": 0.0066,
  "lskumrdgca4a6p3ws2btjf6vyqwjmzctesghvcwen": 9.54753131,
  "lskc3du5erm5snzxcq5nnsm658qe5wk4y2wbz38qo": 0.94776629
}
