{
  "lskf859xyn687gd7rvecbbrq2u7srcvtztwa9yc56": 25.3184904,
  "lskztxrxns7vrc6ufkmvermu5vhv49cocufk8ehxr": 0.96069549,
  "lskeznp4yudpkavth98ebmzw6jz6pym5hzpqgj8tp": 0.0014063,
  "lsk3fw4ttb62k46xkommswj9wbd78kmfzzp78mohg": 1.25326469,
  "lskscse9jsp62sg2yw37t8n65bxswfodkto7vyja4": 0.0773619,
  "lskm7dquz6jepotwx4z4uyt2oswaaphdyz98nzy7c": 0.0014063,
  "lskxttp8vcvexx4h3wm5dkdguemha4zncz8p74j9q": 0.0140658,
  "lskhw729t89vkhuoe699462ejrpg5z5duxx8wrodn": 0.1153397,
  "lskmwegwjdhoo8two5yhubsro7zzo5ycx2fabqxcr": 0.0253183,
  "lsk98hotayxrzbf8hhf85zd3jdb48v7cda668z7qz": 0.0351645,
  "lskxdbkaqmucdeh5gvwy4jeqmcwczqtm57jt8sg3q": 0.1026802,
  "lsku25nhr8g72hccqg5ovcqe7krtt8vudvnn2my6f": 0.1547238,
  "lsk278wvfc9w56ek4dcnahvvryug2ma7wp6k4ff78": 0.0014063,
  "lskb5mno76fheuvm53wj359kr5epz8eybhxophh8o": 0.070329,
  "lskp6q5zjvxeogmqnrv29s82h8cm5rr293njqjxdh": 0.0984606,
  "lskv2fmavyujo4k4b829crkotvr2fhz2kn88qqp4m": 0.0140658,
  "lskd7h7qgfzam3juqvfwnh98h26qmj99xdnts9dur": 0.05485629,
  "lsk945efxyh5sdjhcebwomjkachoweptmuw875sjp": 0.35445839,
  "lskpbwgrq6pdop3sxkvr3v9757wekks2p8sbaw6dk": 0.0066,
  "lskumrdgca4a6p3ws2btjf6vyqwjmzctesghvcwen": 5.7669892,
  "lskc3du5erm5snzxcq5nnsm658qe5wk4y2wbz38qo": 0.54997329,
  "lsk9xn7w5wzhg85xgng875h8cpajmf8kn9hpmd8cm": 0.0281316,
  "lskdm6dt4xmyvu6cnjoxk9ua5z26ssnamqz7ftqfo": 0.0014063
}
