{
  "lskf859xyn687gd7rvecbbrq2u7srcvtztwa9yc56": 432.6257289,
  "lskztxrxns7vrc6ufkmvermu5vhv49cocufk8ehxr": 16.41573979,
  "lsk8aa5t5kfkm8bgug6btdut2ekry4paoeognz4cg": 9.61390255,
  "lskd2pzojbngse68vngezmp5wgvrf23yjqjtdot7j": 0.28122448,
  "lskwwqc6pneqwxxd329kycxp8s7mbvx7u2rk9kv72": 0.04806829,
  "lskeznp4yudpkavth98ebmzw6jz6pym5hzpqgj8tp": 0.02403216,
  "lsk4hc83tf7r9q4czg69dj4xo442fsmwte7qerx2d": 24.03476003,
  "lsk3fw4ttb62k46xkommswj9wbd78kmfzzp78mohg": 21.07848639,
  "lskscse9jsp62sg2yw37t8n65bxswfodkto7vyja4": 0.81195433,
  "lskm7dquz6jepotwx4z4uyt2oswaaphdyz98nzy7c": 0.02403216,
  "lskxttp8vcvexx4h3wm5dkdguemha4zncz8p74j9q": 0.24034621,
  "lskhw729t89vkhuoe699462ejrpg5z5duxx8wrodn": 1.80260461,
  "lskmwegwjdhoo8two5yhubsro7zzo5ycx2fabqxcr": 0.43262349,
  "lskzeayrtw5basxrjad2trv6a9doftaw9j3wyqkqn": 0.60086723,
  "lskq7jrtxzjpsof24csvvhrc6f6hc84eqmj8w3euk": 1.44208374,
  "lsk5omwum4qt24du89cjprwkth9zxtau25rcakg5o": 5.60009601,
  "lsk58kg5pnauk9rakd2ht25avqv4a6dkzbs5ngbu2": 2.40347403,
  "lsk98hotayxrzbf8hhf85zd3jdb48v7cda668z7qz": 0.60086723,
  "lskxdbkaqmucdeh5gvwy4jeqmcwczqtm57jt8sg3q": 1.75453505,
  "lsku25nhr8g72hccqg5ovcqe7krtt8vudvnn2my6f": 2.64382131,
  "lsk278wvfc9w56ek4dcnahvvryug2ma7wp6k4ff78": 1.22576954,
  "lskb5mno76fheuvm53wj359kr5epz8eybhxophh8o": 1.20173631,
  "lskp6q5zjvxeogmqnrv29s82h8cm5rr293njqjxdh": 2.16312638,
  "lskottbwnvryko94rwvvppapjtoa5fge3466kpjfr": 12.01737889,
  "lskwdowv62mv5v96zu9gwo6pw8akxs5a994zh57hg": 0.7691113,
  "lskv2fmavyujo4k4b829crkotvr2fhz2kn88qqp4m": 0.14407133,
  "lskxf4p79sfxy3uop2tx2rysstt8qewqecch5xwd8": 2.41852313,
  "lsk9vqoookbbjphmbs29kv6za5tf66udpx6cboanw": 0.58386865
}
