{
  "lskf859xyn687gd7rvecbbrq2u7srcvtztwa9yc56": 21.89199925,
  "lskztxrxns7vrc6ufkmvermu5vhv49cocufk8ehxr": 0.83067934,
  "lsk8aa5t5kfkm8bgug6btdut2ekry4paoeognz4cg": 0.48648875,
  "lskwwqc6pneqwxxd329kycxp8s7mbvx7u2rk9kv72": 0.00243214,
  "lskeznp4yudpkavth98ebmzw6jz6pym5hzpqgj8tp": 0.00121605,
  "lsk4hc83tf7r9q4czg69dj4xo442fsmwte7qerx2d": 1.21622215,
  "lsk3fw4ttb62k46xkommswj9wbd78kmfzzp78mohg": 1.06662659,
  "lskscse9jsp62sg2yw37t8n65bxswfodkto7vyja4": 0.04135124,
  "lskm7dquz6jepotwx4z4uyt2oswaaphdyz98nzy7c": 0.00121605,
  "lskxttp8vcvexx4h3wm5dkdguemha4zncz8p74j9q": 0.01216215,
  "lskhw729t89vkhuoe699462ejrpg5z5duxx8wrodn": 0.0912164,
  "lskmwegwjdhoo8two5yhubsro7zzo5ycx2fabqxcr": 0.02189169,
  "lskzeayrtw5basxrjad2trv6a9doftaw9j3wyqkqn": 0.03040514,
  "lskq7jrtxzjpsof24csvvhrc6f6hc84eqmj8w3euk": 0.07297294,
  "lsk5omwum4qt24du89cjprwkth9zxtau25rcakg5o": 0.28337929,
  "lsk58kg5pnauk9rakd2ht25avqv4a6dkzbs5ngbu2": 0.12162205,
  "lsk98hotayxrzbf8hhf85zd3jdb48v7cda668z7qz": 0.03040514,
  "lskxdbkaqmucdeh5gvwy4jeqmcwczqtm57jt8sg3q": 0.08878379,
  "lsku25nhr8g72hccqg5ovcqe7krtt8vudvnn2my6f": 0.1337842,
  "lsk278wvfc9w56ek4dcnahvvryug2ma7wp6k4ff78": 0.06202684,
  "lskb5mno76fheuvm53wj359kr5epz8eybhxophh8o": 0.06081079,
  "lskp6q5zjvxeogmqnrv29s82h8cm5rr293njqjxdh": 0.1094599,
  "lskottbwnvryko94rwvvppapjtoa5fge3466kpjfr": 0.60811084,
  "lskwdowv62mv5v96zu9gwo6pw8akxs5a994zh57hg": 0.0389191,
  "lskv2fmavyujo4k4b829crkotvr2fhz2kn88qqp4m": 0.01216215,
  "lskxf4p79sfxy3uop2tx2rysstt8qewqecch5xwd8": 0.12283814,
  "lsk9vqoookbbjphmbs29kv6za5tf66udpx6cboanw": 0.06081079
}
