{
  "lskf859xyn687gd7rvecbbrq2u7srcvtztwa9yc56": 196.25824192,
  "lskztxrxns7vrc6ufkmvermu5vhv49cocufk8ehxr": 7.44690786,
  "lsk8aa5t5kfkm8bgug6btdut2ekry4paoeognz4cg": 4.36129222,
  "lskd2pzojbngse68vngezmp5wgvrf23yjqjtdot7j": 0.27257939,
  "lskwwqc6pneqwxxd329kycxp8s7mbvx7u2rk9kv72": 0.01783294,
  "lskeznp4yudpkavth98ebmzw6jz6pym5hzpqgj8tp": 0.01090109,
  "lsk4hc83tf7r9q4czg69dj4xo442fsmwte7qerx2d": 10.90323408,
  "lsk3fw4ttb62k46xkommswj9wbd78kmfzzp78mohg": 9.56213516,
  "lskscse9jsp62sg2yw37t8n65bxswfodkto7vyja4": 0.33511495,
  "lskm7dquz6jepotwx4z4uyt2oswaaphdyz98nzy7c": 0.01090109,
  "lskxttp8vcvexx4h3wm5dkdguemha4zncz8p74j9q": 0.10903,
  "lskhw729t89vkhuoe699462ejrpg5z5duxx8wrodn": 0.81774062,
  "lskmwegwjdhoo8two5yhubsro7zzo5ycx2fabqxcr": 0.19625626,
  "lskzeayrtw5basxrjad2trv6a9doftaw9j3wyqkqn": 0.27257939,
  "lskq7jrtxzjpsof24csvvhrc6f6hc84eqmj8w3euk": 0.65419121,
  "lsk5omwum4qt24du89cjprwkth9zxtau25rcakg5o": 2.54045161,
  "lsk58kg5pnauk9rakd2ht25avqv4a6dkzbs5ngbu2": 1.09032113,
  "lsk98hotayxrzbf8hhf85zd3jdb48v7cda668z7qz": 0.27257939,
  "lskxdbkaqmucdeh5gvwy4jeqmcwczqtm57jt8sg3q": 0.79593494,
  "lsku25nhr8g72hccqg5ovcqe7krtt8vudvnn2my6f": 1.19935331,
  "lsk278wvfc9w56ek4dcnahvvryug2ma7wp6k4ff78": 0.55606241,
  "lskb5mno76fheuvm53wj359kr5epz8eybhxophh8o": 0.46816818,
  "lskp6q5zjvxeogmqnrv29s82h8cm5rr293njqjxdh": 0.89652233,
  "lskottbwnvryko94rwvvppapjtoa5fge3466kpjfr": 5.45161611
}
