{
  "lskf859xyn687gd7rvecbbrq2u7srcvtztwa9yc56": 224.72478745,
  "lskztxrxns7vrc6ufkmvermu5vhv49cocufk8ehxr": 8.52705484,
  "lsk8aa5t5kfkm8bgug6btdut2ekry4paoeognz4cg": 4.993882,
  "lskd2pzojbngse68vngezmp5wgvrf23yjqjtdot7j": 0.3121161,
  "lskwwqc6pneqwxxd329kycxp8s7mbvx7u2rk9kv72": 0.02099537,
  "lskeznp4yudpkavth98ebmzw6jz6pym5hzpqgj8tp": 0.012482,
  "lsk4hc83tf7r9q4czg69dj4xo442fsmwte7qerx2d": 12.48470859,
  "lsk3fw4ttb62k46xkommswj9wbd78kmfzzp78mohg": 10.94908817,
  "lskscse9jsp62sg2yw37t8n65bxswfodkto7vyja4": 0.38730317,
  "lskm7dquz6jepotwx4z4uyt2oswaaphdyz98nzy7c": 0.012482,
  "lskxttp8vcvexx4h3wm5dkdguemha4zncz8p74j9q": 0.12484435,
  "lskhw729t89vkhuoe699462ejrpg5z5duxx8wrodn": 0.93635093,
  "lskmwegwjdhoo8two5yhubsro7zzo5ycx2fabqxcr": 0.22472255,
  "lskzeayrtw5basxrjad2trv6a9doftaw9j3wyqkqn": 0.3121161,
  "lskq7jrtxzjpsof24csvvhrc6f6hc84eqmj8w3euk": 0.74907918,
  "lsk5omwum4qt24du89cjprwkth9zxtau25rcakg5o": 2.90893468,
  "lsk58kg5pnauk9rakd2ht25avqv4a6dkzbs5ngbu2": 1.24846833,
  "lsk98hotayxrzbf8hhf85zd3jdb48v7cda668z7qz": 0.3121161,
  "lskxdbkaqmucdeh5gvwy4jeqmcwczqtm57jt8sg3q": 0.91138223,
  "lsku25nhr8g72hccqg5ovcqe7krtt8vudvnn2my6f": 1.37331539,
  "lsk278wvfc9w56ek4dcnahvvryug2ma7wp6k4ff78": 0.63671743,
  "lskb5mno76fheuvm53wj359kr5epz8eybhxophh8o": 0.5472417,
  "lskp6q5zjvxeogmqnrv29s82h8cm5rr293njqjxdh": 1.03885457,
  "lskottbwnvryko94rwvvppapjtoa5fge3466kpjfr": 6.24235311,
  "lskwdowv62mv5v96zu9gwo6pw8akxs5a994zh57hg": 0.00854316
}
