{
  "lskf859xyn687gd7rvecbbrq2u7srcvtztwa9yc56": 11.10045222,
  "lskztxrxns7vrc6ufkmvermu5vhv49cocufk8ehxr": 0.42120029,
  "lsk8aa5t5kfkm8bgug6btdut2ekry4paoeognz4cg": 0.24667659,
  "lskd2pzojbngse68vngezmp5wgvrf23yjqjtdot7j": 0.01541727,
  "lskwwqc6pneqwxxd329kycxp8s7mbvx7u2rk9kv72": 0.00061668,
  "lskeznp4yudpkavth98ebmzw6jz6pym5hzpqgj8tp": 0.00061668,
  "lsk4hc83tf7r9q4czg69dj4xo442fsmwte7qerx2d": 0.61669163,
  "lsk3fw4ttb62k46xkommswj9wbd78kmfzzp78mohg": 0.54083862,
  "lskscse9jsp62sg2yw37t8n65bxswfodkto7vyja4": 0.01850067,
  "lskm7dquz6jepotwx4z4uyt2oswaaphdyz98nzy7c": 0.00061668,
  "lskxttp8vcvexx4h3wm5dkdguemha4zncz8p74j9q": 0.0061668,
  "lskhw729t89vkhuoe699462ejrpg5z5duxx8wrodn": 0.03761804,
  "lskmwegwjdhoo8two5yhubsro7zzo5ycx2fabqxcr": 0.01110026,
  "lskzeayrtw5basxrjad2trv6a9doftaw9j3wyqkqn": 0.01541727,
  "lskq7jrtxzjpsof24csvvhrc6f6hc84eqmj8w3euk": 0.03700136,
  "lsk5omwum4qt24du89cjprwkth9zxtau25rcakg5o": 0.14368914,
  "lsk58kg5pnauk9rakd2ht25avqv4a6dkzbs5ngbu2": 0.06166908,
  "lsk98hotayxrzbf8hhf85zd3jdb48v7cda668z7qz": 0.01541727,
  "lskxdbkaqmucdeh5gvwy4jeqmcwczqtm57jt8sg3q": 0.04501845,
  "lsku25nhr8g72hccqg5ovcqe7krtt8vudvnn2my6f": 0.0678359,
  "lsk278wvfc9w56ek4dcnahvvryug2ma7wp6k4ff78": 0.03145122,
  "lskb5mno76fheuvm53wj359kr5epz8eybhxophh8o": 0.01541727,
  "lskp6q5zjvxeogmqnrv29s82h8cm5rr293njqjxdh": 0.05056859
}
