{
  "lskf859xyn687gd7rvecbbrq2u7srcvtztwa9yc56": 162.86967573,
  "lskztxrxns7vrc6ufkmvermu5vhv49cocufk8ehxr": 6.1799984,
  "lskwwqc6pneqwxxd329kycxp8s7mbvx7u2rk9kv72": 0.01809599,
  "lskeznp4yudpkavth98ebmzw6jz6pym5hzpqgj8tp": 0.00904708,
  "lsk3fw4ttb62k46xkommswj9wbd78kmfzzp78mohg": 8.06204799,
  "lskscse9jsp62sg2yw37t8n65bxswfodkto7vyja4": 0.45241562,
  "lskm7dquz6jepotwx4z4uyt2oswaaphdyz98nzy7c": 0.00904708,
  "lskxttp8vcvexx4h3wm5dkdguemha4zncz8p74j9q": 0.0904826,
  "lskhw729t89vkhuoe699462ejrpg5z5duxx8wrodn": 0.67862269,
  "lskmwegwjdhoo8two5yhubsro7zzo5ycx2fabqxcr": 0.1628692,
  "lsk98hotayxrzbf8hhf85zd3jdb48v7cda668z7qz": 0.22620689,
  "lskxdbkaqmucdeh5gvwy4jeqmcwczqtm57jt8sg3q": 0.66052628,
  "lsku25nhr8g72hccqg5ovcqe7krtt8vudvnn2my6f": 0.99531416,
  "lsk278wvfc9w56ek4dcnahvvryug2ma7wp6k4ff78": 0.00904708,
  "lskb5mno76fheuvm53wj359kr5epz8eybhxophh8o": 0.45241562,
  "lskp6q5zjvxeogmqnrv29s82h8cm5rr293njqjxdh": 0.63338113,
  "lskv2fmavyujo4k4b829crkotvr2fhz2kn88qqp4m": 0.0904826,
  "lsk9vqoookbbjphmbs29kv6za5tf66udpx6cboanw": 0.45241562,
  "lskd7h7qgfzam3juqvfwnh98h26qmj99xdnts9dur": 0.26239919,
  "lsk62evnyy8uw2vrs67mah72879otfnhddbqdt9um": 9.04831493,
  "lsk945efxyh5sdjhcebwomjkachoweptmuw875sjp": 2.28017477,
  "lskpbwgrq6pdop3sxkvr3v9757wekks2p8sbaw6dk": 0.0066,
  "lskumrdgca4a6p3ws2btjf6vyqwjmzctesghvcwen": 37.09809186,
  "lskc3du5erm5snzxcq5nnsm658qe5wk4y2wbz38qo": 3.68266341,
  "lsk9xn7w5wzhg85xgng875h8cpajmf8kn9hpmd8cm": 0.0762425
}
