{
  "lskf859xyn687gd7rvecbbrq2u7srcvtztwa9yc56": 119.63820726,
  "lskztxrxns7vrc6ufkmvermu5vhv49cocufk8ehxr": 4.53960326,
  "lsk8aa5t5kfkm8bgug6btdut2ekry4paoeognz4cg": 2.65862547,
  "lskd2pzojbngse68vngezmp5wgvrf23yjqjtdot7j": 0.16616391,
  "lskwwqc6pneqwxxd329kycxp8s7mbvx7u2rk9kv72": 0.00664644,
  "lskeznp4yudpkavth98ebmzw6jz6pym5hzpqgj8tp": 0.00664644,
  "lsk4hc83tf7r9q4czg69dj4xo442fsmwte7qerx2d": 6.64656548,
  "lsk3fw4ttb62k46xkommswj9wbd78kmfzzp78mohg": 5.82903846,
  "lskscse9jsp62sg2yw37t8n65bxswfodkto7vyja4": 0.19939611,
  "lskm7dquz6jepotwx4z4uyt2oswaaphdyz98nzy7c": 0.00664644,
  "lskxttp8vcvexx4h3wm5dkdguemha4zncz8p74j9q": 0.0664644,
  "lskhw729t89vkhuoe699462ejrpg5z5duxx8wrodn": 0.40543901,
  "lskmwegwjdhoo8two5yhubsro7zzo5ycx2fabqxcr": 0.11963627,
  "lskzeayrtw5basxrjad2trv6a9doftaw9j3wyqkqn": 0.16616391,
  "lskq7jrtxzjpsof24csvvhrc6f6hc84eqmj8w3euk": 0.39879257,
  "lsk5omwum4qt24du89cjprwkth9zxtau25rcakg5o": 1.54864962,
  "lsk58kg5pnauk9rakd2ht25avqv4a6dkzbs5ngbu2": 0.66465564,
  "lsk98hotayxrzbf8hhf85zd3jdb48v7cda668z7qz": 0.16616391,
  "lskxdbkaqmucdeh5gvwy4jeqmcwczqtm57jt8sg3q": 0.48519885,
  "lsku25nhr8g72hccqg5ovcqe7krtt8vudvnn2my6f": 0.73112039,
  "lsk278wvfc9w56ek4dcnahvvryug2ma7wp6k4ff78": 0.33897426,
  "lskb5mno76fheuvm53wj359kr5epz8eybhxophh8o": 0.16616391,
  "lskp6q5zjvxeogmqnrv29s82h8cm5rr293njqjxdh": 0.54501716
}
