{
  "lskf859xyn687gd7rvecbbrq2u7srcvtztwa9yc56": 62.20869921,
  "lskztxrxns7vrc6ufkmvermu5vhv49cocufk8ehxr": 2.36047362,
  "lsk8aa5t5kfkm8bgug6btdut2ekry4paoeognz4cg": 1.38241472,
  "lskwwqc6pneqwxxd329kycxp8s7mbvx7u2rk9kv72": 0.00691092,
  "lskeznp4yudpkavth98ebmzw6jz6pym5hzpqgj8tp": 0.00345473,
  "lsk4hc83tf7r9q4czg69dj4xo442fsmwte7qerx2d": 3.45603836,
  "lsk3fw4ttb62k46xkommswj9wbd78kmfzzp78mohg": 3.0309456,
  "lskscse9jsp62sg2yw37t8n65bxswfodkto7vyja4": 0.1382407,
  "lskm7dquz6jepotwx4z4uyt2oswaaphdyz98nzy7c": 0.00345473,
  "lskxttp8vcvexx4h3wm5dkdguemha4zncz8p74j9q": 0.03455973,
  "lskhw729t89vkhuoe699462ejrpg5z5duxx8wrodn": 0.25920253,
  "lskmwegwjdhoo8two5yhubsro7zzo5ycx2fabqxcr": 0.06220802,
  "lskzeayrtw5basxrjad2trv6a9doftaw9j3wyqkqn": 0.08640064,
  "lskq7jrtxzjpsof24csvvhrc6f6hc84eqmj8w3euk": 0.34560327,
  "lsk5omwum4qt24du89cjprwkth9zxtau25rcakg5o": 0.8052566,
  "lsk58kg5pnauk9rakd2ht25avqv4a6dkzbs5ngbu2": 0.34560327,
  "lsk98hotayxrzbf8hhf85zd3jdb48v7cda668z7qz": 0.08640064,
  "lskxdbkaqmucdeh5gvwy4jeqmcwczqtm57jt8sg3q": 0.25229025,
  "lsku25nhr8g72hccqg5ovcqe7krtt8vudvnn2my6f": 0.38016351,
  "lsk278wvfc9w56ek4dcnahvvryug2ma7wp6k4ff78": 0.17625757,
  "lskb5mno76fheuvm53wj359kr5epz8eybhxophh8o": 0.17280138,
  "lskp6q5zjvxeogmqnrv29s82h8cm5rr293njqjxdh": 0.3110427,
  "lskottbwnvryko94rwvvppapjtoa5fge3466kpjfr": 1.7280185,
  "lskwdowv62mv5v96zu9gwo6pw8akxs5a994zh57hg": 0.11059241,
  "lskv2fmavyujo4k4b829crkotvr2fhz2kn88qqp4m": 0.03455973,
  "lskxf4p79sfxy3uop2tx2rysstt8qewqecch5xwd8": 0.34905946,
  "lsk9vqoookbbjphmbs29kv6za5tf66udpx6cboanw": 0.17280138,
  "lskd7h7qgfzam3juqvfwnh98h26qmj99xdnts9dur": 0.0691203,
  "lsk62evnyy8uw2vrs67mah72879otfnhddbqdt9um": 3.45603836,
  "lsk945efxyh5sdjhcebwomjkachoweptmuw875sjp": 0.87092122,
  "lsk9ybjgepsn8c6jo5bdpeuvdqrvexo2zsx8z3hhy": 0.34560327,
  "lsk2j9dsvzgark9ypzw2tzcn2vuyppattq54r9oss": 0.45484176
}
