{
  "lskf859xyn687gd7rvecbbrq2u7srcvtztwa9yc56": 23.92325019,
  "lskztxrxns7vrc6ufkmvermu5vhv49cocufk8ehxr": 0.90775416,
  "lskwwqc6pneqwxxd329kycxp8s7mbvx7u2rk9kv72": 0.0026579,
  "lskeznp4yudpkavth98ebmzw6jz6pym5hzpqgj8tp": 0.0013287,
  "lsk3fw4ttb62k46xkommswj9wbd78kmfzzp78mohg": 1.18420081,
  "lskscse9jsp62sg2yw37t8n65bxswfodkto7vyja4": 0.06512427,
  "lskm7dquz6jepotwx4z4uyt2oswaaphdyz98nzy7c": 0.0013287,
  "lskxttp8vcvexx4h3wm5dkdguemha4zncz8p74j9q": 0.01329053,
  "lskhw729t89vkhuoe699462ejrpg5z5duxx8wrodn": 0.09968017,
  "lskmwegwjdhoo8two5yhubsro7zzo5ycx2fabqxcr": 0.02392316,
  "lsk98hotayxrzbf8hhf85zd3jdb48v7cda668z7qz": 0.03322649,
  "lskxdbkaqmucdeh5gvwy4jeqmcwczqtm57jt8sg3q": 0.09702167,
  "lsku25nhr8g72hccqg5ovcqe7krtt8vudvnn2my6f": 0.1461974,
  "lsk278wvfc9w56ek4dcnahvvryug2ma7wp6k4ff78": 0.0013287,
  "lskb5mno76fheuvm53wj359kr5epz8eybhxophh8o": 0.06645308,
  "lskp6q5zjvxeogmqnrv29s82h8cm5rr293njqjxdh": 0.11961602,
  "lskottbwnvryko94rwvvppapjtoa5fge3466kpjfr": 0.26581342,
  "lskv2fmavyujo4k4b829crkotvr2fhz2kn88qqp4m": 0.01329053,
  "lsk9vqoookbbjphmbs29kv6za5tf66udpx6cboanw": 0.06645308,
  "lskd7h7qgfzam3juqvfwnh98h26qmj99xdnts9dur": 0.03749816,
  "lsk62evnyy8uw2vrs67mah72879otfnhddbqdt9um": 1.3290694,
  "lsk945efxyh5sdjhcebwomjkachoweptmuw875sjp": 0.33492511,
  "lsk2j9dsvzgark9ypzw2tzcn2vuyppattq54r9oss": 0.27644605,
  "lskpbwgrq6pdop3sxkvr3v9757wekks2p8sbaw6dk": 0.0066,
  "lskumrdgca4a6p3ws2btjf6vyqwjmzctesghvcwen": 5.44918448,
  "lskc3du5erm5snzxcq5nnsm658qe5wk4y2wbz38qo": 0.54093077
}
