{
  "lskf859xyn687gd7rvecbbrq2u7srcvtztwa9yc56": 111.67030413,
  "lskztxrxns7vrc6ufkmvermu5vhv49cocufk8ehxr": 4.2372661,
  "lsk3fw4ttb62k46xkommswj9wbd78kmfzzp78mohg": 5.62073661,
  "lskscse9jsp62sg2yw37t8n65bxswfodkto7vyja4": 0.51671252,
  "lskm7dquz6jepotwx4z4uyt2oswaaphdyz98nzy7c": 0.0062037,
  "lskxttp8vcvexx4h3wm5dkdguemha4zncz8p74j9q": 0.06203725,
  "lskmwegwjdhoo8two5yhubsro7zzo5ycx2fabqxcr": 0.11166902,
  "lsk98hotayxrzbf8hhf85zd3jdb48v7cda668z7qz": 0.15509684,
  "lskxdbkaqmucdeh5gvwy4jeqmcwczqtm57jt8sg3q": 0.45288343,
  "lsku25nhr8g72hccqg5ovcqe7krtt8vudvnn2my6f": 0.68242876,
  "lsk278wvfc9w56ek4dcnahvvryug2ma7wp6k4ff78": 0.0062037,
  "lskb5mno76fheuvm53wj359kr5epz8eybhxophh8o": 0.31019393,
  "lskp6q5zjvxeogmqnrv29s82h8cm5rr293njqjxdh": 0.43427208,
  "lskv2fmavyujo4k4b829crkotvr2fhz2kn88qqp4m": 0.0310185,
  "lskd7h7qgfzam3juqvfwnh98h26qmj99xdnts9dur": 0.33500873,
  "lskpbwgrq6pdop3sxkvr3v9757wekks2p8sbaw6dk": 0.0066,
  "lskumrdgca4a6p3ws2btjf6vyqwjmzctesghvcwen": 25.43601263,
  "lskc3du5erm5snzxcq5nnsm658qe5wk4y2wbz38qo": 2.42572554,
  "lskdm6dt4xmyvu6cnjoxk9ua5z26ssnamqz7ftqfo": 0.0062037
}
