{
  "lskf859xyn687gd7rvecbbrq2u7srcvtztwa9yc56": 183.40359473,
  "lskztxrxns7vrc6ufkmvermu5vhv49cocufk8ehxr": 7.36670702,
  "lsk3fw4ttb62k46xkommswj9wbd78kmfzzp78mohg": 9.32301479,
  "lskscse9jsp62sg2yw37t8n65bxswfodkto7vyja4": 0.92919564,
  "lskm7dquz6jepotwx4z4uyt2oswaaphdyz98nzy7c": 0.01018625,
  "lskxttp8vcvexx4h3wm5dkdguemha4zncz8p74j9q": 0.11207667,
  "lskmwegwjdhoo8two5yhubsro7zzo5ycx2fabqxcr": 0.18339988,
  "lsk98hotayxrzbf8hhf85zd3jdb48v7cda668z7qz": 0.25472355,
  "lskxdbkaqmucdeh5gvwy4jeqmcwczqtm57jt8sg3q": 0.7438025,
  "lsku25nhr8g72hccqg5ovcqe7krtt8vudvnn2my6f": 1.12079721,
  "lsk278wvfc9w56ek4dcnahvvryug2ma7wp6k4ff78": 0.01018625,
  "lskb5mno76fheuvm53wj359kr5epz8eybhxophh8o": 0.50945145,
  "lskp6q5zjvxeogmqnrv29s82h8cm5rr293njqjxdh": 0.71323575,
  "lskd7h7qgfzam3juqvfwnh98h26qmj99xdnts9dur": 0.55020834,
  "lskpbwgrq6pdop3sxkvr3v9757wekks2p8sbaw6dk": 0.0066,
  "lskumrdgca4a6p3ws2btjf6vyqwjmzctesghvcwen": 41.77526151,
  "lskc3du5erm5snzxcq5nnsm658qe5wk4y2wbz38qo": 3.98393164,
  "lskdm6dt4xmyvu6cnjoxk9ua5z26ssnamqz7ftqfo": 0.01018625
}
