{
  "lskf859xyn687gd7rvecbbrq2u7srcvtztwa9yc56": 23.77943688,
  "lskztxrxns7vrc6ufkmvermu5vhv49cocufk8ehxr": 0.90229721,
  "lskwwqc6pneqwxxd329kycxp8s7mbvx7u2rk9kv72": 0.00264201,
  "lskeznp4yudpkavth98ebmzw6jz6pym5hzpqgj8tp": 0.00132074,
  "lsk3fw4ttb62k46xkommswj9wbd78kmfzzp78mohg": 1.17708204,
  "lskscse9jsp62sg2yw37t8n65bxswfodkto7vyja4": 0.06473243,
  "lskm7dquz6jepotwx4z4uyt2oswaaphdyz98nzy7c": 0.00132074,
  "lskxttp8vcvexx4h3wm5dkdguemha4zncz8p74j9q": 0.01321074,
  "lskhw729t89vkhuoe699462ejrpg5z5duxx8wrodn": 0.09908063,
  "lskmwegwjdhoo8two5yhubsro7zzo5ycx2fabqxcr": 0.02377886,
  "lsk98hotayxrzbf8hhf85zd3jdb48v7cda668z7qz": 0.03302685,
  "lskxdbkaqmucdeh5gvwy4jeqmcwczqtm57jt8sg3q": 0.09643854,
  "lsku25nhr8g72hccqg5ovcqe7krtt8vudvnn2my6f": 0.14531822,
  "lsk278wvfc9w56ek4dcnahvvryug2ma7wp6k4ff78": 0.00132074,
  "lskb5mno76fheuvm53wj359kr5epz8eybhxophh8o": 0.0660537,
  "lskp6q5zjvxeogmqnrv29s82h8cm5rr293njqjxdh": 0.09247526,
  "lskv2fmavyujo4k4b829crkotvr2fhz2kn88qqp4m": 0.01321074,
  "lsk9vqoookbbjphmbs29kv6za5tf66udpx6cboanw": 0.0660537,
  "lskd7h7qgfzam3juqvfwnh98h26qmj99xdnts9dur": 0.03831095,
  "lsk62evnyy8uw2vrs67mah72879otfnhddbqdt9um": 1.32107952,
  "lsk945efxyh5sdjhcebwomjkachoweptmuw875sjp": 0.33291189,
  "lsk2j9dsvzgark9ypzw2tzcn2vuyppattq54r9oss": 0.2747843,
  "lskpbwgrq6pdop3sxkvr3v9757wekks2p8sbaw6dk": 0.0066,
  "lskumrdgca4a6p3ws2btjf6vyqwjmzctesghvcwen": 5.41642694,
  "lskc3du5erm5snzxcq5nnsm658qe5wk4y2wbz38qo": 0.53767913
}
