{
  "lskf859xyn687gd7rvecbbrq2u7srcvtztwa9yc56": 177.38999454,
  "lskztxrxns7vrc6ufkmvermu5vhv49cocufk8ehxr": 6.73096224,
  "lskeznp4yudpkavth98ebmzw6jz6pym5hzpqgj8tp": 0.00985235,
  "lsk3fw4ttb62k46xkommswj9wbd78kmfzzp78mohg": 8.78080211,
  "lskscse9jsp62sg2yw37t8n65bxswfodkto7vyja4": 0.51245847,
  "lskm7dquz6jepotwx4z4uyt2oswaaphdyz98nzy7c": 0.00985235,
  "lskxttp8vcvexx4h3wm5dkdguemha4zncz8p74j9q": 0.09854719,
  "lskhw729t89vkhuoe699462ejrpg5z5duxx8wrodn": 0.80810729,
  "lskmwegwjdhoo8two5yhubsro7zzo5ycx2fabqxcr": 0.17738851,
  "lsk98hotayxrzbf8hhf85zd3jdb48v7cda668z7qz": 0.24637217,
  "lskxdbkaqmucdeh5gvwy4jeqmcwczqtm57jt8sg3q": 0.7194132,
  "lsku25nhr8g72hccqg5ovcqe7krtt8vudvnn2my6f": 1.08404849,
  "lsk278wvfc9w56ek4dcnahvvryug2ma7wp6k4ff78": 0.00985235,
  "lskb5mno76fheuvm53wj359kr5epz8eybhxophh8o": 0.49274708,
  "lskp6q5zjvxeogmqnrv29s82h8cm5rr293njqjxdh": 0.68984825,
  "lskv2fmavyujo4k4b829crkotvr2fhz2kn88qqp4m": 0.09854719,
  "lskd7h7qgfzam3juqvfwnh98h26qmj99xdnts9dur": 0.38434324,
  "lsk945efxyh5sdjhcebwomjkachoweptmuw875sjp": 2.48345684,
  "lskpbwgrq6pdop3sxkvr3v9757wekks2p8sbaw6dk": 0.0066,
  "lskumrdgca4a6p3ws2btjf6vyqwjmzctesghvcwen": 40.40549637,
  "lskc3du5erm5snzxcq5nnsm658qe5wk4y2wbz38qo": 3.68562213,
  "lsk9xn7w5wzhg85xgng875h8cpajmf8kn9hpmd8cm": 0.17258127,
  "lskdm6dt4xmyvu6cnjoxk9ua5z26ssnamqz7ftqfo": 0.00965155
}
