{
  "lskf859xyn687gd7rvecbbrq2u7srcvtztwa9yc56": 126.50631357,
  "lskztxrxns7vrc6ufkmvermu5vhv49cocufk8ehxr": 4.80020987,
  "lsk8aa5t5kfkm8bgug6btdut2ekry4paoeognz4cg": 2.81124952,
  "lskd2pzojbngse68vngezmp5wgvrf23yjqjtdot7j": 0.17570129,
  "lskwwqc6pneqwxxd329kycxp8s7mbvx7u2rk9kv72": 0.00702723,
  "lskeznp4yudpkavth98ebmzw6jz6pym5hzpqgj8tp": 0.00702723,
  "lsk4hc83tf7r9q4czg69dj4xo442fsmwte7qerx2d": 5.27109464,
  "lsk3fw4ttb62k46xkommswj9wbd78kmfzzp78mohg": 6.0441887,
  "lskscse9jsp62sg2yw37t8n65bxswfodkto7vyja4": 0.09136452,
  "lskhghrkypt5jc4aov3jhjdhf5p4egn8c6q9wd5gf": 0.22264123,
  "lskm7dquz6jepotwx4z4uyt2oswaaphdyz98nzy7c": 0.00702723,
  "lskxttp8vcvexx4h3wm5dkdguemha4zncz8p74j9q": 0.07028037,
  "lskhw729t89vkhuoe699462ejrpg5z5duxx8wrodn": 0.42871536,
  "lskmwegwjdhoo8two5yhubsro7zzo5ycx2fabqxcr": 0.04216681,
  "lskzeayrtw5basxrjad2trv6a9doftaw9j3wyqkqn": 0.01497352
}
