{
  "lskf859xyn687gd7rvecbbrq2u7srcvtztwa9yc56": 189.56613522,
  "lskztxrxns7vrc6ufkmvermu5vhv49cocufk8ehxr": 7.19297982,
  "lsk3fw4ttb62k46xkommswj9wbd78kmfzzp78mohg": 9.6362763,
  "lskscse9jsp62sg2yw37t8n65bxswfodkto7vyja4": 0.94782678,
  "lskm7dquz6jepotwx4z4uyt2oswaaphdyz98nzy7c": 0.01053094,
  "lskxttp8vcvexx4h3wm5dkdguemha4zncz8p74j9q": 0.11584552,
  "lskmwegwjdhoo8two5yhubsro7zzo5ycx2fabqxcr": 0.18956284,
  "lsk98hotayxrzbf8hhf85zd3jdb48v7cda668z7qz": 0.26328386,
  "lskxdbkaqmucdeh5gvwy4jeqmcwczqtm57jt8sg3q": 0.76879488,
  "lsku25nhr8g72hccqg5ovcqe7krtt8vudvnn2my6f": 1.15845594,
  "lsk278wvfc9w56ek4dcnahvvryug2ma7wp6k4ff78": 0.01053094,
  "lskb5mno76fheuvm53wj359kr5epz8eybhxophh8o": 0.52656846,
  "lskp6q5zjvxeogmqnrv29s82h8cm5rr293njqjxdh": 0.73719762,
  "lskd7h7qgfzam3juqvfwnh98h26qmj99xdnts9dur": 0.56869666,
  "lskpbwgrq6pdop3sxkvr3v9757wekks2p8sbaw6dk": 0.0066,
  "lskumrdgca4a6p3ws2btjf6vyqwjmzctesghvcwen": 43.1789519,
  "lskc3du5erm5snzxcq5nnsm658qe5wk4y2wbz38qo": 4.11779512,
  "lskdm6dt4xmyvu6cnjoxk9ua5z26ssnamqz7ftqfo": 0.01053094
}
