{
  "lskf859xyn687gd7rvecbbrq2u7srcvtztwa9yc56": 17.61756966,
  "lskztxrxns7vrc6ufkmvermu5vhv49cocufk8ehxr": 0.66848864,
  "lsk8aa5t5kfkm8bgug6btdut2ekry4paoeognz4cg": 0.39150125,
  "lskd2pzojbngse68vngezmp5wgvrf23yjqjtdot7j": 0.0244688,
  "lskwwqc6pneqwxxd329kycxp8s7mbvx7u2rk9kv72": 0.00097867,
  "lskeznp4yudpkavth98ebmzw6jz6pym5hzpqgj8tp": 0.00097867,
  "lsk4hc83tf7r9q4czg69dj4xo442fsmwte7qerx2d": 0.73406523,
  "lsk3fw4ttb62k46xkommswj9wbd78kmfzzp78mohg": 0.84172799,
  "lskscse9jsp62sg2yw37t8n65bxswfodkto7vyja4": 0.01272357,
  "lskhghrkypt5jc4aov3jhjdhf5p4egn8c6q9wd5gf": 0.04600122,
  "lskm7dquz6jepotwx4z4uyt2oswaaphdyz98nzy7c": 0.00097867,
  "lskxttp8vcvexx4h3wm5dkdguemha4zncz8p74j9q": 0.00978752,
  "lskhw729t89vkhuoe699462ejrpg5z5duxx8wrodn": 0.05970379,
  "lskmwegwjdhoo8two5yhubsro7zzo5ycx2fabqxcr": 0.00782981,
  "lskzeayrtw5basxrjad2trv6a9doftaw9j3wyqkqn": 0.0244688,
  "lskq7jrtxzjpsof24csvvhrc6f6hc84eqmj8w3euk": 0.05872512
}
