{
  "lskf859xyn687gd7rvecbbrq2u7srcvtztwa9yc56": 183.92547347,
  "lskztxrxns7vrc6ufkmvermu5vhv49cocufk8ehxr": 6.97894686,
  "lsk3fw4ttb62k46xkommswj9wbd78kmfzzp78mohg": 9.25758149,
  "lskscse9jsp62sg2yw37t8n65bxswfodkto7vyja4": 0.83069571,
  "lskm7dquz6jepotwx4z4uyt2oswaaphdyz98nzy7c": 0.0102157,
  "lskxttp8vcvexx4h3wm5dkdguemha4zncz8p74j9q": 0.10217748,
  "lskmwegwjdhoo8two5yhubsro7zzo5ycx2fabqxcr": 0.18392167,
  "lsk98hotayxrzbf8hhf85zd3jdb48v7cda668z7qz": 0.25544976,
  "lskxdbkaqmucdeh5gvwy4jeqmcwczqtm57jt8sg3q": 0.74591788,
  "lsku25nhr8g72hccqg5ovcqe7krtt8vudvnn2my6f": 1.12398529,
  "lsk278wvfc9w56ek4dcnahvvryug2ma7wp6k4ff78": 0.0102157,
  "lskb5mno76fheuvm53wj359kr5epz8eybhxophh8o": 0.51090014,
  "lskp6q5zjvxeogmqnrv29s82h8cm5rr293njqjxdh": 0.71526263,
  "lskv2fmavyujo4k4b829crkotvr2fhz2kn88qqp4m": 0.05108854,
  "lskd7h7qgfzam3juqvfwnh98h26qmj99xdnts9dur": 0.39850321,
  "lskpbwgrq6pdop3sxkvr3v9757wekks2p8sbaw6dk": 0.0066,
  "lskumrdgca4a6p3ws2btjf6vyqwjmzctesghvcwen": 41.89413454,
  "lskc3du5erm5snzxcq5nnsm658qe5wk4y2wbz38qo": 3.99526865,
  "lskdm6dt4xmyvu6cnjoxk9ua5z26ssnamqz7ftqfo": 0.0102157
}
