{
  "lskf859xyn687gd7rvecbbrq2u7srcvtztwa9yc56": 11.88200833,
  "lskztxrxns7vrc6ufkmvermu5vhv49cocufk8ehxr": 0.45085608,
  "lsk8aa5t5kfkm8bgug6btdut2ekry4paoeognz4cg": 0.26404446,
  "lskd2pzojbngse68vngezmp5wgvrf23yjqjtdot7j": 0.01650275,
  "lskwwqc6pneqwxxd329kycxp8s7mbvx7u2rk9kv72": 0.00065998,
  "lskeznp4yudpkavth98ebmzw6jz6pym5hzpqgj8tp": 0.00065998,
  "lsk4hc83tf7r9q4czg69dj4xo442fsmwte7qerx2d": 0.66011138,
  "lsk3fw4ttb62k46xkommswj9wbd78kmfzzp78mohg": 0.56769585,
  "lskscse9jsp62sg2yw37t8n65bxswfodkto7vyja4": 0.00990162,
  "lskhghrkypt5jc4aov3jhjdhf5p4egn8c6q9wd5gf": 0.03863988,
  "lskm7dquz6jepotwx4z4uyt2oswaaphdyz98nzy7c": 0.00065998,
  "lskxttp8vcvexx4h3wm5dkdguemha4zncz8p74j9q": 0.00660099,
  "lskhw729t89vkhuoe699462ejrpg5z5duxx8wrodn": 0.04026662,
  "lskmwegwjdhoo8two5yhubsro7zzo5ycx2fabqxcr": 0.00528068,
  "lskzeayrtw5basxrjad2trv6a9doftaw9j3wyqkqn": 0.01650275,
  "lskq7jrtxzjpsof24csvvhrc6f6hc84eqmj8w3euk": 0.03960663
}
