{
  "lskf859xyn687gd7rvecbbrq2u7srcvtztwa9yc56": 97.48747614,
  "lskztxrxns7vrc6ufkmvermu5vhv49cocufk8ehxr": 3.69910772,
  "lsk3fw4ttb62k46xkommswj9wbd78kmfzzp78mohg": 4.90686774,
  "lskscse9jsp62sg2yw37t8n65bxswfodkto7vyja4": 0.40077986,
  "lskm7dquz6jepotwx4z4uyt2oswaaphdyz98nzy7c": 0.00541576,
  "lskxttp8vcvexx4h3wm5dkdguemha4zncz8p74j9q": 0.05415792,
  "lskmwegwjdhoo8two5yhubsro7zzo5ycx2fabqxcr": 0.09748634,
  "lsk98hotayxrzbf8hhf85zd3jdb48v7cda668z7qz": 0.13539698,
  "lskxdbkaqmucdeh5gvwy4jeqmcwczqtm57jt8sg3q": 0.3953641,
  "lsku25nhr8g72hccqg5ovcqe7krtt8vudvnn2my6f": 0.5957552,
  "lsk278wvfc9w56ek4dcnahvvryug2ma7wp6k4ff78": 0.00541576,
  "lskb5mno76fheuvm53wj359kr5epz8eybhxophh8o": 0.2707963,
  "lskp6q5zjvxeogmqnrv29s82h8cm5rr293njqjxdh": 0.37911682,
  "lskv2fmavyujo4k4b829crkotvr2fhz2kn88qqp4m": 0.0270788,
  "lskd7h7qgfzam3juqvfwnh98h26qmj99xdnts9dur": 0.21122262,
  "lskpbwgrq6pdop3sxkvr3v9757wekks2p8sbaw6dk": 0.0066,
  "lskumrdgca4a6p3ws2btjf6vyqwjmzctesghvcwen": 22.2054805,
  "lskc3du5erm5snzxcq5nnsm658qe5wk4y2wbz38qo": 2.11764462,
  "lskdm6dt4xmyvu6cnjoxk9ua5z26ssnamqz7ftqfo": 0.00541576
}
