{
  "lskf859xyn687gd7rvecbbrq2u7srcvtztwa9yc56": 183.57289813,
  "lskztxrxns7vrc6ufkmvermu5vhv49cocufk8ehxr": 6.96556966,
  "lsk8aa5t5kfkm8bgug6btdut2ekry4paoeognz4cg": 4.07939572,
  "lskd2pzojbngse68vngezmp5wgvrf23yjqjtdot7j": 0.25496125,
  "lskwwqc6pneqwxxd329kycxp8s7mbvx7u2rk9kv72": 0.01019744,
  "lskeznp4yudpkavth98ebmzw6jz6pym5hzpqgj8tp": 0.01019744,
  "lsk4hc83tf7r9q4czg69dj4xo442fsmwte7qerx2d": 10.19849221,
  "lsk3fw4ttb62k46xkommswj9wbd78kmfzzp78mohg": 8.94407816,
  "lskscse9jsp62sg2yw37t8n65bxswfodkto7vyja4": 0.28625709,
  "lskhghrkypt5jc4aov3jhjdhf5p4egn8c6q9wd5gf": 0.24220065,
  "lskm7dquz6jepotwx4z4uyt2oswaaphdyz98nzy7c": 0.01019744,
  "lskxttp8vcvexx4h3wm5dkdguemha4zncz8p74j9q": 0.10198296,
  "lskhw729t89vkhuoe699462ejrpg5z5duxx8wrodn": 0.6221067,
  "lskmwegwjdhoo8two5yhubsro7zzo5ycx2fabqxcr": 0.18357115,
  "lskzeayrtw5basxrjad2trv6a9doftaw9j3wyqkqn": 0.25496125,
  "lskq7jrtxzjpsof24csvvhrc6f6hc84eqmj8w3euk": 0.61190689,
  "lsk5omwum4qt24du89cjprwkth9zxtau25rcakg5o": 2.37624749,
  "lsk58kg5pnauk9rakd2ht25avqv4a6dkzbs5ngbu2": 1.01984792,
  "lsk98hotayxrzbf8hhf85zd3jdb48v7cda668z7qz": 0.25496125,
  "lskxdbkaqmucdeh5gvwy4jeqmcwczqtm57jt8sg3q": 0.74448833,
  "lsku25nhr8g72hccqg5ovcqe7krtt8vudvnn2my6f": 1.12183271,
  "lsk278wvfc9w56ek4dcnahvvryug2ma7wp6k4ff78": 0.52012146,
  "lskb5mno76fheuvm53wj359kr5epz8eybhxophh8o": 0.0930176,
  "lskp6q5zjvxeogmqnrv29s82h8cm5rr293njqjxdh": 0.52047262
}
