{
  "lskf859xyn687gd7rvecbbrq2u7srcvtztwa9yc56": 196.3961284,
  "lskztxrxns7vrc6ufkmvermu5vhv49cocufk8ehxr": 7.45213915,
  "lskeznp4yudpkavth98ebmzw6jz6pym5hzpqgj8tp": 0.01090823,
  "lsk3fw4ttb62k46xkommswj9wbd78kmfzzp78mohg": 9.72160581,
  "lskscse9jsp62sg2yw37t8n65bxswfodkto7vyja4": 0.56736382,
  "lskm7dquz6jepotwx4z4uyt2oswaaphdyz98nzy7c": 0.01090823,
  "lskxttp8vcvexx4h3wm5dkdguemha4zncz8p74j9q": 0.10910677,
  "lskhw729t89vkhuoe699462ejrpg5z5duxx8wrodn": 0.8356107,
  "lskmwegwjdhoo8two5yhubsro7zzo5ycx2fabqxcr": 0.19639318,
  "lsk98hotayxrzbf8hhf85zd3jdb48v7cda668z7qz": 0.27277085,
  "lskxdbkaqmucdeh5gvwy4jeqmcwczqtm57jt8sg3q": 0.79649387,
  "lsku25nhr8g72hccqg5ovcqe7krtt8vudvnn2my6f": 1.20019727,
  "lsk278wvfc9w56ek4dcnahvvryug2ma7wp6k4ff78": 0.01090823,
  "lskb5mno76fheuvm53wj359kr5epz8eybhxophh8o": 0.54554274,
  "lskp6q5zjvxeogmqnrv29s82h8cm5rr293njqjxdh": 0.7637613,
  "lskv2fmavyujo4k4b829crkotvr2fhz2kn88qqp4m": 0.10910677,
  "lskd7h7qgfzam3juqvfwnh98h26qmj99xdnts9dur": 0.42552323,
  "lsk945efxyh5sdjhcebwomjkachoweptmuw875sjp": 2.749543,
  "lskpbwgrq6pdop3sxkvr3v9757wekks2p8sbaw6dk": 0.0066,
  "lskumrdgca4a6p3ws2btjf6vyqwjmzctesghvcwen": 44.73467119,
  "lskc3du5erm5snzxcq5nnsm658qe5wk4y2wbz38qo": 4.44073353,
  "lsk9xn7w5wzhg85xgng875h8cpajmf8kn9hpmd8cm": 0.15053674
}
