{
  "lskf859xyn687gd7rvecbbrq2u7srcvtztwa9yc56": 229.92982343,
  "lskztxrxns7vrc6ufkmvermu5vhv49cocufk8ehxr": 8.72455696,
  "lsk8aa5t5kfkm8bgug6btdut2ekry4paoeognz4cg": 5.10954943,
  "lskd2pzojbngse68vngezmp5wgvrf23yjqjtdot7j": 0.31934525,
  "lskwwqc6pneqwxxd329kycxp8s7mbvx7u2rk9kv72": 0.02157364,
  "lskeznp4yudpkavth98ebmzw6jz6pym5hzpqgj8tp": 0.01277112,
  "lsk4hc83tf7r9q4czg69dj4xo442fsmwte7qerx2d": 12.77387723,
  "lsk3fw4ttb62k46xkommswj9wbd78kmfzzp78mohg": 11.20268903,
  "lskscse9jsp62sg2yw37t8n65bxswfodkto7vyja4": 0.39684565,
  "lskm7dquz6jepotwx4z4uyt2oswaaphdyz98nzy7c": 0.01277112,
  "lskxttp8vcvexx4h3wm5dkdguemha4zncz8p74j9q": 0.12773592,
  "lskhw729t89vkhuoe699462ejrpg5z5duxx8wrodn": 0.95803853,
  "lskmwegwjdhoo8two5yhubsro7zzo5ycx2fabqxcr": 0.22992754,
  "lskzeayrtw5basxrjad2trv6a9doftaw9j3wyqkqn": 0.31934525,
  "lskq7jrtxzjpsof24csvvhrc6f6hc84eqmj8w3euk": 0.7664292,
  "lsk5omwum4qt24du89cjprwkth9zxtau25rcakg5o": 2.97631091,
  "lsk58kg5pnauk9rakd2ht25avqv4a6dkzbs5ngbu2": 1.27738511,
  "lsk98hotayxrzbf8hhf85zd3jdb48v7cda668z7qz": 0.31934525,
  "lskxdbkaqmucdeh5gvwy4jeqmcwczqtm57jt8sg3q": 0.93249145,
  "lsku25nhr8g72hccqg5ovcqe7krtt8vudvnn2my6f": 1.40512386,
  "lsk278wvfc9w56ek4dcnahvvryug2ma7wp6k4ff78": 0.651465,
  "lskb5mno76fheuvm53wj359kr5epz8eybhxophh8o": 0.56170003,
  "lskp6q5zjvxeogmqnrv29s82h8cm5rr293njqjxdh": 1.06487966,
  "lskottbwnvryko94rwvvppapjtoa5fge3466kpjfr": 6.38693742,
  "lskwdowv62mv5v96zu9gwo6pw8akxs5a994zh57hg": 0.0177965,
  "lskv2fmavyujo4k4b829crkotvr2fhz2kn88qqp4m": 0.00122331
}
