{
  "lskf859xyn687gd7rvecbbrq2u7srcvtztwa9yc56": 28.80585498,
  "lskztxrxns7vrc6ufkmvermu5vhv49cocufk8ehxr": 1.09302164,
  "lsk8aa5t5kfkm8bgug6btdut2ekry4paoeognz4cg": 0.6401299,
  "lskd2pzojbngse68vngezmp5wgvrf23yjqjtdot7j": 0.04000791,
  "lskwwqc6pneqwxxd329kycxp8s7mbvx7u2rk9kv72": 0.00159988,
  "lskeznp4yudpkavth98ebmzw6jz6pym5hzpqgj8tp": 0.00159988,
  "lsk4hc83tf7r9q4czg69dj4xo442fsmwte7qerx2d": 1.60032493,
  "lsk3fw4ttb62k46xkommswj9wbd78kmfzzp78mohg": 1.37627951,
  "lskscse9jsp62sg2yw37t8n65bxswfodkto7vyja4": 0.03200635,
  "lskhghrkypt5jc4aov3jhjdhf5p4egn8c6q9wd5gf": 0.13442681,
  "lskm7dquz6jepotwx4z4uyt2oswaaphdyz98nzy7c": 0.00159988,
  "lskxttp8vcvexx4h3wm5dkdguemha4zncz8p74j9q": 0.01600289,
  "lskhw729t89vkhuoe699462ejrpg5z5duxx8wrodn": 0.09761958,
  "lskmwegwjdhoo8two5yhubsro7zzo5ycx2fabqxcr": 0.01280217,
  "lskzeayrtw5basxrjad2trv6a9doftaw9j3wyqkqn": 0.04000791,
  "lskq7jrtxzjpsof24csvvhrc6f6hc84eqmj8w3euk": 0.09601934,
  "lsk5omwum4qt24du89cjprwkth9zxtau25rcakg5o": 0.24004856,
  "lsk58kg5pnauk9rakd2ht25avqv4a6dkzbs5ngbu2": 0.06401272,
  "lsk98hotayxrzbf8hhf85zd3jdb48v7cda668z7qz": 0.04000791,
  "lskxdbkaqmucdeh5gvwy4jeqmcwczqtm57jt8sg3q": 0.06748546,
  "lsku25nhr8g72hccqg5ovcqe7krtt8vudvnn2my6f": 0.09913566
}
