{
  "lskf859xyn687gd7rvecbbrq2u7srcvtztwa9yc56": 30.71297964,
  "lskztxrxns7vrc6ufkmvermu5vhv49cocufk8ehxr": 1.1653866,
  "lsk3fw4ttb62k46xkommswj9wbd78kmfzzp78mohg": 1.52029248,
  "lskscse9jsp62sg2yw37t8n65bxswfodkto7vyja4": 0.11090772,
  "lskm7dquz6jepotwx4z4uyt2oswaaphdyz98nzy7c": 0.00170604,
  "lskxttp8vcvexx4h3wm5dkdguemha4zncz8p74j9q": 0.01706218,
  "lskhw729t89vkhuoe699462ejrpg5z5duxx8wrodn": 0.1399146,
  "lskmwegwjdhoo8two5yhubsro7zzo5ycx2fabqxcr": 0.03071292,
  "lsk98hotayxrzbf8hhf85zd3jdb48v7cda668z7qz": 0.04265688,
  "lskxdbkaqmucdeh5gvwy4jeqmcwczqtm57jt8sg3q": 0.12455782,
  "lsku25nhr8g72hccqg5ovcqe7krtt8vudvnn2my6f": 0.1876897,
  "lsk278wvfc9w56ek4dcnahvvryug2ma7wp6k4ff78": 0.00170604,
  "lskb5mno76fheuvm53wj359kr5epz8eybhxophh8o": 0.08531376,
  "lskp6q5zjvxeogmqnrv29s82h8cm5rr293njqjxdh": 0.11943886,
  "lskv2fmavyujo4k4b829crkotvr2fhz2kn88qqp4m": 0.00853104,
  "lskd7h7qgfzam3juqvfwnh98h26qmj99xdnts9dur": 0.06654406,
  "lskpbwgrq6pdop3sxkvr3v9757wekks2p8sbaw6dk": 0.0066,
  "lskumrdgca4a6p3ws2btjf6vyqwjmzctesghvcwen": 6.9957342,
  "lskc3du5erm5snzxcq5nnsm658qe5wk4y2wbz38qo": 0.66715404,
  "lskdm6dt4xmyvu6cnjoxk9ua5z26ssnamqz7ftqfo": 0.00170604
}
