{
  "lskf859xyn687gd7rvecbbrq2u7srcvtztwa9yc56": 212.3143855,
  "lskztxrxns7vrc6ufkmvermu5vhv49cocufk8ehxr": 8.05614923,
  "lsk8aa5t5kfkm8bgug6btdut2ekry4paoeognz4cg": 4.71809545,
  "lskd2pzojbngse68vngezmp5wgvrf23yjqjtdot7j": 0.29487864,
  "lskwwqc6pneqwxxd329kycxp8s7mbvx7u2rk9kv72": 0.01179408,
  "lskeznp4yudpkavth98ebmzw6jz6pym5hzpqgj8tp": 0.01179408,
  "lsk4hc83tf7r9q4czg69dj4xo442fsmwte7qerx2d": 11.79524054,
  "lsk3fw4ttb62k46xkommswj9wbd78kmfzzp78mohg": 10.34442504,
  "lskscse9jsp62sg2yw37t8n65bxswfodkto7vyja4": 0.31179846,
  "lskhghrkypt5jc4aov3jhjdhf5p4egn8c6q9wd5gf": 1.09695491,
  "lskm7dquz6jepotwx4z4uyt2oswaaphdyz98nzy7c": 0.01179408,
  "lskxttp8vcvexx4h3wm5dkdguemha4zncz8p74j9q": 0.117951,
  "lskhw729t89vkhuoe699462ejrpg5z5duxx8wrodn": 0.7195078,
  "lskmwegwjdhoo8two5yhubsro7zzo5ycx2fabqxcr": 0.21231124,
  "lskzeayrtw5basxrjad2trv6a9doftaw9j3wyqkqn": 0.29487864,
  "lskq7jrtxzjpsof24csvvhrc6f6hc84eqmj8w3euk": 0.70771253,
  "lsk5omwum4qt24du89cjprwkth9zxtau25rcakg5o": 2.74828991,
  "lsk58kg5pnauk9rakd2ht25avqv4a6dkzbs5ngbu2": 0.66240481,
  "lsk98hotayxrzbf8hhf85zd3jdb48v7cda668z7qz": 0.29487864,
  "lskxdbkaqmucdeh5gvwy4jeqmcwczqtm57jt8sg3q": 0.86104976,
  "lsku25nhr8g72hccqg5ovcqe7krtt8vudvnn2my6f": 1.29747441,
  "lsk278wvfc9w56ek4dcnahvvryug2ma7wp6k4ff78": 0.60155561,
  "lskb5mno76fheuvm53wj359kr5epz8eybhxophh8o": 0.01462528
}
