{
  "lskf859xyn687gd7rvecbbrq2u7srcvtztwa9yc56": 116.8264312,
  "lskztxrxns7vrc6ufkmvermu5vhv49cocufk8ehxr": 4.43291298,
  "lsk8aa5t5kfkm8bgug6btdut2ekry4paoeognz4cg": 2.59614133,
  "lskwwqc6pneqwxxd329kycxp8s7mbvx7u2rk9kv72": 0.01297926,
  "lskeznp4yudpkavth98ebmzw6jz6pym5hzpqgj8tp": 0.00648827,
  "lsk4hc83tf7r9q4czg69dj4xo442fsmwte7qerx2d": 6.49035605,
  "lsk3fw4ttb62k46xkommswj9wbd78kmfzzp78mohg": 5.69204222,
  "lskscse9jsp62sg2yw37t8n65bxswfodkto7vyja4": 0.25961301,
  "lskm7dquz6jepotwx4z4uyt2oswaaphdyz98nzy7c": 0.00648827,
  "lskxttp8vcvexx4h3wm5dkdguemha4zncz8p74j9q": 0.06490278,
  "lskhw729t89vkhuoe699462ejrpg5z5duxx8wrodn": 0.48677595,
  "lskmwegwjdhoo8two5yhubsro7zzo5ycx2fabqxcr": 0.11682532,
  "lskzeayrtw5basxrjad2trv6a9doftaw9j3wyqkqn": 0.16225785,
  "lskq7jrtxzjpsof24csvvhrc6f6hc84eqmj8w3euk": 0.64903381,
  "lsk5omwum4qt24du89cjprwkth9zxtau25rcakg5o": 1.51225233,
  "lsk58kg5pnauk9rakd2ht25avqv4a6dkzbs5ngbu2": 0.64903381,
  "lsk98hotayxrzbf8hhf85zd3jdb48v7cda668z7qz": 0.16225785,
  "lskxdbkaqmucdeh5gvwy4jeqmcwczqtm57jt8sg3q": 0.47379568,
  "lsku25nhr8g72hccqg5ovcqe7krtt8vudvnn2my6f": 0.71393706,
  "lsk278wvfc9w56ek4dcnahvvryug2ma7wp6k4ff78": 0.13159672,
  "lskb5mno76fheuvm53wj359kr5epz8eybhxophh8o": 0.32451673,
  "lskp6q5zjvxeogmqnrv29s82h8cm5rr293njqjxdh": 0.58413059,
  "lskottbwnvryko94rwvvppapjtoa5fge3466kpjfr": 3.24517745,
  "lskwdowv62mv5v96zu9gwo6pw8akxs5a994zh57hg": 0.20768953,
  "lskv2fmavyujo4k4b829crkotvr2fhz2kn88qqp4m": 0.06490278,
  "lskxf4p79sfxy3uop2tx2rysstt8qewqecch5xwd8": 0.65552479,
  "lsk9vqoookbbjphmbs29kv6za5tf66udpx6cboanw": 0.32451673,
  "lskd7h7qgfzam3juqvfwnh98h26qmj99xdnts9dur": 0.12980647,
  "lsk62evnyy8uw2vrs67mah72879otfnhddbqdt9um": 6.49035605,
  "lsk945efxyh5sdjhcebwomjkachoweptmuw875sjp": 1.63556871,
  "lsk9ybjgepsn8c6jo5bdpeuvdqrvexo2zsx8z3hhy": 0.10521096,
  "lsk2j9dsvzgark9ypzw2tzcn2vuyppattq54r9oss": 1.34999338,
  "lskpbwgrq6pdop3sxkvr3v9757wekks2p8sbaw6dk": 0.0066,
  "lskumrdgca4a6p3ws2btjf6vyqwjmzctesghvcwen": 4.43644216
}
