{
  "lskf859xyn687gd7rvecbbrq2u7srcvtztwa9yc56": 23.35346259,
  "lskztxrxns7vrc6ufkmvermu5vhv49cocufk8ehxr": 0.88613415,
  "lsk8aa5t5kfkm8bgug6btdut2ekry4paoeognz4cg": 0.5189657,
  "lskd2pzojbngse68vngezmp5wgvrf23yjqjtdot7j": 0.03243515,
  "lskwwqc6pneqwxxd329kycxp8s7mbvx7u2rk9kv72": 0.00129694,
  "lskeznp4yudpkavth98ebmzw6jz6pym5hzpqgj8tp": 0.00129694,
  "lsk4hc83tf7r9q4czg69dj4xo442fsmwte7qerx2d": 1.29741429,
  "lsk3fw4ttb62k46xkommswj9wbd78kmfzzp78mohg": 1.11577624,
  "lskscse9jsp62sg2yw37t8n65bxswfodkto7vyja4": 0.01816375,
  "lskhghrkypt5jc4aov3jhjdhf5p4egn8c6q9wd5gf": 0.06097799,
  "lskm7dquz6jepotwx4z4uyt2oswaaphdyz98nzy7c": 0.00129694,
  "lskxttp8vcvexx4h3wm5dkdguemha4zncz8p74j9q": 0.01297395,
  "lskhw729t89vkhuoe699462ejrpg5z5duxx8wrodn": 0.07914225,
  "lskmwegwjdhoo8two5yhubsro7zzo5ycx2fabqxcr": 0.01037905,
  "lskzeayrtw5basxrjad2trv6a9doftaw9j3wyqkqn": 0.03243515,
  "lskq7jrtxzjpsof24csvvhrc6f6hc84eqmj8w3euk": 0.0778448
}
