{
  "lskf859xyn687gd7rvecbbrq2u7srcvtztwa9yc56": 55.31395282,
  "lskztxrxns7vrc6ufkmvermu5vhv49cocufk8ehxr": 2.0988564,
  "lsk8aa5t5kfkm8bgug6btdut2ekry4paoeognz4cg": 0.06393177,
  "lskwwqc6pneqwxxd329kycxp8s7mbvx7u2rk9kv72": 0.00614559,
  "lskeznp4yudpkavth98ebmzw6jz6pym5hzpqgj8tp": 0.00307259,
  "lsk4hc83tf7r9q4czg69dj4xo442fsmwte7qerx2d": 3.07299664,
  "lsk3fw4ttb62k46xkommswj9wbd78kmfzzp78mohg": 2.71226144,
  "lskscse9jsp62sg2yw37t8n65bxswfodkto7vyja4": 0.12291914,
  "lskm7dquz6jepotwx4z4uyt2oswaaphdyz98nzy7c": 0.00307259,
  "lskxttp8vcvexx4h3wm5dkdguemha4zncz8p74j9q": 0.03072901,
  "lskhw729t89vkhuoe699462ejrpg5z5duxx8wrodn": 0.23047429,
  "lskmwegwjdhoo8two5yhubsro7zzo5ycx2fabqxcr": 0.05531356,
  "lskzeayrtw5basxrjad2trv6a9doftaw9j3wyqkqn": 0.07682424,
  "lskq7jrtxzjpsof24csvvhrc6f6hc84eqmj8w3euk": 0.30729889,
  "lsk5omwum4qt24du89cjprwkth9zxtau25rcakg5o": 0.71600795,
  "lsk58kg5pnauk9rakd2ht25avqv4a6dkzbs5ngbu2": 0.22931017,
  "lsk98hotayxrzbf8hhf85zd3jdb48v7cda668z7qz": 0.07682424,
  "lskxdbkaqmucdeh5gvwy4jeqmcwczqtm57jt8sg3q": 0.22432822,
  "lsku25nhr8g72hccqg5ovcqe7krtt8vudvnn2my6f": 0.33802911,
  "lsk278wvfc9w56ek4dcnahvvryug2ma7wp6k4ff78": 0.00307259,
  "lskb5mno76fheuvm53wj359kr5epz8eybhxophh8o": 0.15364884,
  "lskp6q5zjvxeogmqnrv29s82h8cm5rr293njqjxdh": 0.2765692,
  "lskottbwnvryko94rwvvppapjtoa5fge3466kpjfr": 1.53649795,
  "lskv2fmavyujo4k4b829crkotvr2fhz2kn88qqp4m": 0.03072901,
  "lskxf4p79sfxy3uop2tx2rysstt8qewqecch5xwd8": 0.01614276,
  "lsk9vqoookbbjphmbs29kv6za5tf66udpx6cboanw": 0.15364884,
  "lskd7h7qgfzam3juqvfwnh98h26qmj99xdnts9dur": 0.06145923,
  "lsk62evnyy8uw2vrs67mah72879otfnhddbqdt9um": 3.07299664,
  "lsk945efxyh5sdjhcebwomjkachoweptmuw875sjp": 0.77439464,
  "lsk2j9dsvzgark9ypzw2tzcn2vuyppattq54r9oss": 0.63918227,
  "lskpbwgrq6pdop3sxkvr3v9757wekks2p8sbaw6dk": 0.0066,
  "lskumrdgca4a6p3ws2btjf6vyqwjmzctesghvcwen": 12.59928855
}
