{
  "lskf859xyn687gd7rvecbbrq2u7srcvtztwa9yc56": 229.8334599,
  "lskztxrxns7vrc6ufkmvermu5vhv49cocufk8ehxr": 8.72090091,
  "lsk8aa5t5kfkm8bgug6btdut2ekry4paoeognz4cg": 5.10740665,
  "lskd2pzojbngse68vngezmp5wgvrf23yjqjtdot7j": 0.31921017,
  "lskwwqc6pneqwxxd329kycxp8s7mbvx7u2rk9kv72": 0.01276703,
  "lskeznp4yudpkavth98ebmzw6jz6pym5hzpqgj8tp": 0.01276703,
  "lsk4hc83tf7r9q4czg69dj4xo442fsmwte7qerx2d": 12.76852551,
  "lsk3fw4ttb62k46xkommswj9wbd78kmfzzp78mohg": 10.98092926,
  "lskscse9jsp62sg2yw37t8n65bxswfodkto7vyja4": 0.24078054,
  "lskhghrkypt5jc4aov3jhjdhf5p4egn8c6q9wd5gf": 0.97040638,
  "lskm7dquz6jepotwx4z4uyt2oswaaphdyz98nzy7c": 0.01276703,
  "lskxttp8vcvexx4h3wm5dkdguemha4zncz8p74j9q": 0.12768229,
  "lskhw729t89vkhuoe699462ejrpg5z5duxx8wrodn": 0.7788785,
  "lskmwegwjdhoo8two5yhubsro7zzo5ycx2fabqxcr": 0.10214735,
  "lskzeayrtw5basxrjad2trv6a9doftaw9j3wyqkqn": 0.31921017,
  "lskq7jrtxzjpsof24csvvhrc6f6hc84eqmj8w3euk": 0.76611131,
  "lsk5omwum4qt24du89cjprwkth9zxtau25rcakg5o": 1.91527854,
  "lsk58kg5pnauk9rakd2ht25avqv4a6dkzbs5ngbu2": 0.51073805
}
