{
  "lskf859xyn687gd7rvecbbrq2u7srcvtztwa9yc56": 80.84440381,
  "lskztxrxns7vrc6ufkmvermu5vhv49cocufk8ehxr": 3.06759483,
  "lskwwqc6pneqwxxd329kycxp8s7mbvx7u2rk9kv72": 0.00898156,
  "lskeznp4yudpkavth98ebmzw6jz6pym5hzpqgj8tp": 0.00449078,
  "lsk4hc83tf7r9q4czg69dj4xo442fsmwte7qerx2d": 4.49135458,
  "lsk3fw4ttb62k46xkommswj9wbd78kmfzzp78mohg": 4.00179629,
  "lskscse9jsp62sg2yw37t8n65bxswfodkto7vyja4": 0.2110932,
  "lskm7dquz6jepotwx4z4uyt2oswaaphdyz98nzy7c": 0.00449078,
  "lskxttp8vcvexx4h3wm5dkdguemha4zncz8p74j9q": 0.04491276,
  "lskhw729t89vkhuoe699462ejrpg5z5duxx8wrodn": 0.33685014,
  "lskmwegwjdhoo8two5yhubsro7zzo5ycx2fabqxcr": 0.08084361,
  "lskzeayrtw5basxrjad2trv6a9doftaw9j3wyqkqn": 0.11228212,
  "lskq7jrtxzjpsof24csvvhrc6f6hc84eqmj8w3euk": 0.44913413,
  "lsk5omwum4qt24du89cjprwkth9zxtau25rcakg5o": 1.04648545,
  "lsk98hotayxrzbf8hhf85zd3jdb48v7cda668z7qz": 0.11228212,
  "lskxdbkaqmucdeh5gvwy4jeqmcwczqtm57jt8sg3q": 0.32786832,
  "lsku25nhr8g72hccqg5ovcqe7krtt8vudvnn2my6f": 0.49404876,
  "lsk278wvfc9w56ek4dcnahvvryug2ma7wp6k4ff78": 0.00449078,
  "lskb5mno76fheuvm53wj359kr5epz8eybhxophh8o": 0.22456611,
  "lskp6q5zjvxeogmqnrv29s82h8cm5rr293njqjxdh": 0.40422115,
  "lskottbwnvryko94rwvvppapjtoa5fge3466kpjfr": 2.24567718,
  "lskv2fmavyujo4k4b829crkotvr2fhz2kn88qqp4m": 0.04491276,
  "lsk9vqoookbbjphmbs29kv6za5tf66udpx6cboanw": 0.22456611,
  "lskd7h7qgfzam3juqvfwnh98h26qmj99xdnts9dur": 0.08982574,
  "lsk62evnyy8uw2vrs67mah72879otfnhddbqdt9um": 4.49135458,
  "lsk945efxyh5sdjhcebwomjkachoweptmuw875sjp": 1.13182041,
  "lsk2j9dsvzgark9ypzw2tzcn2vuyppattq54r9oss": 0.93420142,
  "lskpbwgrq6pdop3sxkvr3v9757wekks2p8sbaw6dk": 0.0066,
  "lskumrdgca4a6p3ws2btjf6vyqwjmzctesghvcwen": 18.41455836,
  "lskc3du5erm5snzxcq5nnsm658qe5wk4y2wbz38qo": 0.15086335
}
