{
  "lskf859xyn687gd7rvecbbrq2u7srcvtztwa9yc56": 124.24097087,
  "lskztxrxns7vrc6ufkmvermu5vhv49cocufk8ehxr": 4.71425326,
  "lsk8aa5t5kfkm8bgug6btdut2ekry4paoeognz4cg": 2.76090977,
  "lskd2pzojbngse68vngezmp5wgvrf23yjqjtdot7j": 0.17255511,
  "lskwwqc6pneqwxxd329kycxp8s7mbvx7u2rk9kv72": 0.00690099,
  "lskeznp4yudpkavth98ebmzw6jz6pym5hzpqgj8tp": 0.00690099,
  "lsk4hc83tf7r9q4czg69dj4xo442fsmwte7qerx2d": 6.90227487,
  "lsk3fw4ttb62k46xkommswj9wbd78kmfzzp78mohg": 5.93595664,
  "lskscse9jsp62sg2yw37t8n65bxswfodkto7vyja4": 0.13302962,
  "lskhghrkypt5jc4aov3jhjdhf5p4egn8c6q9wd5gf": 0.57978992,
  "lskm7dquz6jepotwx4z4uyt2oswaaphdyz98nzy7c": 0.00690099,
  "lskxttp8vcvexx4h3wm5dkdguemha4zncz8p74j9q": 0.06902075,
  "lskhw729t89vkhuoe699462ejrpg5z5duxx8wrodn": 0.42103809,
  "lskmwegwjdhoo8two5yhubsro7zzo5ycx2fabqxcr": 0.05521735,
  "lskzeayrtw5basxrjad2trv6a9doftaw9j3wyqkqn": 0.17255511,
  "lskq7jrtxzjpsof24csvvhrc6f6hc84eqmj8w3euk": 0.41413536,
  "lsk5omwum4qt24du89cjprwkth9zxtau25rcakg5o": 1.03534048,
  "lsk58kg5pnauk9rakd2ht25avqv4a6dkzbs5ngbu2": 0.27608966,
  "lsk98hotayxrzbf8hhf85zd3jdb48v7cda668z7qz": 0.0961374
}
