{
  "lskf859xyn687gd7rvecbbrq2u7srcvtztwa9yc56": 105.0788508,
  "lskztxrxns7vrc6ufkmvermu5vhv49cocufk8ehxr": 3.98715688,
  "lsk8aa5t5kfkm8bgug6btdut2ekry4paoeognz4cg": 2.33508472,
  "lskwwqc6pneqwxxd329kycxp8s7mbvx7u2rk9kv72": 0.01167432,
  "lskeznp4yudpkavth98ebmzw6jz6pym5hzpqgj8tp": 0.00583704,
  "lsk4hc83tf7r9q4czg69dj4xo442fsmwte7qerx2d": 5.83771352,
  "lsk3fw4ttb62k46xkommswj9wbd78kmfzzp78mohg": 5.11967404,
  "lskscse9jsp62sg2yw37t8n65bxswfodkto7vyja4": 0.20193004,
  "lskm7dquz6jepotwx4z4uyt2oswaaphdyz98nzy7c": 0.00583704,
  "lskxttp8vcvexx4h3wm5dkdguemha4zncz8p74j9q": 0.05837676,
  "lskhw729t89vkhuoe699462ejrpg5z5duxx8wrodn": 0.43782728,
  "lskmwegwjdhoo8two5yhubsro7zzo5ycx2fabqxcr": 0.10507756,
  "lskzeayrtw5basxrjad2trv6a9doftaw9j3wyqkqn": 0.14594108,
  "lskq7jrtxzjpsof24csvvhrc6f6hc84eqmj8w3euk": 0.35026132,
  "lsk5omwum4qt24du89cjprwkth9zxtau25rcakg5o": 1.36018536,
  "lsk58kg5pnauk9rakd2ht25avqv4a6dkzbs5ngbu2": 0.58377032,
  "lsk98hotayxrzbf8hhf85zd3jdb48v7cda668z7qz": 0.14594108,
  "lskxdbkaqmucdeh5gvwy4jeqmcwczqtm57jt8sg3q": 0.42615132,
  "lsku25nhr8g72hccqg5ovcqe7krtt8vudvnn2my6f": 0.64214752,
  "lsk278wvfc9w56ek4dcnahvvryug2ma7wp6k4ff78": 0.2977216,
  "lskb5mno76fheuvm53wj359kr5epz8eybhxophh8o": 0.29188412,
  "lskp6q5zjvxeogmqnrv29s82h8cm5rr293njqjxdh": 0.52539356,
  "lskottbwnvryko94rwvvppapjtoa5fge3466kpjfr": 2.91885572,
  "lskwdowv62mv5v96zu9gwo6pw8akxs5a994zh57hg": 0.18680656,
  "lskv2fmavyujo4k4b829crkotvr2fhz2kn88qqp4m": 0.05837676,
  "lskxf4p79sfxy3uop2tx2rysstt8qewqecch5xwd8": 0.5896076,
  "lsk9vqoookbbjphmbs29kv6za5tf66udpx6cboanw": 0.29188412
}
