{
  "lskf859xyn687gd7rvecbbrq2u7srcvtztwa9yc56": 59.3666139,
  "lskztxrxns7vrc6ufkmvermu5vhv49cocufk8ehxr": 2.25263264,
  "lsk8aa5t5kfkm8bgug6btdut2ekry4paoeognz4cg": 1.31925752,
  "lskd2pzojbngse68vngezmp5wgvrf23yjqjtdot7j": 0.08245295,
  "lskwwqc6pneqwxxd329kycxp8s7mbvx7u2rk9kv72": 0.00329716,
  "lskeznp4yudpkavth98ebmzw6jz6pym5hzpqgj8tp": 0.00329716,
  "lsk4hc83tf7r9q4czg69dj4xo442fsmwte7qerx2d": 3.29814459,
  "lsk3fw4ttb62k46xkommswj9wbd78kmfzzp78mohg": 2.83640448,
  "lskscse9jsp62sg2yw37t8n65bxswfodkto7vyja4": 0.04963658,
  "lskhghrkypt5jc4aov3jhjdhf5p4egn8c6q9wd5gf": 0.2440616,
  "lskm7dquz6jepotwx4z4uyt2oswaaphdyz98nzy7c": 0.00329716,
  "lskxttp8vcvexx4h3wm5dkdguemha4zncz8p74j9q": 0.03298113,
  "lskhw729t89vkhuoe699462ejrpg5z5duxx8wrodn": 0.20118651,
  "lskmwegwjdhoo8two5yhubsro7zzo5ycx2fabqxcr": 0.02638449,
  "lskzeayrtw5basxrjad2trv6a9doftaw9j3wyqkqn": 0.08245295,
  "lskq7jrtxzjpsof24csvvhrc6f6hc84eqmj8w3euk": 0.19788811
}
