{
  "lskf859xyn687gd7rvecbbrq2u7srcvtztwa9yc56": 152.83070888,
  "lskztxrxns7vrc6ufkmvermu5vhv49cocufk8ehxr": 5.79907453,
  "lsk8aa5t5kfkm8bgug6btdut2ekry4paoeognz4cg": 3.39623644,
  "lskwwqc6pneqwxxd329kycxp8s7mbvx7u2rk9kv72": 0.01697944,
  "lskeznp4yudpkavth98ebmzw6jz6pym5hzpqgj8tp": 0.00848847,
  "lsk4hc83tf7r9q4czg69dj4xo442fsmwte7qerx2d": 8.49059407,
  "lsk3fw4ttb62k46xkommswj9wbd78kmfzzp78mohg": 7.4462505,
  "lskscse9jsp62sg2yw37t8n65bxswfodkto7vyja4": 0.339622,
  "lskm7dquz6jepotwx4z4uyt2oswaaphdyz98nzy7c": 0.00848847,
  "lskxttp8vcvexx4h3wm5dkdguemha4zncz8p74j9q": 0.08490511,
  "lskhw729t89vkhuoe699462ejrpg5z5duxx8wrodn": 0.6367929,
  "lskmwegwjdhoo8two5yhubsro7zzo5ycx2fabqxcr": 0.15282831,
  "lskzeayrtw5basxrjad2trv6a9doftaw9j3wyqkqn": 0.21226315,
  "lskq7jrtxzjpsof24csvvhrc6f6hc84eqmj8w3euk": 0.75600028,
  "lsk5omwum4qt24du89cjprwkth9zxtau25rcakg5o": 1.97830622,
  "lsk58kg5pnauk9rakd2ht25avqv4a6dkzbs5ngbu2": 0.84905674,
  "lsk98hotayxrzbf8hhf85zd3jdb48v7cda668z7qz": 0.21226315,
  "lskxdbkaqmucdeh5gvwy4jeqmcwczqtm57jt8sg3q": 0.61981083,
  "lsku25nhr8g72hccqg5ovcqe7krtt8vudvnn2my6f": 0.93396494,
  "lsk278wvfc9w56ek4dcnahvvryug2ma7wp6k4ff78": 0.43301808,
  "lskb5mno76fheuvm53wj359kr5epz8eybhxophh8o": 0.42452711,
  "lskp6q5zjvxeogmqnrv29s82h8cm5rr293njqjxdh": 0.76415149,
  "lskottbwnvryko94rwvvppapjtoa5fge3466kpjfr": 4.24529566,
  "lskwdowv62mv5v96zu9gwo6pw8akxs5a994zh57hg": 0.27169774,
  "lskv2fmavyujo4k4b829crkotvr2fhz2kn88qqp4m": 0.08490511,
  "lskxf4p79sfxy3uop2tx2rysstt8qewqecch5xwd8": 0.85754818,
  "lsk9vqoookbbjphmbs29kv6za5tf66udpx6cboanw": 0.42452711,
  "lskd7h7qgfzam3juqvfwnh98h26qmj99xdnts9dur": 0.16981036,
  "lsk62evnyy8uw2vrs67mah72879otfnhddbqdt9um": 8.49059407,
  "lsk945efxyh5sdjhcebwomjkachoweptmuw875sjp": 1.56392113,
  "lsk9ybjgepsn8c6jo5bdpeuvdqrvexo2zsx8z3hhy": 0.49731395
}
