{
  "lskf859xyn687gd7rvecbbrq2u7srcvtztwa9yc56": 120.23589868,
  "lskztxrxns7vrc6ufkmvermu5vhv49cocufk8ehxr": 4.56228327,
  "lsk8aa5t5kfkm8bgug6btdut2ekry4paoeognz4cg": 2.67190773,
  "lskd2pzojbngse68vngezmp5wgvrf23yjqjtdot7j": 0.16699347,
  "lskwwqc6pneqwxxd329kycxp8s7mbvx7u2rk9kv72": 0.00667884,
  "lskeznp4yudpkavth98ebmzw6jz6pym5hzpqgj8tp": 0.00667884,
  "lsk4hc83tf7r9q4czg69dj4xo442fsmwte7qerx2d": 6.6797707,
  "lsk3fw4ttb62k46xkommswj9wbd78kmfzzp78mohg": 5.85815908,
  "lskscse9jsp62sg2yw37t8n65bxswfodkto7vyja4": 0.1806962,
  "lskhghrkypt5jc4aov3jhjdhf5p4egn8c6q9wd5gf": 0.24220065,
  "lskm7dquz6jepotwx4z4uyt2oswaaphdyz98nzy7c": 0.00667884,
  "lskxttp8vcvexx4h3wm5dkdguemha4zncz8p74j9q": 0.06679634,
  "lskhw729t89vkhuoe699462ejrpg5z5duxx8wrodn": 0.40746519,
  "lskmwegwjdhoo8two5yhubsro7zzo5ycx2fabqxcr": 0.120235,
  "lskzeayrtw5basxrjad2trv6a9doftaw9j3wyqkqn": 0.16699347,
  "lskq7jrtxzjpsof24csvvhrc6f6hc84eqmj8w3euk": 0.40078449,
  "lsk5omwum4qt24du89cjprwkth9zxtau25rcakg5o": 1.55638578,
  "lsk58kg5pnauk9rakd2ht25avqv4a6dkzbs5ngbu2": 0.66797618,
  "lsk98hotayxrzbf8hhf85zd3jdb48v7cda668z7qz": 0.16699347,
  "lskxdbkaqmucdeh5gvwy4jeqmcwczqtm57jt8sg3q": 0.48762208,
  "lsku25nhr8g72hccqg5ovcqe7krtt8vudvnn2my6f": 0.73477413,
  "lsk278wvfc9w56ek4dcnahvvryug2ma7wp6k4ff78": 0.34066719,
  "lskb5mno76fheuvm53wj359kr5epz8eybhxophh8o": 0.03339797,
  "lskp6q5zjvxeogmqnrv29s82h8cm5rr293njqjxdh": 0.23193824
}
