{
  "lskf859xyn687gd7rvecbbrq2u7srcvtztwa9yc56": 152.10503962,
  "lskztxrxns7vrc6ufkmvermu5vhv49cocufk8ehxr": 5.77153912,
  "lskwwqc6pneqwxxd329kycxp8s7mbvx7u2rk9kv72": 0.01689831,
  "lskeznp4yudpkavth98ebmzw6jz6pym5hzpqgj8tp": 0.00844871,
  "lsk4hc83tf7r9q4czg69dj4xo442fsmwte7qerx2d": 6.52438648,
  "lsk3fw4ttb62k46xkommswj9wbd78kmfzzp78mohg": 7.52919681,
  "lskscse9jsp62sg2yw37t8n65bxswfodkto7vyja4": 0.39716149,
  "lskm7dquz6jepotwx4z4uyt2oswaaphdyz98nzy7c": 0.00844871,
  "lskxttp8vcvexx4h3wm5dkdguemha4zncz8p74j9q": 0.08450139,
  "lskhw729t89vkhuoe699462ejrpg5z5duxx8wrodn": 0.63376847,
  "lskmwegwjdhoo8two5yhubsro7zzo5ycx2fabqxcr": 0.15210309,
  "lskzeayrtw5basxrjad2trv6a9doftaw9j3wyqkqn": 0.21125453,
  "lskq7jrtxzjpsof24csvvhrc6f6hc84eqmj8w3euk": 0.65063087,
  "lsk5omwum4qt24du89cjprwkth9zxtau25rcakg5o": 1.55073601,
  "lsk98hotayxrzbf8hhf85zd3jdb48v7cda668z7qz": 0.21125453,
  "lskxdbkaqmucdeh5gvwy4jeqmcwczqtm57jt8sg3q": 0.61686893,
  "lsku25nhr8g72hccqg5ovcqe7krtt8vudvnn2my6f": 0.92952904,
  "lsk278wvfc9w56ek4dcnahvvryug2ma7wp6k4ff78": 0.00844871,
  "lskb5mno76fheuvm53wj359kr5epz8eybhxophh8o": 0.42251105,
  "lskp6q5zjvxeogmqnrv29s82h8cm5rr293njqjxdh": 0.76052331,
  "lskottbwnvryko94rwvvppapjtoa5fge3466kpjfr": 4.22513867,
  "lskv2fmavyujo4k4b829crkotvr2fhz2kn88qqp4m": 0.08450139,
  "lsk9vqoookbbjphmbs29kv6za5tf66udpx6cboanw": 0.42251105,
  "lskd7h7qgfzam3juqvfwnh98h26qmj99xdnts9dur": 0.16900384,
  "lsk62evnyy8uw2vrs67mah72879otfnhddbqdt9um": 8.45027838,
  "lsk945efxyh5sdjhcebwomjkachoweptmuw875sjp": 2.12946839,
  "lsk2j9dsvzgark9ypzw2tzcn2vuyppattq54r9oss": 1.75765674,
  "lskpbwgrq6pdop3sxkvr3v9757wekks2p8sbaw6dk": 0.0066,
  "lskumrdgca4a6p3ws2btjf6vyqwjmzctesghvcwen": 34.64614665,
  "lskc3du5erm5snzxcq5nnsm658qe5wk4y2wbz38qo": 1.02199109
}
