{
  "lskf859xyn687gd7rvecbbrq2u7srcvtztwa9yc56": 58.7488662,
  "lskztxrxns7vrc6ufkmvermu5vhv49cocufk8ehxr": 2.22919219,
  "lskwwqc6pneqwxxd329kycxp8s7mbvx7u2rk9kv72": 0.0065268,
  "lskeznp4yudpkavth98ebmzw6jz6pym5hzpqgj8tp": 0.0032634,
  "lsk4hc83tf7r9q4czg69dj4xo442fsmwte7qerx2d": 3.26382499,
  "lsk3fw4ttb62k46xkommswj9wbd78kmfzzp78mohg": 2.90806759,
  "lskscse9jsp62sg2yw37t8n65bxswfodkto7vyja4": 0.1533996,
  "lskm7dquz6jepotwx4z4uyt2oswaaphdyz98nzy7c": 0.0032634,
  "lskxttp8vcvexx4h3wm5dkdguemha4zncz8p74j9q": 0.0326376,
  "lskhw729t89vkhuoe699462ejrpg5z5duxx8wrodn": 0.24478579,
  "lskmwegwjdhoo8two5yhubsro7zzo5ycx2fabqxcr": 0.0587484,
  "lskzeayrtw5basxrjad2trv6a9doftaw9j3wyqkqn": 0.08159419,
  "lskq7jrtxzjpsof24csvvhrc6f6hc84eqmj8w3euk": 0.32638159,
  "lsk5omwum4qt24du89cjprwkth9zxtau25rcakg5o": 0.7604712,
  "lsk98hotayxrzbf8hhf85zd3jdb48v7cda668z7qz": 0.08159419,
  "lskxdbkaqmucdeh5gvwy4jeqmcwczqtm57jt8sg3q": 0.2382588,
  "lsku25nhr8g72hccqg5ovcqe7krtt8vudvnn2my6f": 0.3590208,
  "lsk278wvfc9w56ek4dcnahvvryug2ma7wp6k4ff78": 0.0032634,
  "lskb5mno76fheuvm53wj359kr5epz8eybhxophh8o": 0.16318999,
  "lskp6q5zjvxeogmqnrv29s82h8cm5rr293njqjxdh": 0.2937438,
  "lskottbwnvryko94rwvvppapjtoa5fge3466kpjfr": 1.6319124,
  "lskv2fmavyujo4k4b829crkotvr2fhz2kn88qqp4m": 0.0326376,
  "lsk9vqoookbbjphmbs29kv6za5tf66udpx6cboanw": 0.16318999,
  "lskd7h7qgfzam3juqvfwnh98h26qmj99xdnts9dur": 0.06527539,
  "lsk62evnyy8uw2vrs67mah72879otfnhddbqdt9um": 3.26382499,
  "lsk945efxyh5sdjhcebwomjkachoweptmuw875sjp": 0.82248319,
  "lsk2j9dsvzgark9ypzw2tzcn2vuyppattq54r9oss": 0.6788754,
  "lskpbwgrq6pdop3sxkvr3v9757wekks2p8sbaw6dk": 0.0066,
  "lskumrdgca4a6p3ws2btjf6vyqwjmzctesghvcwen": 13.381686
}
