{
  "lskf859xyn687gd7rvecbbrq2u7srcvtztwa9yc56": 64.16195773,
  "lskztxrxns7vrc6ufkmvermu5vhv49cocufk8ehxr": 2.43458863,
  "lsk8aa5t5kfkm8bgug6btdut2ekry4paoeognz4cg": 1.42582069,
  "lskd2pzojbngse68vngezmp5wgvrf23yjqjtdot7j": 0.08911326,
  "lskwwqc6pneqwxxd329kycxp8s7mbvx7u2rk9kv72": 0.00356347,
  "lskeznp4yudpkavth98ebmzw6jz6pym5hzpqgj8tp": 0.00356347,
  "lsk4hc83tf7r9q4czg69dj4xo442fsmwte7qerx2d": 3.56455253,
  "lsk3fw4ttb62k46xkommswj9wbd78kmfzzp78mohg": 3.0655152,
  "lskscse9jsp62sg2yw37t8n65bxswfodkto7vyja4": 0.0712908,
  "lskhghrkypt5jc4aov3jhjdhf5p4egn8c6q9wd5gf": 0.29942125,
  "lskm7dquz6jepotwx4z4uyt2oswaaphdyz98nzy7c": 0.00356347,
  "lskxttp8vcvexx4h3wm5dkdguemha4zncz8p74j9q": 0.03564478,
  "lskhw729t89vkhuoe699462ejrpg5z5duxx8wrodn": 0.21743728,
  "lskmwegwjdhoo8two5yhubsro7zzo5ycx2fabqxcr": 0.02851536,
  "lskzeayrtw5basxrjad2trv6a9doftaw9j3wyqkqn": 0.08911326,
  "lskq7jrtxzjpsof24csvvhrc6f6hc84eqmj8w3euk": 0.21387269,
  "lsk5omwum4qt24du89cjprwkth9zxtau25rcakg5o": 0.53468236,
  "lsk58kg5pnauk9rakd2ht25avqv4a6dkzbs5ngbu2": 0.14258162,
  "lsk98hotayxrzbf8hhf85zd3jdb48v7cda668z7qz": 0.08911326,
  "lskxdbkaqmucdeh5gvwy4jeqmcwczqtm57jt8sg3q": 0.21087375,
  "lsku25nhr8g72hccqg5ovcqe7krtt8vudvnn2my6f": 0.31520056
}
