{
  "lskf859xyn687gd7rvecbbrq2u7srcvtztwa9yc56": 141.81780724,
  "lskztxrxns7vrc6ufkmvermu5vhv49cocufk8ehxr": 5.38119782,
  "lsk8aa5t5kfkm8bgug6btdut2ekry4paoeognz4cg": 3.15150574,
  "lskd2pzojbngse68vngezmp5wgvrf23yjqjtdot7j": 0.1969678,
  "lskwwqc6pneqwxxd329kycxp8s7mbvx7u2rk9kv72": 0.00787612,
  "lskeznp4yudpkavth98ebmzw6jz6pym5hzpqgj8tp": 0.00787612,
  "lsk4hc83tf7r9q4czg69dj4xo442fsmwte7qerx2d": 7.87876552,
  "lsk3fw4ttb62k46xkommswj9wbd78kmfzzp78mohg": 6.77573776,
  "lskscse9jsp62sg2yw37t8n65bxswfodkto7vyja4": 0.1119534,
  "lskhghrkypt5jc4aov3jhjdhf5p4egn8c6q9wd5gf": 0.37029936,
  "lskm7dquz6jepotwx4z4uyt2oswaaphdyz98nzy7c": 0.00787612,
  "lskxttp8vcvexx4h3wm5dkdguemha4zncz8p74j9q": 0.07878656,
  "lskhw729t89vkhuoe699462ejrpg5z5duxx8wrodn": 0.4806044,
  "lskmwegwjdhoo8two5yhubsro7zzo5ycx2fabqxcr": 0.06302852,
  "lskzeayrtw5basxrjad2trv6a9doftaw9j3wyqkqn": 0.1969678,
  "lskq7jrtxzjpsof24csvvhrc6f6hc84eqmj8w3euk": 0.47272534
}
