{
  "lskf859xyn687gd7rvecbbrq2u7srcvtztwa9yc56": 35.92645871,
  "lskztxrxns7vrc6ufkmvermu5vhv49cocufk8ehxr": 1.26635713,
  "lsk8aa5t5kfkm8bgug6btdut2ekry4paoeognz4cg": 0.79836524,
  "lskd2pzojbngse68vngezmp5wgvrf23yjqjtdot7j": 0.04989742,
  "lskwwqc6pneqwxxd329kycxp8s7mbvx7u2rk9kv72": 0.00199568,
  "lskeznp4yudpkavth98ebmzw6jz6pym5hzpqgj8tp": 0.00199568,
  "lsk4hc83tf7r9q4czg69dj4xo442fsmwte7qerx2d": 1.49693524,
  "lsk3fw4ttb62k46xkommswj9wbd78kmfzzp78mohg": 1.71648595,
  "lskscse9jsp62sg2yw37t8n65bxswfodkto7vyja4": 0.02594643,
  "lskhghrkypt5jc4aov3jhjdhf5p4egn8c6q9wd5gf": 0.05987711,
  "lskm7dquz6jepotwx4z4uyt2oswaaphdyz98nzy7c": 0.00199568,
  "lskxttp8vcvexx4h3wm5dkdguemha4zncz8p74j9q": 0.01995891,
  "lskhw729t89vkhuoe699462ejrpg5z5duxx8wrodn": 0.12175054,
  "lskmwegwjdhoo8two5yhubsro7zzo5ycx2fabqxcr": 0.01197502
}
