{
  "lskf859xyn687gd7rvecbbrq2u7srcvtztwa9yc56": 31.98549382,
  "lskztxrxns7vrc6ufkmvermu5vhv49cocufk8ehxr": 1.21367131,
  "lskwwqc6pneqwxxd329kycxp8s7mbvx7u2rk9kv72": 0.00355348,
  "lskeznp4yudpkavth98ebmzw6jz6pym5hzpqgj8tp": 0.00177674,
  "lsk4hc83tf7r9q4czg69dj4xo442fsmwte7qerx2d": 1.77697139,
  "lsk3fw4ttb62k46xkommswj9wbd78kmfzzp78mohg": 1.58328125,
  "lskscse9jsp62sg2yw37t8n65bxswfodkto7vyja4": 0.08351756,
  "lskm7dquz6jepotwx4z4uyt2oswaaphdyz98nzy7c": 0.00177674,
  "lskxttp8vcvexx4h3wm5dkdguemha4zncz8p74j9q": 0.01776936,
  "lskhw729t89vkhuoe699462ejrpg5z5duxx8wrodn": 0.13327227,
  "lskmwegwjdhoo8two5yhubsro7zzo5ycx2fabqxcr": 0.03198524,
  "lskzeayrtw5basxrjad2trv6a9doftaw9j3wyqkqn": 0.04442351,
  "lskq7jrtxzjpsof24csvvhrc6f6hc84eqmj8w3euk": 0.17769665,
  "lsk5omwum4qt24du89cjprwkth9zxtau25rcakg5o": 0.41403432,
  "lsk98hotayxrzbf8hhf85zd3jdb48v7cda668z7qz": 0.04442351,
  "lskxdbkaqmucdeh5gvwy4jeqmcwczqtm57jt8sg3q": 0.12971868,
  "lsku25nhr8g72hccqg5ovcqe7krtt8vudvnn2my6f": 0.19546688,
  "lsk278wvfc9w56ek4dcnahvvryug2ma7wp6k4ff78": 0.00177674,
  "lskb5mno76fheuvm53wj359kr5epz8eybhxophh8o": 0.08884789,
  "lskp6q5zjvxeogmqnrv29s82h8cm5rr293njqjxdh": 0.15992718,
  "lskottbwnvryko94rwvvppapjtoa5fge3466kpjfr": 0.88848564,
  "lskv2fmavyujo4k4b829crkotvr2fhz2kn88qqp4m": 0.01776936,
  "lsk9vqoookbbjphmbs29kv6za5tf66udpx6cboanw": 0.08884789,
  "lskd7h7qgfzam3juqvfwnh98h26qmj99xdnts9dur": 0.03553883,
  "lsk62evnyy8uw2vrs67mah72879otfnhddbqdt9um": 1.77697139,
  "lsk945efxyh5sdjhcebwomjkachoweptmuw875sjp": 0.44779641,
  "lsk2j9dsvzgark9ypzw2tzcn2vuyppattq54r9oss": 0.36960994,
  "lskpbwgrq6pdop3sxkvr3v9757wekks2p8sbaw6dk": 0.0066,
  "lskumrdgca4a6p3ws2btjf6vyqwjmzctesghvcwen": 7.2855846
}
