{
  "lskf859xyn687gd7rvecbbrq2u7srcvtztwa9yc56": 203.66187672,
  "lskztxrxns7vrc6ufkmvermu5vhv49cocufk8ehxr": 7.7278345,
  "lsk3fw4ttb62k46xkommswj9wbd78kmfzzp78mohg": 10.08126224,
  "lskscse9jsp62sg2yw37t8n65bxswfodkto7vyja4": 0.72782526,
  "lskm7dquz6jepotwx4z4uyt2oswaaphdyz98nzy7c": 0.01131287,
  "lskxttp8vcvexx4h3wm5dkdguemha4zncz8p74j9q": 0.11314209,
  "lskhw729t89vkhuoe699462ejrpg5z5duxx8wrodn": 0.92779205,
  "lskmwegwjdhoo8two5yhubsro7zzo5ycx2fabqxcr": 0.20366111,
  "lsk98hotayxrzbf8hhf85zd3jdb48v7cda668z7qz": 0.28286324,
  "lskxdbkaqmucdeh5gvwy4jeqmcwczqtm57jt8sg3q": 0.82595951,
  "lsku25nhr8g72hccqg5ovcqe7krtt8vudvnn2my6f": 1.2445963,
  "lsk278wvfc9w56ek4dcnahvvryug2ma7wp6k4ff78": 0.01131287,
  "lskb5mno76fheuvm53wj359kr5epz8eybhxophh8o": 0.56572648,
  "lskp6q5zjvxeogmqnrv29s82h8cm5rr293njqjxdh": 0.79201573,
  "lskv2fmavyujo4k4b829crkotvr2fhz2kn88qqp4m": 0.05657037,
  "lskd7h7qgfzam3juqvfwnh98h26qmj99xdnts9dur": 0.44126303,
  "lskpbwgrq6pdop3sxkvr3v9757wekks2p8sbaw6dk": 0.0066,
  "lskumrdgca4a6p3ws2btjf6vyqwjmzctesghvcwen": 46.3896491,
  "lskc3du5erm5snzxcq5nnsm658qe5wk4y2wbz38qo": 4.42398687,
  "lskdm6dt4xmyvu6cnjoxk9ua5z26ssnamqz7ftqfo": 0.01131287
}
