{
  "lskf859xyn687gd7rvecbbrq2u7srcvtztwa9yc56": 30.2288756,
  "lskztxrxns7vrc6ufkmvermu5vhv49cocufk8ehxr": 1.14701723,
  "lsk8aa5t5kfkm8bgug6btdut2ekry4paoeognz4cg": 0.67175223,
  "lskd2pzojbngse68vngezmp5wgvrf23yjqjtdot7j": 0.04198393,
  "lskwwqc6pneqwxxd329kycxp8s7mbvx7u2rk9kv72": 0.0016793,
  "lskeznp4yudpkavth98ebmzw6jz6pym5hzpqgj8tp": 0.0016793,
  "lsk4hc83tf7r9q4czg69dj4xo442fsmwte7qerx2d": 1.25953593,
  "lsk3fw4ttb62k46xkommswj9wbd78kmfzzp78mohg": 1.44426803,
  "lskscse9jsp62sg2yw37t8n65bxswfodkto7vyja4": 0.02183163,
  "lskhghrkypt5jc4aov3jhjdhf5p4egn8c6q9wd5gf": 0.05038113,
  "lskm7dquz6jepotwx4z4uyt2oswaaphdyz98nzy7c": 0.0016793,
  "lskxttp8vcvexx4h3wm5dkdguemha4zncz8p74j9q": 0.0167937,
  "lskhw729t89vkhuoe699462ejrpg5z5duxx8wrodn": 0.1024422,
  "lskmwegwjdhoo8two5yhubsro7zzo5ycx2fabqxcr": 0.01007583
}
