{
  "lskf859xyn687gd7rvecbbrq2u7srcvtztwa9yc56": 142.0551614,
  "lskztxrxns7vrc6ufkmvermu5vhv49cocufk8ehxr": 5.39020122,
  "lsk3fw4ttb62k46xkommswj9wbd78kmfzzp78mohg": 7.15010714,
  "lskscse9jsp62sg2yw37t8n65bxswfodkto7vyja4": 0.66292174,
  "lskm7dquz6jepotwx4z4uyt2oswaaphdyz98nzy7c": 0.00789192,
  "lskxttp8vcvexx4h3wm5dkdguemha4zncz8p74j9q": 0.0789192,
  "lskmwegwjdhoo8two5yhubsro7zzo5ycx2fabqxcr": 0.14205456,
  "lsk98hotayxrzbf8hhf85zd3jdb48v7cda668z7qz": 0.197298,
  "lskxdbkaqmucdeh5gvwy4jeqmcwczqtm57jt8sg3q": 0.57611062,
  "lsku25nhr8g72hccqg5ovcqe7krtt8vudvnn2my6f": 0.86811166,
  "lsk278wvfc9w56ek4dcnahvvryug2ma7wp6k4ff78": 0.00789192,
  "lskb5mno76fheuvm53wj359kr5epz8eybhxophh8o": 0.394596,
  "lskp6q5zjvxeogmqnrv29s82h8cm5rr293njqjxdh": 0.55243486,
  "lskv2fmavyujo4k4b829crkotvr2fhz2kn88qqp4m": 0.0394596,
  "lskd7h7qgfzam3juqvfwnh98h26qmj99xdnts9dur": 0.42616368,
  "lskpbwgrq6pdop3sxkvr3v9757wekks2p8sbaw6dk": 0.0066,
  "lskumrdgca4a6p3ws2btjf6vyqwjmzctesghvcwen": 32.3570078,
  "lskc3du5erm5snzxcq5nnsm658qe5wk4y2wbz38qo": 3.08575236,
  "lskdm6dt4xmyvu6cnjoxk9ua5z26ssnamqz7ftqfo": 0.00789192
}
