{
  "lskf859xyn687gd7rvecbbrq2u7srcvtztwa9yc56": 105.11316561,
  "lskztxrxns7vrc6ufkmvermu5vhv49cocufk8ehxr": 3.98845937,
  "lskwwqc6pneqwxxd329kycxp8s7mbvx7u2rk9kv72": 0.01167849,
  "lskeznp4yudpkavth98ebmzw6jz6pym5hzpqgj8tp": 0.0058381,
  "lsk3fw4ttb62k46xkommswj9wbd78kmfzzp78mohg": 5.20310133,
  "lskscse9jsp62sg2yw37t8n65bxswfodkto7vyja4": 0.28613991,
  "lskm7dquz6jepotwx4z4uyt2oswaaphdyz98nzy7c": 0.0058381,
  "lskxttp8vcvexx4h3wm5dkdguemha4zncz8p74j9q": 0.0583958,
  "lskhw729t89vkhuoe699462ejrpg5z5duxx8wrodn": 0.4379705,
  "lskmwegwjdhoo8two5yhubsro7zzo5ycx2fabqxcr": 0.10511151,
  "lsk98hotayxrzbf8hhf85zd3jdb48v7cda668z7qz": 0.14598969,
  "lskxdbkaqmucdeh5gvwy4jeqmcwczqtm57jt8sg3q": 0.42629076,
  "lsku25nhr8g72hccqg5ovcqe7krtt8vudvnn2my6f": 0.64235627,
  "lsk278wvfc9w56ek4dcnahvvryug2ma7wp6k4ff78": 0.0058381,
  "lskb5mno76fheuvm53wj359kr5epz8eybhxophh8o": 0.29197952,
  "lskp6q5zjvxeogmqnrv29s82h8cm5rr293njqjxdh": 0.45244108,
  "lskottbwnvryko94rwvvppapjtoa5fge3466kpjfr": 0.4556889,
  "lskv2fmavyujo4k4b829crkotvr2fhz2kn88qqp4m": 0.0583958,
  "lsk9vqoookbbjphmbs29kv6za5tf66udpx6cboanw": 0.29197952,
  "lskd7h7qgfzam3juqvfwnh98h26qmj99xdnts9dur": 0.16830281,
  "lsk62evnyy8uw2vrs67mah72879otfnhddbqdt9um": 5.83961943,
  "lsk945efxyh5sdjhcebwomjkachoweptmuw875sjp": 1.471583,
  "lsk2j9dsvzgark9ypzw2tzcn2vuyppattq54r9oss": 1.2146395,
  "lskpbwgrq6pdop3sxkvr3v9757wekks2p8sbaw6dk": 0.0066,
  "lskumrdgca4a6p3ws2btjf6vyqwjmzctesghvcwen": 23.94244186,
  "lskc3du5erm5snzxcq5nnsm658qe5wk4y2wbz38qo": 2.37672363
}
