{
  "lskf859xyn687gd7rvecbbrq2u7srcvtztwa9yc56": 75.27726301,
  "lskztxrxns7vrc6ufkmvermu5vhv49cocufk8ehxr": 2.85635376,
  "lsk8aa5t5kfkm8bgug6btdut2ekry4paoeognz4cg": 1.67282734,
  "lskd2pzojbngse68vngezmp5wgvrf23yjqjtdot7j": 0.10455103,
  "lskwwqc6pneqwxxd329kycxp8s7mbvx7u2rk9kv72": 0.00418123,
  "lskeznp4yudpkavth98ebmzw6jz6pym5hzpqgj8tp": 0.00418123,
  "lsk4hc83tf7r9q4czg69dj4xo442fsmwte7qerx2d": 4.18207016,
  "lsk3fw4ttb62k46xkommswj9wbd78kmfzzp78mohg": 3.59657873,
  "lskscse9jsp62sg2yw37t8n65bxswfodkto7vyja4": 0.09618702,
  "lskhghrkypt5jc4aov3jhjdhf5p4egn8c6q9wd5gf": 0.35129385,
  "lskm7dquz6jepotwx4z4uyt2oswaaphdyz98nzy7c": 0.00418123,
  "lskxttp8vcvexx4h3wm5dkdguemha4zncz8p74j9q": 0.04182005,
  "lskhw729t89vkhuoe699462ejrpg5z5duxx8wrodn": 0.25510515,
  "lskmwegwjdhoo8two5yhubsro7zzo5ycx2fabqxcr": 0.03345604,
  "lskzeayrtw5basxrjad2trv6a9doftaw9j3wyqkqn": 0.10455103,
  "lskq7jrtxzjpsof24csvvhrc6f6hc84eqmj8w3euk": 0.25092392,
  "lsk5omwum4qt24du89cjprwkth9zxtau25rcakg5o": 0.6273098,
  "lsk58kg5pnauk9rakd2ht25avqv4a6dkzbs5ngbu2": 0.16728201,
  "lsk98hotayxrzbf8hhf85zd3jdb48v7cda668z7qz": 0.10455103,
  "lskxdbkaqmucdeh5gvwy4jeqmcwczqtm57jt8sg3q": 0.30529089,
  "lsku25nhr8g72hccqg5ovcqe7krtt8vudvnn2my6f": 0.46002611
}
