{
  "lskf859xyn687gd7rvecbbrq2u7srcvtztwa9yc56": 126.25470052,
  "lskztxrxns7vrc6ufkmvermu5vhv49cocufk8ehxr": 4.79066313,
  "lsk8aa5t5kfkm8bgug6btdut2ekry4paoeognz4cg": 2.80565884,
  "lskd2pzojbngse68vngezmp5wgvrf23yjqjtdot7j": 0.17535223,
  "lskwwqc6pneqwxxd329kycxp8s7mbvx7u2rk9kv72": 0.00701352,
  "lskeznp4yudpkavth98ebmzw6jz6pym5hzpqgj8tp": 0.00701352,
  "lsk4hc83tf7r9q4czg69dj4xo442fsmwte7qerx2d": 7.01414807,
  "lsk3fw4ttb62k46xkommswj9wbd78kmfzzp78mohg": 6.1514075,
  "lskscse9jsp62sg2yw37t8n65bxswfodkto7vyja4": 0.18270945,
  "lskhghrkypt5jc4aov3jhjdhf5p4egn8c6q9wd5gf": 0.65231425,
  "lskm7dquz6jepotwx4z4uyt2oswaaphdyz98nzy7c": 0.00701352,
  "lskxttp8vcvexx4h3wm5dkdguemha4zncz8p74j9q": 0.07014117,
  "lskhw729t89vkhuoe699462ejrpg5z5duxx8wrodn": 0.42786161,
  "lskmwegwjdhoo8two5yhubsro7zzo5ycx2fabqxcr": 0.12625259,
  "lskzeayrtw5basxrjad2trv6a9doftaw9j3wyqkqn": 0.17535223,
  "lskq7jrtxzjpsof24csvvhrc6f6hc84eqmj8w3euk": 0.42084799,
  "lsk5omwum4qt24du89cjprwkth9zxtau25rcakg5o": 1.63429563,
  "lsk58kg5pnauk9rakd2ht25avqv4a6dkzbs5ngbu2": 0.28056478,
  "lsk98hotayxrzbf8hhf85zd3jdb48v7cda668z7qz": 0.17535223,
  "lskxdbkaqmucdeh5gvwy4jeqmcwczqtm57jt8sg3q": 0.51203104,
  "lsku25nhr8g72hccqg5ovcqe7krtt8vudvnn2my6f": 0.77155506,
  "lsk278wvfc9w56ek4dcnahvvryug2ma7wp6k4ff78": 0.35772034
}
