{
  "lskf859xyn687gd7rvecbbrq2u7srcvtztwa9yc56": 76.17491552,
  "lskztxrxns7vrc6ufkmvermu5vhv49cocufk8ehxr": 2.89041364,
  "lskwwqc6pneqwxxd329kycxp8s7mbvx7u2rk9kv72": 0.0084628,
  "lskeznp4yudpkavth98ebmzw6jz6pym5hzpqgj8tp": 0.00423048,
  "lsk3fw4ttb62k46xkommswj9wbd78kmfzzp78mohg": 3.77065732,
  "lskscse9jsp62sg2yw37t8n65bxswfodkto7vyja4": 0.19890014,
  "lskm7dquz6jepotwx4z4uyt2oswaaphdyz98nzy7c": 0.00423048,
  "lskxttp8vcvexx4h3wm5dkdguemha4zncz8p74j9q": 0.04231834,
  "lskhw729t89vkhuoe699462ejrpg5z5duxx8wrodn": 0.3173947,
  "lskmwegwjdhoo8two5yhubsro7zzo5ycx2fabqxcr": 0.07617396,
  "lskzeayrtw5basxrjad2trv6a9doftaw9j3wyqkqn": 0.1057975,
  "lsk98hotayxrzbf8hhf85zd3jdb48v7cda668z7qz": 0.1057975,
  "lskxdbkaqmucdeh5gvwy4jeqmcwczqtm57jt8sg3q": 0.30893028,
  "lsku25nhr8g72hccqg5ovcqe7krtt8vudvnn2my6f": 0.46551246,
  "lsk278wvfc9w56ek4dcnahvvryug2ma7wp6k4ff78": 0.00423048,
  "lskb5mno76fheuvm53wj359kr5epz8eybhxophh8o": 0.21159534,
  "lskp6q5zjvxeogmqnrv29s82h8cm5rr293njqjxdh": 0.38087382,
  "lskottbwnvryko94rwvvppapjtoa5fge3466kpjfr": 2.115969,
  "lskv2fmavyujo4k4b829crkotvr2fhz2kn88qqp4m": 0.04231834,
  "lsk9vqoookbbjphmbs29kv6za5tf66udpx6cboanw": 0.21159534,
  "lskd7h7qgfzam3juqvfwnh98h26qmj99xdnts9dur": 0.08796384,
  "lsk62evnyy8uw2vrs67mah72879otfnhddbqdt9um": 4.2319396,
  "lsk945efxyh5sdjhcebwomjkachoweptmuw875sjp": 1.06644778,
  "lsk2j9dsvzgark9ypzw2tzcn2vuyppattq54r9oss": 0.88024244,
  "lskpbwgrq6pdop3sxkvr3v9757wekks2p8sbaw6dk": 0.0066,
  "lskumrdgca4a6p3ws2btjf6vyqwjmzctesghvcwen": 17.3509514,
  "lskc3du5erm5snzxcq5nnsm658qe5wk4y2wbz38qo": 0.9421095
}
