{
  "lskf859xyn687gd7rvecbbrq2u7srcvtztwa9yc56": 74.17575068,
  "lskztxrxns7vrc6ufkmvermu5vhv49cocufk8ehxr": 2.81455663,
  "lsk8aa5t5kfkm8bgug6btdut2ekry4paoeognz4cg": 1.64834941,
  "lskwwqc6pneqwxxd329kycxp8s7mbvx7u2rk9kv72": 0.00824101,
  "lskeznp4yudpkavth98ebmzw6jz6pym5hzpqgj8tp": 0.00412014,
  "lsk4hc83tf7r9q4czg69dj4xo442fsmwte7qerx2d": 4.12087417,
  "lsk3fw4ttb62k46xkommswj9wbd78kmfzzp78mohg": 3.6140067,
  "lskscse9jsp62sg2yw37t8n65bxswfodkto7vyja4": 0.16483447,
  "lskm7dquz6jepotwx4z4uyt2oswaaphdyz98nzy7c": 0.00412014,
  "lskxttp8vcvexx4h3wm5dkdguemha4zncz8p74j9q": 0.04120831,
  "lskhw729t89vkhuoe699462ejrpg5z5duxx8wrodn": 0.3090648,
  "lskmwegwjdhoo8two5yhubsro7zzo5ycx2fabqxcr": 0.07417458,
  "lskzeayrtw5basxrjad2trv6a9doftaw9j3wyqkqn": 0.10302115,
  "lskq7jrtxzjpsof24csvvhrc6f6hc84eqmj8w3euk": 0.31902985,
  "lsk5omwum4qt24du89cjprwkth9zxtau25rcakg5o": 0.96016289,
  "lsk58kg5pnauk9rakd2ht25avqv4a6dkzbs5ngbu2": 0.41208631,
  "lsk98hotayxrzbf8hhf85zd3jdb48v7cda668z7qz": 0.10302115,
  "lskxdbkaqmucdeh5gvwy4jeqmcwczqtm57jt8sg3q": 0.3008226,
  "lsku25nhr8g72hccqg5ovcqe7krtt8vudvnn2my6f": 0.45329594,
  "lsk278wvfc9w56ek4dcnahvvryug2ma7wp6k4ff78": 0.21016365,
  "lskb5mno76fheuvm53wj359kr5epz8eybhxophh8o": 0.20604278,
  "lskp6q5zjvxeogmqnrv29s82h8cm5rr293njqjxdh": 0.37087786,
  "lskottbwnvryko94rwvvppapjtoa5fge3466kpjfr": 2.06043643,
  "lskwdowv62mv5v96zu9gwo6pw8akxs5a994zh57hg": 0.13186714,
  "lskv2fmavyujo4k4b829crkotvr2fhz2kn88qqp4m": 0.04120831,
  "lskxf4p79sfxy3uop2tx2rysstt8qewqecch5xwd8": 0.41620765,
  "lsk9vqoookbbjphmbs29kv6za5tf66udpx6cboanw": 0.20604278,
  "lskd7h7qgfzam3juqvfwnh98h26qmj99xdnts9dur": 0.08241676,
  "lsk62evnyy8uw2vrs67mah72879otfnhddbqdt9um": 4.12087417,
  "lsk945efxyh5sdjhcebwomjkachoweptmuw875sjp": 0.46275253,
  "lsk9ybjgepsn8c6jo5bdpeuvdqrvexo2zsx8z3hhy": 0.06034352
}
