{
  "lskf859xyn687gd7rvecbbrq2u7srcvtztwa9yc56": 36.72194069,
  "lskztxrxns7vrc6ufkmvermu5vhv49cocufk8ehxr": 1.39339295,
  "lsk8aa5t5kfkm8bgug6btdut2ekry4paoeognz4cg": 0.06393177,
  "lskwwqc6pneqwxxd329kycxp8s7mbvx7u2rk9kv72": 0.00408002,
  "lskeznp4yudpkavth98ebmzw6jz6pym5hzpqgj8tp": 0.00203997,
  "lsk4hc83tf7r9q4czg69dj4xo442fsmwte7qerx2d": 2.04010717,
  "lsk3fw4ttb62k46xkommswj9wbd78kmfzzp78mohg": 1.7919569,
  "lskscse9jsp62sg2yw37t8n65bxswfodkto7vyja4": 0.08160396,
  "lskm7dquz6jepotwx4z4uyt2oswaaphdyz98nzy7c": 0.00203997,
  "lskxttp8vcvexx4h3wm5dkdguemha4zncz8p74j9q": 0.02040054,
  "lskhw729t89vkhuoe699462ejrpg5z5duxx8wrodn": 0.15300776,
  "lskmwegwjdhoo8two5yhubsro7zzo5ycx2fabqxcr": 0.03672179,
  "lskzeayrtw5basxrjad2trv6a9doftaw9j3wyqkqn": 0.05100224,
  "lskq7jrtxzjpsof24csvvhrc6f6hc84eqmj8w3euk": 0.20401021,
  "lsk5omwum4qt24du89cjprwkth9zxtau25rcakg5o": 0.47534486,
  "lsk58kg5pnauk9rakd2ht25avqv4a6dkzbs5ngbu2": 0.20401021,
  "lsk98hotayxrzbf8hhf85zd3jdb48v7cda668z7qz": 0.05100224,
  "lskxdbkaqmucdeh5gvwy4jeqmcwczqtm57jt8sg3q": 0.14892766,
  "lsku25nhr8g72hccqg5ovcqe7krtt8vudvnn2my6f": 0.22441156,
  "lsk278wvfc9w56ek4dcnahvvryug2ma7wp6k4ff78": 0.00203997,
  "lskb5mno76fheuvm53wj359kr5epz8eybhxophh8o": 0.10200469,
  "lskp6q5zjvxeogmqnrv29s82h8cm5rr293njqjxdh": 0.18360949,
  "lskottbwnvryko94rwvvppapjtoa5fge3466kpjfr": 1.02005344,
  "lskv2fmavyujo4k4b829crkotvr2fhz2kn88qqp4m": 0.02040054,
  "lskxf4p79sfxy3uop2tx2rysstt8qewqecch5xwd8": 0.01614276,
  "lsk9vqoookbbjphmbs29kv6za5tf66udpx6cboanw": 0.10200469,
  "lskd7h7qgfzam3juqvfwnh98h26qmj99xdnts9dur": 0.04080189,
  "lsk62evnyy8uw2vrs67mah72879otfnhddbqdt9um": 2.04010717,
  "lsk945efxyh5sdjhcebwomjkachoweptmuw875sjp": 0.51410678,
  "lsk2j9dsvzgark9ypzw2tzcn2vuyppattq54r9oss": 0.42434168,
  "lskpbwgrq6pdop3sxkvr3v9757wekks2p8sbaw6dk": 0.0066,
  "lskumrdgca4a6p3ws2btjf6vyqwjmzctesghvcwen": 8.36444165
}
