{
  "lskf859xyn687gd7rvecbbrq2u7srcvtztwa9yc56": 398.39460272,
  "lskztxrxns7vrc6ufkmvermu5vhv49cocufk8ehxr": 15.11685892,
  "lsk8aa5t5kfkm8bgug6btdut2ekry4paoeognz4cg": 8.85321105,
  "lskd2pzojbngse68vngezmp5wgvrf23yjqjtdot7j": 0.28122448,
  "lskwwqc6pneqwxxd329kycxp8s7mbvx7u2rk9kv72": 0.04426494,
  "lskeznp4yudpkavth98ebmzw6jz6pym5hzpqgj8tp": 0.02213062,
  "lsk4hc83tf7r9q4czg69dj4xo442fsmwte7qerx2d": 22.13303085,
  "lsk3fw4ttb62k46xkommswj9wbd78kmfzzp78mohg": 19.4106699,
  "lskscse9jsp62sg2yw37t8n65bxswfodkto7vyja4": 0.74729566,
  "lskm7dquz6jepotwx4z4uyt2oswaaphdyz98nzy7c": 0.02213062,
  "lskxttp8vcvexx4h3wm5dkdguemha4zncz8p74j9q": 0.22132903,
  "lskhw729t89vkhuoe699462ejrpg5z5duxx8wrodn": 1.65997525,
  "lskmwegwjdhoo8two5yhubsro7zzo5ycx2fabqxcr": 0.39839248,
  "lskzeayrtw5basxrjad2trv6a9doftaw9j3wyqkqn": 0.5533242,
  "lskq7jrtxzjpsof24csvvhrc6f6hc84eqmj8w3euk": 1.32798015,
  "lsk5omwum4qt24du89cjprwkth9zxtau25rcakg5o": 5.1569934,
  "lsk58kg5pnauk9rakd2ht25avqv4a6dkzbs5ngbu2": 2.21330129,
  "lsk98hotayxrzbf8hhf85zd3jdb48v7cda668z7qz": 0.5533242,
  "lskxdbkaqmucdeh5gvwy4jeqmcwczqtm57jt8sg3q": 1.61570904,
  "lsku25nhr8g72hccqg5ovcqe7krtt8vudvnn2my6f": 2.43463139,
  "lsk278wvfc9w56ek4dcnahvvryug2ma7wp6k4ff78": 1.12878167,
  "lskb5mno76fheuvm53wj359kr5epz8eybhxophh8o": 1.10664998,
  "lskp6q5zjvxeogmqnrv29s82h8cm5rr293njqjxdh": 1.9919709,
  "lskottbwnvryko94rwvvppapjtoa5fge3466kpjfr": 11.0665143,
  "lskwdowv62mv5v96zu9gwo6pw8akxs5a994zh57hg": 0.70825598,
  "lskv2fmavyujo4k4b829crkotvr2fhz2kn88qqp4m": 0.12505415,
  "lskxf4p79sfxy3uop2tx2rysstt8qewqecch5xwd8": 2.22644858,
  "lsk9vqoookbbjphmbs29kv6za5tf66udpx6cboanw": 0.48878232
}
