{
  "lskf859xyn687gd7rvecbbrq2u7srcvtztwa9yc56": 230.94216795,
  "lskztxrxns7vrc6ufkmvermu5vhv49cocufk8ehxr": 8.76297148,
  "lsk8aa5t5kfkm8bgug6btdut2ekry4paoeognz4cg": 5.1320463,
  "lskd2pzojbngse68vngezmp5wgvrf23yjqjtdot7j": 0.32075145,
  "lskwwqc6pneqwxxd329kycxp8s7mbvx7u2rk9kv72": 0.01282651,
  "lskeznp4yudpkavth98ebmzw6jz6pym5hzpqgj8tp": 0.01282651,
  "lsk4hc83tf7r9q4czg69dj4xo442fsmwte7qerx2d": 12.83011756,
  "lsk3fw4ttb62k46xkommswj9wbd78kmfzzp78mohg": 11.0339004,
  "lskscse9jsp62sg2yw37t8n65bxswfodkto7vyja4": 0.18622356,
  "lskhghrkypt5jc4aov3jhjdhf5p4egn8c6q9wd5gf": 0.64917344,
  "lskm7dquz6jepotwx4z4uyt2oswaaphdyz98nzy7c": 0.01282651,
  "lskxttp8vcvexx4h3wm5dkdguemha4zncz8p74j9q": 0.1283,
  "lskhw729t89vkhuoe699462ejrpg5z5duxx8wrodn": 0.78263603,
  "lskmwegwjdhoo8two5yhubsro7zzo5ycx2fabqxcr": 0.10263812,
  "lskzeayrtw5basxrjad2trv6a9doftaw9j3wyqkqn": 0.32075145,
  "lskq7jrtxzjpsof24csvvhrc6f6hc84eqmj8w3euk": 0.7698063
}
