{
  "lskf859xyn687gd7rvecbbrq2u7srcvtztwa9yc56": 98.68323606,
  "lskztxrxns7vrc6ufkmvermu5vhv49cocufk8ehxr": 3.74447976,
  "lsk8aa5t5kfkm8bgug6btdut2ekry4paoeognz4cg": 2.19295948,
  "lskd2pzojbngse68vngezmp5wgvrf23yjqjtdot7j": 0.13705876,
  "lskwwqc6pneqwxxd329kycxp8s7mbvx7u2rk9kv72": 0.00548123,
  "lskeznp4yudpkavth98ebmzw6jz6pym5hzpqgj8tp": 0.00548123,
  "lsk4hc83tf7r9q4czg69dj4xo442fsmwte7qerx2d": 5.48240125,
  "lsk3fw4ttb62k46xkommswj9wbd78kmfzzp78mohg": 4.8080655,
  "lskscse9jsp62sg2yw37t8n65bxswfodkto7vyja4": 0.1293629,
  "lskhghrkypt5jc4aov3jhjdhf5p4egn8c6q9wd5gf": 0.50986244,
  "lskm7dquz6jepotwx4z4uyt2oswaaphdyz98nzy7c": 0.00548123,
  "lskxttp8vcvexx4h3wm5dkdguemha4zncz8p74j9q": 0.05482237,
  "lskhw729t89vkhuoe699462ejrpg5z5duxx8wrodn": 0.33442567,
  "lskmwegwjdhoo8two5yhubsro7zzo5ycx2fabqxcr": 0.09868211,
  "lskzeayrtw5basxrjad2trv6a9doftaw9j3wyqkqn": 0.13705876,
  "lskq7jrtxzjpsof24csvvhrc6f6hc84eqmj8w3euk": 0.32894285,
  "lsk5omwum4qt24du89cjprwkth9zxtau25rcakg5o": 0.91939714,
  "lsk58kg5pnauk9rakd2ht25avqv4a6dkzbs5ngbu2": 0.21929444,
  "lsk98hotayxrzbf8hhf85zd3jdb48v7cda668z7qz": 0.13705876,
  "lskxdbkaqmucdeh5gvwy4jeqmcwczqtm57jt8sg3q": 0.40021483,
  "lsku25nhr8g72hccqg5ovcqe7krtt8vudvnn2my6f": 0.60306325,
  "lsk278wvfc9w56ek4dcnahvvryug2ma7wp6k4ff78": 0.06314643
}
