{
  "lskf859xyn687gd7rvecbbrq2u7srcvtztwa9yc56": 132.9346022,
  "lskztxrxns7vrc6ufkmvermu5vhv49cocufk8ehxr": 5.0441276,
  "lsk8aa5t5kfkm8bgug6btdut2ekry4paoeognz4cg": 2.95410102,
  "lskwwqc6pneqwxxd329kycxp8s7mbvx7u2rk9kv72": 0.01476928,
  "lskeznp4yudpkavth98ebmzw6jz6pym5hzpqgj8tp": 0.00738436,
  "lsk4hc83tf7r9q4czg69dj4xo442fsmwte7qerx2d": 7.38525488,
  "lsk3fw4ttb62k46xkommswj9wbd78kmfzzp78mohg": 6.47686792,
  "lskscse9jsp62sg2yw37t8n65bxswfodkto7vyja4": 0.25918882,
  "lskm7dquz6jepotwx4z4uyt2oswaaphdyz98nzy7c": 0.00738436,
  "lskxttp8vcvexx4h3wm5dkdguemha4zncz8p74j9q": 0.073852,
  "lskhw729t89vkhuoe699462ejrpg5z5duxx8wrodn": 0.55389272,
  "lskmwegwjdhoo8two5yhubsro7zzo5ycx2fabqxcr": 0.13293308,
  "lskzeayrtw5basxrjad2trv6a9doftaw9j3wyqkqn": 0.18462924,
  "lskq7jrtxzjpsof24csvvhrc6f6hc84eqmj8w3euk": 0.44311352,
  "lsk5omwum4qt24du89cjprwkth9zxtau25rcakg5o": 1.72076226,
  "lsk58kg5pnauk9rakd2ht25avqv4a6dkzbs5ngbu2": 0.73852396,
  "lsk98hotayxrzbf8hhf85zd3jdb48v7cda668z7qz": 0.18462924,
  "lskxdbkaqmucdeh5gvwy4jeqmcwczqtm57jt8sg3q": 0.53912142,
  "lsku25nhr8g72hccqg5ovcqe7krtt8vudvnn2my6f": 0.812377,
  "lsk278wvfc9w56ek4dcnahvvryug2ma7wp6k4ff78": 0.3766462,
  "lskb5mno76fheuvm53wj359kr5epz8eybhxophh8o": 0.3692608,
  "lskp6q5zjvxeogmqnrv29s82h8cm5rr293njqjxdh": 0.66467196,
  "lskottbwnvryko94rwvvppapjtoa5fge3466kpjfr": 3.69262626,
  "lskwdowv62mv5v96zu9gwo6pw8akxs5a994zh57hg": 0.23632772,
  "lskv2fmavyujo4k4b829crkotvr2fhz2kn88qqp4m": 0.073852,
  "lskxf4p79sfxy3uop2tx2rysstt8qewqecch5xwd8": 0.74590888,
  "lsk9vqoookbbjphmbs29kv6za5tf66udpx6cboanw": 0.3692608,
  "lskd7h7qgfzam3juqvfwnh98h26qmj99xdnts9dur": 0.00389054
}
