{
  "lskf859xyn687gd7rvecbbrq2u7srcvtztwa9yc56": 152.94270466,
  "lskztxrxns7vrc6ufkmvermu5vhv49cocufk8ehxr": 5.80332459,
  "lsk8aa5t5kfkm8bgug6btdut2ekry4paoeognz4cg": 3.39872441,
  "lskd2pzojbngse68vngezmp5wgvrf23yjqjtdot7j": 0.21241843,
  "lskwwqc6pneqwxxd329kycxp8s7mbvx7u2rk9kv72": 0.00849581,
  "lskeznp4yudpkavth98ebmzw6jz6pym5hzpqgj8tp": 0.00849581,
  "lsk4hc83tf7r9q4czg69dj4xo442fsmwte7qerx2d": 8.4968169,
  "lsk3fw4ttb62k46xkommswj9wbd78kmfzzp78mohg": 7.30726073,
  "lskscse9jsp62sg2yw37t8n65bxswfodkto7vyja4": 0.15961821,
  "lskhghrkypt5jc4aov3jhjdhf5p4egn8c6q9wd5gf": 0.64575706,
  "lskm7dquz6jepotwx4z4uyt2oswaaphdyz98nzy7c": 0.00849581,
  "lskxttp8vcvexx4h3wm5dkdguemha4zncz8p74j9q": 0.08496617,
  "lskhw729t89vkhuoe699462ejrpg5z5duxx8wrodn": 0.5183048,
  "lskmwegwjdhoo8two5yhubsro7zzo5ycx2fabqxcr": 0.06797393,
  "lskzeayrtw5basxrjad2trv6a9doftaw9j3wyqkqn": 0.21241843,
  "lskq7jrtxzjpsof24csvvhrc6f6hc84eqmj8w3euk": 0.50980883,
  "lsk5omwum4qt24du89cjprwkth9zxtau25rcakg5o": 1.27452234,
  "lsk58kg5pnauk9rakd2ht25avqv4a6dkzbs5ngbu2": 0.33987069
}
