{
  "lskf859xyn687gd7rvecbbrq2u7srcvtztwa9yc56": 168.37245612,
  "lskztxrxns7vrc6ufkmvermu5vhv49cocufk8ehxr": 6.38879841,
  "lsk8aa5t5kfkm8bgug6btdut2ekry4paoeognz4cg": 3.74160775,
  "lskd2pzojbngse68vngezmp5wgvrf23yjqjtdot7j": 0.2338497,
  "lskwwqc6pneqwxxd329kycxp8s7mbvx7u2rk9kv72": 0.00935197,
  "lskeznp4yudpkavth98ebmzw6jz6pym5hzpqgj8tp": 0.00935197,
  "lsk4hc83tf7r9q4czg69dj4xo442fsmwte7qerx2d": 9.35402466,
  "lsk3fw4ttb62k46xkommswj9wbd78kmfzzp78mohg": 8.12334838,
  "lskscse9jsp62sg2yw37t8n65bxswfodkto7vyja4": 0.21514099,
  "lskhghrkypt5jc4aov3jhjdhf5p4egn8c6q9wd5gf": 0.78573703,
  "lskm7dquz6jepotwx4z4uyt2oswaaphdyz98nzy7c": 0.00935197,
  "lskxttp8vcvexx4h3wm5dkdguemha4zncz8p74j9q": 0.09353907,
  "lskhw729t89vkhuoe699462ejrpg5z5duxx8wrodn": 0.57059418,
  "lskmwegwjdhoo8two5yhubsro7zzo5ycx2fabqxcr": 0.07483036,
  "lskzeayrtw5basxrjad2trv6a9doftaw9j3wyqkqn": 0.2338497,
  "lskq7jrtxzjpsof24csvvhrc6f6hc84eqmj8w3euk": 0.56124051,
  "lsk5omwum4qt24du89cjprwkth9zxtau25rcakg5o": 1.40310228,
  "lsk58kg5pnauk9rakd2ht25avqv4a6dkzbs5ngbu2": 0.37415863,
  "lsk98hotayxrzbf8hhf85zd3jdb48v7cda668z7qz": 0.2338497,
  "lskxdbkaqmucdeh5gvwy4jeqmcwczqtm57jt8sg3q": 0.68284243,
  "lsku25nhr8g72hccqg5ovcqe7krtt8vudvnn2my6f": 1.02894009
}
