{
  "lskf859xyn687gd7rvecbbrq2u7srcvtztwa9yc56": 158.41386309,
  "lskztxrxns7vrc6ufkmvermu5vhv49cocufk8ehxr": 6.01092472,
  "lsk3fw4ttb62k46xkommswj9wbd78kmfzzp78mohg": 7.84148472,
  "lskscse9jsp62sg2yw37t8n65bxswfodkto7vyja4": 0.59405061,
  "lskm7dquz6jepotwx4z4uyt2oswaaphdyz98nzy7c": 0.00879785,
  "lskxttp8vcvexx4h3wm5dkdguemha4zncz8p74j9q": 0.08800704,
  "lskhw729t89vkhuoe699462ejrpg5z5duxx8wrodn": 0.0686992,
  "lskmwegwjdhoo8two5yhubsro7zzo5ycx2fabqxcr": 0.15841182,
  "lsk98hotayxrzbf8hhf85zd3jdb48v7cda668z7qz": 0.22001741,
  "lskxdbkaqmucdeh5gvwy4jeqmcwczqtm57jt8sg3q": 0.642456,
  "lsku25nhr8g72hccqg5ovcqe7krtt8vudvnn2my6f": 0.96808275,
  "lsk278wvfc9w56ek4dcnahvvryug2ma7wp6k4ff78": 0.00879785,
  "lskb5mno76fheuvm53wj359kr5epz8eybhxophh8o": 0.44003772,
  "lskp6q5zjvxeogmqnrv29s82h8cm5rr293njqjxdh": 0.61605214,
  "lskv2fmavyujo4k4b829crkotvr2fhz2kn88qqp4m": 0.04400271,
  "lskd7h7qgfzam3juqvfwnh98h26qmj99xdnts9dur": 0.34322908,
  "lskpbwgrq6pdop3sxkvr3v9757wekks2p8sbaw6dk": 0.0066,
  "lskumrdgca4a6p3ws2btjf6vyqwjmzctesghvcwen": 36.08315699,
  "lskc3du5erm5snzxcq5nnsm658qe5wk4y2wbz38qo": 3.44109879,
  "lskdm6dt4xmyvu6cnjoxk9ua5z26ssnamqz7ftqfo": 0.00879785
}
