{
  "lskf859xyn687gd7rvecbbrq2u7srcvtztwa9yc56": 79.75880484,
  "lskztxrxns7vrc6ufkmvermu5vhv49cocufk8ehxr": 3.02640215,
  "lsk8aa5t5kfkm8bgug6btdut2ekry4paoeognz4cg": 1.77241698,
  "lskd2pzojbngse68vngezmp5wgvrf23yjqjtdot7j": 0.11077594,
  "lskwwqc6pneqwxxd329kycxp8s7mbvx7u2rk9kv72": 0.00443096,
  "lskeznp4yudpkavth98ebmzw6jz6pym5hzpqgj8tp": 0.00443096,
  "lsk4hc83tf7r9q4czg69dj4xo442fsmwte7qerx2d": 4.43104363,
  "lsk3fw4ttb62k46xkommswj9wbd78kmfzzp78mohg": 3.88602564,
  "lskscse9jsp62sg2yw37t8n65bxswfodkto7vyja4": 0.13293074,
  "lskm7dquz6jepotwx4z4uyt2oswaaphdyz98nzy7c": 0.00443096,
  "lskxttp8vcvexx4h3wm5dkdguemha4zncz8p74j9q": 0.0443096,
  "lskhw729t89vkhuoe699462ejrpg5z5duxx8wrodn": 0.27029265,
  "lskmwegwjdhoo8two5yhubsro7zzo5ycx2fabqxcr": 0.07975749,
  "lskzeayrtw5basxrjad2trv6a9doftaw9j3wyqkqn": 0.11077594,
  "lskq7jrtxzjpsof24csvvhrc6f6hc84eqmj8w3euk": 0.26586169,
  "lsk5omwum4qt24du89cjprwkth9zxtau25rcakg5o": 1.03243308,
  "lsk58kg5pnauk9rakd2ht25avqv4a6dkzbs5ngbu2": 0.44310376,
  "lsk98hotayxrzbf8hhf85zd3jdb48v7cda668z7qz": 0.11077594,
  "lskxdbkaqmucdeh5gvwy4jeqmcwczqtm57jt8sg3q": 0.3234659,
  "lsku25nhr8g72hccqg5ovcqe7krtt8vudvnn2my6f": 0.48741357,
  "lsk278wvfc9w56ek4dcnahvvryug2ma7wp6k4ff78": 0.22598284,
  "lskb5mno76fheuvm53wj359kr5epz8eybhxophh8o": 0.11077594,
  "lskp6q5zjvxeogmqnrv29s82h8cm5rr293njqjxdh": 0.36334475
}
