{
  "lskf859xyn687gd7rvecbbrq2u7srcvtztwa9yc56": 188.84430813,
  "lskztxrxns7vrc6ufkmvermu5vhv49cocufk8ehxr": 7.16559008,
  "lsk8aa5t5kfkm8bgug6btdut2ekry4paoeognz4cg": 4.19653935,
  "lskd2pzojbngse68vngezmp5wgvrf23yjqjtdot7j": 0.26228167,
  "lskwwqc6pneqwxxd329kycxp8s7mbvx7u2rk9kv72": 0.01048943,
  "lskeznp4yudpkavth98ebmzw6jz6pym5hzpqgj8tp": 0.01048943,
  "lsk4hc83tf7r9q4czg69dj4xo442fsmwte7qerx2d": 10.49134829,
  "lsk3fw4ttb62k46xkommswj9wbd78kmfzzp78mohg": 9.02256016,
  "lskscse9jsp62sg2yw37t8n65bxswfodkto7vyja4": 0.20481056,
  "lskhghrkypt5jc4aov3jhjdhf5p4egn8c6q9wd5gf": 0.88127134,
  "lskm7dquz6jepotwx4z4uyt2oswaaphdyz98nzy7c": 0.01048943,
  "lskxttp8vcvexx4h3wm5dkdguemha4zncz8p74j9q": 0.10491069,
  "lskhw729t89vkhuoe699462ejrpg5z5duxx8wrodn": 0.63997089,
  "lskmwegwjdhoo8two5yhubsro7zzo5ycx2fabqxcr": 0.08392935,
  "lskzeayrtw5basxrjad2trv6a9doftaw9j3wyqkqn": 0.26228167,
  "lskq7jrtxzjpsof24csvvhrc6f6hc84eqmj8w3euk": 0.62947972,
  "lsk5omwum4qt24du89cjprwkth9zxtau25rcakg5o": 1.57370138,
  "lsk58kg5pnauk9rakd2ht25avqv4a6dkzbs5ngbu2": 0.41965178,
  "lsk98hotayxrzbf8hhf85zd3jdb48v7cda668z7qz": 0.18586396
}
