{
  "lskf859xyn687gd7rvecbbrq2u7srcvtztwa9yc56": 29.2935092,
  "lskztxrxns7vrc6ufkmvermu5vhv49cocufk8ehxr": 1.11152556,
  "lskwwqc6pneqwxxd329kycxp8s7mbvx7u2rk9kv72": 0.00325465,
  "lskeznp4yudpkavth98ebmzw6jz6pym5hzpqgj8tp": 0.00162701,
  "lsk3fw4ttb62k46xkommswj9wbd78kmfzzp78mohg": 1.4500286,
  "lskscse9jsp62sg2yw37t8n65bxswfodkto7vyja4": 0.07974286,
  "lskm7dquz6jepotwx4z4uyt2oswaaphdyz98nzy7c": 0.00162701,
  "lskxttp8vcvexx4h3wm5dkdguemha4zncz8p74j9q": 0.0162741,
  "lskhw729t89vkhuoe699462ejrpg5z5duxx8wrodn": 0.12205586,
  "lskmwegwjdhoo8two5yhubsro7zzo5ycx2fabqxcr": 0.02929281,
  "lsk98hotayxrzbf8hhf85zd3jdb48v7cda668z7qz": 0.04068525,
  "lskxdbkaqmucdeh5gvwy4jeqmcwczqtm57jt8sg3q": 0.1188011,
  "lsku25nhr8g72hccqg5ovcqe7krtt8vudvnn2my6f": 0.17901521,
  "lsk278wvfc9w56ek4dcnahvvryug2ma7wp6k4ff78": 0.00162701,
  "lskb5mno76fheuvm53wj359kr5epz8eybhxophh8o": 0.0813705,
  "lskp6q5zjvxeogmqnrv29s82h8cm5rr293njqjxdh": 0.11391881,
  "lskv2fmavyujo4k4b829crkotvr2fhz2kn88qqp4m": 0.0162741,
  "lsk9vqoookbbjphmbs29kv6za5tf66udpx6cboanw": 0.0813705,
  "lskd7h7qgfzam3juqvfwnh98h26qmj99xdnts9dur": 0.04719466,
  "lsk62evnyy8uw2vrs67mah72879otfnhddbqdt9um": 1.6274168,
  "lsk945efxyh5sdjhcebwomjkachoweptmuw875sjp": 0.41010885,
  "lsk2j9dsvzgark9ypzw2tzcn2vuyppattq54r9oss": 0.33850241,
  "lskpbwgrq6pdop3sxkvr3v9757wekks2p8sbaw6dk": 0.0066,
  "lskumrdgca4a6p3ws2btjf6vyqwjmzctesghvcwen": 6.67241001,
  "lskc3du5erm5snzxcq5nnsm658qe5wk4y2wbz38qo": 0.66235836
}
