{
  "lskf859xyn687gd7rvecbbrq2u7srcvtztwa9yc56": 208.02592419,
  "lskztxrxns7vrc6ufkmvermu5vhv49cocufk8ehxr": 7.89342724,
  "lsk3fw4ttb62k46xkommswj9wbd78kmfzzp78mohg": 10.29727989,
  "lskscse9jsp62sg2yw37t8n65bxswfodkto7vyja4": 0.67493545,
  "lskm7dquz6jepotwx4z4uyt2oswaaphdyz98nzy7c": 0.01155453,
  "lskxttp8vcvexx4h3wm5dkdguemha4zncz8p74j9q": 0.11556863,
  "lskhw729t89vkhuoe699462ejrpg5z5duxx8wrodn": 0.94767182,
  "lskmwegwjdhoo8two5yhubsro7zzo5ycx2fabqxcr": 0.20802278,
  "lsk98hotayxrzbf8hhf85zd3jdb48v7cda668z7qz": 0.28892305,
  "lskxdbkaqmucdeh5gvwy4jeqmcwczqtm57jt8sg3q": 0.84365831,
  "lsku25nhr8g72hccqg5ovcqe7krtt8vudvnn2my6f": 1.27126837,
  "lsk278wvfc9w56ek4dcnahvvryug2ma7wp6k4ff78": 0.01155453,
  "lskb5mno76fheuvm53wj359kr5epz8eybhxophh8o": 0.57784643,
  "lskp6q5zjvxeogmqnrv29s82h8cm5rr293njqjxdh": 0.80898752,
  "lskv2fmavyujo4k4b829crkotvr2fhz2kn88qqp4m": 0.05778396,
  "lskd7h7qgfzam3juqvfwnh98h26qmj99xdnts9dur": 0.4507211,
  "lskpbwgrq6pdop3sxkvr3v9757wekks2p8sbaw6dk": 0.0066,
  "lskumrdgca4a6p3ws2btjf6vyqwjmzctesghvcwen": 47.38368214,
  "lskc3du5erm5snzxcq5nnsm658qe5wk4y2wbz38qo": 4.5187823,
  "lsk9xn7w5wzhg85xgng875h8cpajmf8kn9hpmd8cm": 0.1332074,
  "lskdm6dt4xmyvu6cnjoxk9ua5z26ssnamqz7ftqfo": 0.01155453,
  "lskj7nfmsfo5r9ytwxfubxqsudmcm5e7qz5ycet66": 0.46760582
}
