{
  "lskf859xyn687gd7rvecbbrq2u7srcvtztwa9yc56": 92.86279408,
  "lskztxrxns7vrc6ufkmvermu5vhv49cocufk8ehxr": 3.52362536,
  "lsk8aa5t5kfkm8bgug6btdut2ekry4paoeognz4cg": 2.06361674,
  "lskd2pzojbngse68vngezmp5wgvrf23yjqjtdot7j": 0.12897525,
  "lskwwqc6pneqwxxd329kycxp8s7mbvx7u2rk9kv72": 0.00515744,
  "lskeznp4yudpkavth98ebmzw6jz6pym5hzpqgj8tp": 0.00515744,
  "lsk4hc83tf7r9q4czg69dj4xo442fsmwte7qerx2d": 5.15904317,
  "lsk3fw4ttb62k46xkommswj9wbd78kmfzzp78mohg": 4.43677711,
  "lskscse9jsp62sg2yw37t8n65bxswfodkto7vyja4": 0.10318053,
  "lskhghrkypt5jc4aov3jhjdhf5p4egn8c6q9wd5gf": 0.43335791,
  "lskm7dquz6jepotwx4z4uyt2oswaaphdyz98nzy7c": 0.00515744,
  "lskxttp8vcvexx4h3wm5dkdguemha4zncz8p74j9q": 0.05158937,
  "lskhw729t89vkhuoe699462ejrpg5z5duxx8wrodn": 0.31470106,
  "lskmwegwjdhoo8two5yhubsro7zzo5ycx2fabqxcr": 0.04127077,
  "lskzeayrtw5basxrjad2trv6a9doftaw9j3wyqkqn": 0.12897525,
  "lskq7jrtxzjpsof24csvvhrc6f6hc84eqmj8w3euk": 0.30954188,
  "lsk5omwum4qt24du89cjprwkth9zxtau25rcakg5o": 0.77385568,
  "lsk58kg5pnauk9rakd2ht25avqv4a6dkzbs5ngbu2": 0.20636108,
  "lsk98hotayxrzbf8hhf85zd3jdb48v7cda668z7qz": 0.12897525,
  "lskxdbkaqmucdeh5gvwy4jeqmcwczqtm57jt8sg3q": 0.3272713,
  "lsku25nhr8g72hccqg5ovcqe7krtt8vudvnn2my6f": 0.49059442
}
