{
  "lskf859xyn687gd7rvecbbrq2u7srcvtztwa9yc56": 167.83457624,
  "lskztxrxns7vrc6ufkmvermu5vhv49cocufk8ehxr": 6.36838757,
  "lskwwqc6pneqwxxd329kycxp8s7mbvx7u2rk9kv72": 0.01864723,
  "lskeznp4yudpkavth98ebmzw6jz6pym5hzpqgj8tp": 0.00932176,
  "lsk3fw4ttb62k46xkommswj9wbd78kmfzzp78mohg": 8.30781092,
  "lskscse9jsp62sg2yw37t8n65bxswfodkto7vyja4": 0.45687963,
  "lskm7dquz6jepotwx4z4uyt2oswaaphdyz98nzy7c": 0.00932176,
  "lskxttp8vcvexx4h3wm5dkdguemha4zncz8p74j9q": 0.09324102,
  "lskhw729t89vkhuoe699462ejrpg5z5duxx8wrodn": 0.69930823,
  "lskmwegwjdhoo8two5yhubsro7zzo5ycx2fabqxcr": 0.16783052,
  "lsk98hotayxrzbf8hhf85zd3jdb48v7cda668z7qz": 0.23310255,
  "lskxdbkaqmucdeh5gvwy4jeqmcwczqtm57jt8sg3q": 0.68066042,
  "lsku25nhr8g72hccqg5ovcqe7krtt8vudvnn2my6f": 1.0256518,
  "lsk278wvfc9w56ek4dcnahvvryug2ma7wp6k4ff78": 0.00932176,
  "lskb5mno76fheuvm53wj359kr5epz8eybhxophh8o": 0.4662051,
  "lskp6q5zjvxeogmqnrv29s82h8cm5rr293njqjxdh": 0.65268772,
  "lskv2fmavyujo4k4b829crkotvr2fhz2kn88qqp4m": 0.09324102,
  "lsk9vqoookbbjphmbs29kv6za5tf66udpx6cboanw": 0.4662051,
  "lskd7h7qgfzam3juqvfwnh98h26qmj99xdnts9dur": 0.27039759,
  "lsk62evnyy8uw2vrs67mah72879otfnhddbqdt9um": 9.32414096,
  "lsk945efxyh5sdjhcebwomjkachoweptmuw875sjp": 2.34968247,
  "lsk2j9dsvzgark9ypzw2tzcn2vuyppattq54r9oss": 1.93941964,
  "lskpbwgrq6pdop3sxkvr3v9757wekks2p8sbaw6dk": 0.0066,
  "lskumrdgca4a6p3ws2btjf6vyqwjmzctesghvcwen": 38.22898436,
  "lskc3du5erm5snzxcq5nnsm658qe5wk4y2wbz38qo": 3.79492373
}
