{
  "lskf859xyn687gd7rvecbbrq2u7srcvtztwa9yc56": 181.50460265,
  "lskztxrxns7vrc6ufkmvermu5vhv49cocufk8ehxr": 6.88708983,
  "lsk8aa5t5kfkm8bgug6btdut2ekry4paoeognz4cg": 4.03343303,
  "lskd2pzojbngse68vngezmp5wgvrf23yjqjtdot7j": 0.25208736,
  "lskwwqc6pneqwxxd329kycxp8s7mbvx7u2rk9kv72": 0.01008237,
  "lskeznp4yudpkavth98ebmzw6jz6pym5hzpqgj8tp": 0.01008237,
  "lsk4hc83tf7r9q4czg69dj4xo442fsmwte7qerx2d": 10.08358879,
  "lsk3fw4ttb62k46xkommswj9wbd78kmfzzp78mohg": 8.67188468,
  "lskscse9jsp62sg2yw37t8n65bxswfodkto7vyja4": 0.19158772,
  "lskhghrkypt5jc4aov3jhjdhf5p4egn8c6q9wd5gf": 0.77587179,
  "lskm7dquz6jepotwx4z4uyt2oswaaphdyz98nzy7c": 0.01008237,
  "lskxttp8vcvexx4h3wm5dkdguemha4zncz8p74j9q": 0.10083351,
  "lskhw729t89vkhuoe699462ejrpg5z5duxx8wrodn": 0.61509777,
  "lskmwegwjdhoo8two5yhubsro7zzo5ycx2fabqxcr": 0.08066811,
  "lskzeayrtw5basxrjad2trv6a9doftaw9j3wyqkqn": 0.25208736,
  "lskq7jrtxzjpsof24csvvhrc6f6hc84eqmj8w3euk": 0.60501496,
  "lsk5omwum4qt24du89cjprwkth9zxtau25rcakg5o": 1.51253799,
  "lsk58kg5pnauk9rakd2ht25avqv4a6dkzbs5ngbu2": 0.40334121
}
