{
  "lskf859xyn687gd7rvecbbrq2u7srcvtztwa9yc56": 94.88169152,
  "lskztxrxns7vrc6ufkmvermu5vhv49cocufk8ehxr": 3.60023159,
  "lskwwqc6pneqwxxd329kycxp8s7mbvx7u2rk9kv72": 0.01054125,
  "lskeznp4yudpkavth98ebmzw6jz6pym5hzpqgj8tp": 0.00526948,
  "lsk3fw4ttb62k46xkommswj9wbd78kmfzzp78mohg": 4.69664232,
  "lskscse9jsp62sg2yw37t8n65bxswfodkto7vyja4": 0.24774514,
  "lskm7dquz6jepotwx4z4uyt2oswaaphdyz98nzy7c": 0.00526948,
  "lskxttp8vcvexx4h3wm5dkdguemha4zncz8p74j9q": 0.05271064,
  "lskhw729t89vkhuoe699462ejrpg5z5duxx8wrodn": 0.3953396,
  "lskmwegwjdhoo8two5yhubsro7zzo5ycx2fabqxcr": 0.09488056,
  "lskzeayrtw5basxrjad2trv6a9doftaw9j3wyqkqn": 0.13177895,
  "lsk98hotayxrzbf8hhf85zd3jdb48v7cda668z7qz": 0.13177895,
  "lskxdbkaqmucdeh5gvwy4jeqmcwczqtm57jt8sg3q": 0.38479623,
  "lsku25nhr8g72hccqg5ovcqe7krtt8vudvnn2my6f": 0.57983161,
  "lsk278wvfc9w56ek4dcnahvvryug2ma7wp6k4ff78": 0.00526948,
  "lskb5mno76fheuvm53wj359kr5epz8eybhxophh8o": 0.26355829,
  "lskp6q5zjvxeogmqnrv29s82h8cm5rr293njqjxdh": 0.47440742,
  "lskottbwnvryko94rwvvppapjtoa5fge3466kpjfr": 2.63560135,
  "lskv2fmavyujo4k4b829crkotvr2fhz2kn88qqp4m": 0.05271064,
  "lsk9vqoookbbjphmbs29kv6za5tf66udpx6cboanw": 0.26355829,
  "lskd7h7qgfzam3juqvfwnh98h26qmj99xdnts9dur": 0.11290584,
  "lsk62evnyy8uw2vrs67mah72879otfnhddbqdt9um": 5.27120475,
  "lsk945efxyh5sdjhcebwomjkachoweptmuw875sjp": 1.32834238,
  "lsk2j9dsvzgark9ypzw2tzcn2vuyppattq54r9oss": 1.09640949,
  "lskpbwgrq6pdop3sxkvr3v9757wekks2p8sbaw6dk": 0.0066,
  "lskumrdgca4a6p3ws2btjf6vyqwjmzctesghvcwen": 21.61193895,
  "lskc3du5erm5snzxcq5nnsm658qe5wk4y2wbz38qo": 1.1655514
}
