{
  "lskf859xyn687gd7rvecbbrq2u7srcvtztwa9yc56": 76.63425631,
  "lskztxrxns7vrc6ufkmvermu5vhv49cocufk8ehxr": 2.90784316,
  "lskwwqc6pneqwxxd329kycxp8s7mbvx7u2rk9kv72": 0.00851382,
  "lskeznp4yudpkavth98ebmzw6jz6pym5hzpqgj8tp": 0.00425691,
  "lsk4hc83tf7r9q4czg69dj4xo442fsmwte7qerx2d": 4.25745754,
  "lsk3fw4ttb62k46xkommswj9wbd78kmfzzp78mohg": 3.79339406,
  "lskscse9jsp62sg2yw37t8n65bxswfodkto7vyja4": 0.20010013,
  "lskm7dquz6jepotwx4z4uyt2oswaaphdyz98nzy7c": 0.00425691,
  "lskxttp8vcvexx4h3wm5dkdguemha4zncz8p74j9q": 0.0425738,
  "lskhw729t89vkhuoe699462ejrpg5z5duxx8wrodn": 0.31930793,
  "lskmwegwjdhoo8two5yhubsro7zzo5ycx2fabqxcr": 0.07663355,
  "lskzeayrtw5basxrjad2trv6a9doftaw9j3wyqkqn": 0.10643472,
  "lskq7jrtxzjpsof24csvvhrc6f6hc84eqmj8w3euk": 0.42574452,
  "lsk5omwum4qt24du89cjprwkth9zxtau25rcakg5o": 0.99198749,
  "lsk98hotayxrzbf8hhf85zd3jdb48v7cda668z7qz": 0.10643472,
  "lskxdbkaqmucdeh5gvwy4jeqmcwczqtm57jt8sg3q": 0.31079386,
  "lsku25nhr8g72hccqg5ovcqe7krtt8vudvnn2my6f": 0.46832019,
  "lsk278wvfc9w56ek4dcnahvvryug2ma7wp6k4ff78": 0.00425691,
  "lskb5mno76fheuvm53wj359kr5epz8eybhxophh8o": 0.21287131,
  "lskp6q5zjvxeogmqnrv29s82h8cm5rr293njqjxdh": 0.3831705,
  "lskottbwnvryko94rwvvppapjtoa5fge3466kpjfr": 2.12872866,
  "lskv2fmavyujo4k4b829crkotvr2fhz2kn88qqp4m": 0.0425738,
  "lsk9vqoookbbjphmbs29kv6za5tf66udpx6cboanw": 0.21287131,
  "lskd7h7qgfzam3juqvfwnh98h26qmj99xdnts9dur": 0.08514782,
  "lsk62evnyy8uw2vrs67mah72879otfnhddbqdt9um": 4.25745754,
  "lsk945efxyh5sdjhcebwomjkachoweptmuw875sjp": 1.0728784,
  "lsk2j9dsvzgark9ypzw2tzcn2vuyppattq54r9oss": 0.88555087,
  "lskpbwgrq6pdop3sxkvr3v9757wekks2p8sbaw6dk": 0.0066,
  "lskumrdgca4a6p3ws2btjf6vyqwjmzctesghvcwen": 17.45558034,
  "lskc3du5erm5snzxcq5nnsm658qe5wk4y2wbz38qo": 0.10057557
}
