{
  "lskf859xyn687gd7rvecbbrq2u7srcvtztwa9yc56": 189.54063274,
  "lskztxrxns7vrc6ufkmvermu5vhv49cocufk8ehxr": 7.19201149,
  "lsk8aa5t5kfkm8bgug6btdut2ekry4paoeognz4cg": 4.21201395,
  "lskd2pzojbngse68vngezmp5wgvrf23yjqjtdot7j": 0.26324776,
  "lskwwqc6pneqwxxd329kycxp8s7mbvx7u2rk9kv72": 0.01052737,
  "lskeznp4yudpkavth98ebmzw6jz6pym5hzpqgj8tp": 0.01052737,
  "lsk4hc83tf7r9q4czg69dj4xo442fsmwte7qerx2d": 10.53003315,
  "lsk3fw4ttb62k46xkommswj9wbd78kmfzzp78mohg": 9.05582716,
  "lskscse9jsp62sg2yw37t8n65bxswfodkto7vyja4": 0.16847878,
  "lskhghrkypt5jc4aov3jhjdhf5p4egn8c6q9wd5gf": 0.77921986,
  "lskm7dquz6jepotwx4z4uyt2oswaaphdyz98nzy7c": 0.01052737,
  "lskxttp8vcvexx4h3wm5dkdguemha4zncz8p74j9q": 0.10529979,
  "lskhw729t89vkhuoe699462ejrpg5z5duxx8wrodn": 0.64233007,
  "lskmwegwjdhoo8two5yhubsro7zzo5ycx2fabqxcr": 0.08423767,
  "lskzeayrtw5basxrjad2trv6a9doftaw9j3wyqkqn": 0.26324776,
  "lskq7jrtxzjpsof24csvvhrc6f6hc84eqmj8w3euk": 0.63179926
}
