{
  "lskf859xyn687gd7rvecbbrq2u7srcvtztwa9yc56": 165.89440015,
  "lskztxrxns7vrc6ufkmvermu5vhv49cocufk8ehxr": 6.29476918,
  "lsk8aa5t5kfkm8bgug6btdut2ekry4paoeognz4cg": 3.68654041,
  "lskd2pzojbngse68vngezmp5wgvrf23yjqjtdot7j": 0.23040782,
  "lskwwqc6pneqwxxd329kycxp8s7mbvx7u2rk9kv72": 0.00921532,
  "lskeznp4yudpkavth98ebmzw6jz6pym5hzpqgj8tp": 0.00921532,
  "lsk4hc83tf7r9q4czg69dj4xo442fsmwte7qerx2d": 9.21635367,
  "lsk3fw4ttb62k46xkommswj9wbd78kmfzzp78mohg": 8.08274258,
  "lskscse9jsp62sg2yw37t8n65bxswfodkto7vyja4": 0.25679306,
  "lskhghrkypt5jc4aov3jhjdhf5p4egn8c6q9wd5gf": 0.24220065,
  "lskm7dquz6jepotwx4z4uyt2oswaaphdyz98nzy7c": 0.00921532,
  "lskxttp8vcvexx4h3wm5dkdguemha4zncz8p74j9q": 0.09216176,
  "lskhw729t89vkhuoe699462ejrpg5z5duxx8wrodn": 0.56219647,
  "lskmwegwjdhoo8two5yhubsro7zzo5ycx2fabqxcr": 0.16589294,
  "lskzeayrtw5basxrjad2trv6a9doftaw9j3wyqkqn": 0.23040782,
  "lskq7jrtxzjpsof24csvvhrc6f6hc84eqmj8w3euk": 0.55297878,
  "lsk5omwum4qt24du89cjprwkth9zxtau25rcakg5o": 2.14740923,
  "lsk58kg5pnauk9rakd2ht25avqv4a6dkzbs5ngbu2": 0.9216342,
  "lsk98hotayxrzbf8hhf85zd3jdb48v7cda668z7qz": 0.23040782,
  "lskxdbkaqmucdeh5gvwy4jeqmcwczqtm57jt8sg3q": 0.67279228,
  "lsku25nhr8g72hccqg5ovcqe7krtt8vudvnn2my6f": 1.01379774,
  "lsk278wvfc9w56ek4dcnahvvryug2ma7wp6k4ff78": 0.47003248,
  "lskb5mno76fheuvm53wj359kr5epz8eybhxophh8o": 0.06846417,
  "lskp6q5zjvxeogmqnrv29s82h8cm5rr293njqjxdh": 0.43993744
}
