{
  "lskf859xyn687gd7rvecbbrq2u7srcvtztwa9yc56": 117.3423905,
  "lskztxrxns7vrc6ufkmvermu5vhv49cocufk8ehxr": 4.4524909,
  "lsk8aa5t5kfkm8bgug6btdut2ekry4paoeognz4cg": 0.06393177,
  "lskwwqc6pneqwxxd329kycxp8s7mbvx7u2rk9kv72": 0.01303689,
  "lskeznp4yudpkavth98ebmzw6jz6pym5hzpqgj8tp": 0.00651757,
  "lsk4hc83tf7r9q4czg69dj4xo442fsmwte7qerx2d": 6.51902094,
  "lsk3fw4ttb62k46xkommswj9wbd78kmfzzp78mohg": 5.78266904,
  "lskscse9jsp62sg2yw37t8n65bxswfodkto7vyja4": 0.26075872,
  "lskm7dquz6jepotwx4z4uyt2oswaaphdyz98nzy7c": 0.00651757,
  "lskxttp8vcvexx4h3wm5dkdguemha4zncz8p74j9q": 0.06518769,
  "lskhw729t89vkhuoe699462ejrpg5z5duxx8wrodn": 0.48892559,
  "lskmwegwjdhoo8two5yhubsro7zzo5ycx2fabqxcr": 0.11734124,
  "lskzeayrtw5basxrjad2trv6a9doftaw9j3wyqkqn": 0.16297404,
  "lskq7jrtxzjpsof24csvvhrc6f6hc84eqmj8w3euk": 0.65190027,
  "lsk5omwum4qt24du89cjprwkth9zxtau25rcakg5o": 1.51893085,
  "lsk58kg5pnauk9rakd2ht25avqv4a6dkzbs5ngbu2": 0.22931017,
  "lsk98hotayxrzbf8hhf85zd3jdb48v7cda668z7qz": 0.16297404,
  "lskxdbkaqmucdeh5gvwy4jeqmcwczqtm57jt8sg3q": 0.4758866,
  "lsku25nhr8g72hccqg5ovcqe7krtt8vudvnn2my6f": 0.71709079,
  "lsk278wvfc9w56ek4dcnahvvryug2ma7wp6k4ff78": 0.00651757,
  "lskb5mno76fheuvm53wj359kr5epz8eybhxophh8o": 0.32594872,
  "lskp6q5zjvxeogmqnrv29s82h8cm5rr293njqjxdh": 0.58671028,
  "lskottbwnvryko94rwvvppapjtoa5fge3466kpjfr": 3.25950943,
  "lskv2fmavyujo4k4b829crkotvr2fhz2kn88qqp4m": 0.06518769,
  "lskxf4p79sfxy3uop2tx2rysstt8qewqecch5xwd8": 0.01614276,
  "lsk9vqoookbbjphmbs29kv6za5tf66udpx6cboanw": 0.32594872,
  "lskd7h7qgfzam3juqvfwnh98h26qmj99xdnts9dur": 0.13037821,
  "lsk62evnyy8uw2vrs67mah72879otfnhddbqdt9um": 6.51902094,
  "lsk945efxyh5sdjhcebwomjkachoweptmuw875sjp": 1.64279182,
  "lsk2j9dsvzgark9ypzw2tzcn2vuyppattq54r9oss": 1.35595375,
  "lskpbwgrq6pdop3sxkvr3v9757wekks2p8sbaw6dk": 0.0066,
  "lskumrdgca4a6p3ws2btjf6vyqwjmzctesghvcwen": 26.72798713
}
