{
  "lskf859xyn687gd7rvecbbrq2u7srcvtztwa9yc56": 52.31535016,
  "lskztxrxns7vrc6ufkmvermu5vhv49cocufk8ehxr": 1.98507662,
  "lsk8aa5t5kfkm8bgug6btdut2ekry4paoeognz4cg": 1.16256266,
  "lskd2pzojbngse68vngezmp5wgvrf23yjqjtdot7j": 0.07265954,
  "lskwwqc6pneqwxxd329kycxp8s7mbvx7u2rk9kv72": 0.00290574,
  "lskeznp4yudpkavth98ebmzw6jz6pym5hzpqgj8tp": 0.00290574,
  "lsk4hc83tf7r9q4czg69dj4xo442fsmwte7qerx2d": 2.90640784,
  "lsk3fw4ttb62k46xkommswj9wbd78kmfzzp78mohg": 2.5489195,
  "lskscse9jsp62sg2yw37t8n65bxswfodkto7vyja4": 0.06753924,
  "lskhghrkypt5jc4aov3jhjdhf5p4egn8c6q9wd5gf": 0.27029518,
  "lskm7dquz6jepotwx4z4uyt2oswaaphdyz98nzy7c": 0.00290574,
  "lskxttp8vcvexx4h3wm5dkdguemha4zncz8p74j9q": 0.02906304,
  "lskhw729t89vkhuoe699462ejrpg5z5duxx8wrodn": 0.17729044,
  "lskmwegwjdhoo8two5yhubsro7zzo5ycx2fabqxcr": 0.05231478,
  "lskzeayrtw5basxrjad2trv6a9doftaw9j3wyqkqn": 0.07265954,
  "lskq7jrtxzjpsof24csvvhrc6f6hc84eqmj8w3euk": 0.17438364,
  "lsk5omwum4qt24du89cjprwkth9zxtau25rcakg5o": 0.43596042,
  "lsk58kg5pnauk9rakd2ht25avqv4a6dkzbs5ngbu2": 0.1162554,
  "lsk98hotayxrzbf8hhf85zd3jdb48v7cda668z7qz": 0.07265954,
  "lskxdbkaqmucdeh5gvwy4jeqmcwczqtm57jt8sg3q": 0.21216774,
  "lsku25nhr8g72hccqg5ovcqe7krtt8vudvnn2my6f": 0.31970422
}
