{
  "lskf859xyn687gd7rvecbbrq2u7srcvtztwa9yc56": 156.69318433,
  "lskztxrxns7vrc6ufkmvermu5vhv49cocufk8ehxr": 5.94563387,
  "lsk8aa5t5kfkm8bgug6btdut2ekry4paoeognz4cg": 3.48206862,
  "lskd2pzojbngse68vngezmp5wgvrf23yjqjtdot7j": 0.21762715,
  "lskwwqc6pneqwxxd329kycxp8s7mbvx7u2rk9kv72": 0.00870379,
  "lskeznp4yudpkavth98ebmzw6jz6pym5hzpqgj8tp": 0.00870379,
  "lsk4hc83tf7r9q4czg69dj4xo442fsmwte7qerx2d": 6.5288806,
  "lsk3fw4ttb62k46xkommswj9wbd78kmfzzp78mohg": 7.48644986,
  "lskscse9jsp62sg2yw37t8n65bxswfodkto7vyja4": 0.11316602,
  "lskhghrkypt5jc4aov3jhjdhf5p4egn8c6q9wd5gf": 0.27966049,
  "lskm7dquz6jepotwx4z4uyt2oswaaphdyz98nzy7c": 0.00870379,
  "lskxttp8vcvexx4h3wm5dkdguemha4zncz8p74j9q": 0.08705033,
  "lskhw729t89vkhuoe699462ejrpg5z5duxx8wrodn": 0.53101482,
  "lskmwegwjdhoo8two5yhubsro7zzo5ycx2fabqxcr": 0.05222867,
  "lskzeayrtw5basxrjad2trv6a9doftaw9j3wyqkqn": 0.05689938
}
