{
  "lskf859xyn687gd7rvecbbrq2u7srcvtztwa9yc56": 145.72766504,
  "lskztxrxns7vrc6ufkmvermu5vhv49cocufk8ehxr": 5.52955368,
  "lsk8aa5t5kfkm8bgug6btdut2ekry4paoeognz4cg": 3.23839072,
  "lskd2pzojbngse68vngezmp5wgvrf23yjqjtdot7j": 0.20239823,
  "lskwwqc6pneqwxxd329kycxp8s7mbvx7u2rk9kv72": 0.01221944,
  "lskeznp4yudpkavth98ebmzw6jz6pym5hzpqgj8tp": 0.00809487,
  "lsk4hc83tf7r9q4czg69dj4xo442fsmwte7qerx2d": 8.0959803,
  "lsk3fw4ttb62k46xkommswj9wbd78kmfzzp78mohg": 7.10017386,
  "lskscse9jsp62sg2yw37t8n65bxswfodkto7vyja4": 0.24287759,
  "lskm7dquz6jepotwx4z4uyt2oswaaphdyz98nzy7c": 0.00809487,
  "lskxttp8vcvexx4h3wm5dkdguemha4zncz8p74j9q": 0.08095814,
  "lskhw729t89vkhuoe699462ejrpg5z5duxx8wrodn": 0.60719708,
  "lskmwegwjdhoo8two5yhubsro7zzo5ycx2fabqxcr": 0.14572618,
  "lskzeayrtw5basxrjad2trv6a9doftaw9j3wyqkqn": 0.20239823,
  "lskq7jrtxzjpsof24csvvhrc6f6hc84eqmj8w3euk": 0.48575697,
  "lsk5omwum4qt24du89cjprwkth9zxtau25rcakg5o": 1.88636237,
  "lsk58kg5pnauk9rakd2ht25avqv4a6dkzbs5ngbu2": 0.80959623,
  "lsk98hotayxrzbf8hhf85zd3jdb48v7cda668z7qz": 0.20239823,
  "lskxdbkaqmucdeh5gvwy4jeqmcwczqtm57jt8sg3q": 0.59100596,
  "lsku25nhr8g72hccqg5ovcqe7krtt8vudvnn2my6f": 0.89055563,
  "lsk278wvfc9w56ek4dcnahvvryug2ma7wp6k4ff78": 0.41289275,
  "lskb5mno76fheuvm53wj359kr5epz8eybhxophh8o": 0.3278058,
  "lskp6q5zjvxeogmqnrv29s82h8cm5rr293njqjxdh": 0.64387041,
  "lskottbwnvryko94rwvvppapjtoa5fge3466kpjfr": 4.04798971
}
