{
  "lskf859xyn687gd7rvecbbrq2u7srcvtztwa9yc56": 4.70219427,
  "lskztxrxns7vrc6ufkmvermu5vhv49cocufk8ehxr": 0.17842214,
  "lsk3fw4ttb62k46xkommswj9wbd78kmfzzp78mohg": 0.23275852,
  "lskscse9jsp62sg2yw37t8n65bxswfodkto7vyja4": 0.01436775,
  "lskm7dquz6jepotwx4z4uyt2oswaaphdyz98nzy7c": 0.00026117,
  "lskxttp8vcvexx4h3wm5dkdguemha4zncz8p74j9q": 0.00261224,
  "lskhw729t89vkhuoe699462ejrpg5z5duxx8wrodn": 0.02142103,
  "lskmwegwjdhoo8two5yhubsro7zzo5ycx2fabqxcr": 0.00470212,
  "lsk98hotayxrzbf8hhf85zd3jdb48v7cda668z7qz": 0.00653081,
  "lskxdbkaqmucdeh5gvwy4jeqmcwczqtm57jt8sg3q": 0.01906996,
  "lsku25nhr8g72hccqg5ovcqe7krtt8vudvnn2my6f": 0.02873559,
  "lsk278wvfc9w56ek4dcnahvvryug2ma7wp6k4ff78": 0.00026117,
  "lskb5mno76fheuvm53wj359kr5epz8eybhxophh8o": 0.01306162,
  "lskp6q5zjvxeogmqnrv29s82h8cm5rr293njqjxdh": 0.01828621,
  "lskv2fmavyujo4k4b829crkotvr2fhz2kn88qqp4m": 0.00261224,
  "lskd7h7qgfzam3juqvfwnh98h26qmj99xdnts9dur": 0.01018799,
  "lsk945efxyh5sdjhcebwomjkachoweptmuw875sjp": 0.0658307,
  "lskpbwgrq6pdop3sxkvr3v9757wekks2p8sbaw6dk": 0.0066,
  "lskumrdgca4a6p3ws2btjf6vyqwjmzctesghvcwen": 1.07105533,
  "lskc3du5erm5snzxcq5nnsm658qe5wk4y2wbz38qo": 0.10214206,
  "lsk9xn7w5wzhg85xgng875h8cpajmf8kn9hpmd8cm": 0.00522459,
  "lskdm6dt4xmyvu6cnjoxk9ua5z26ssnamqz7ftqfo": 0.00026117
}
