{
  "lskf859xyn687gd7rvecbbrq2u7srcvtztwa9yc56": 201.8326462,
  "lskztxrxns7vrc6ufkmvermu5vhv49cocufk8ehxr": 7.65842724,
  "lsk3fw4ttb62k46xkommswj9wbd78kmfzzp78mohg": 9.9907117,
  "lskscse9jsp62sg2yw37t8n65bxswfodkto7vyja4": 0.61670788,
  "lskm7dquz6jepotwx4z4uyt2oswaaphdyz98nzy7c": 0.01121022,
  "lskxttp8vcvexx4h3wm5dkdguemha4zncz8p74j9q": 0.11212522,
  "lskhw729t89vkhuoe699462ejrpg5z5duxx8wrodn": 0.91945636,
  "lskmwegwjdhoo8two5yhubsro7zzo5ycx2fabqxcr": 0.2018293,
  "lsk98hotayxrzbf8hhf85zd3jdb48v7cda668z7qz": 0.28032246,
  "lskxdbkaqmucdeh5gvwy4jeqmcwczqtm57jt8sg3q": 0.81854136,
  "lsku25nhr8g72hccqg5ovcqe7krtt8vudvnn2my6f": 1.23341994,
  "lsk278wvfc9w56ek4dcnahvvryug2ma7wp6k4ff78": 0.01121022,
  "lskb5mno76fheuvm53wj359kr5epz8eybhxophh8o": 0.56064492,
  "lskp6q5zjvxeogmqnrv29s82h8cm5rr293njqjxdh": 0.78490024,
  "lskv2fmavyujo4k4b829crkotvr2fhz2kn88qqp4m": 0.11212522,
  "lskd7h7qgfzam3juqvfwnh98h26qmj99xdnts9dur": 0.43729972,
  "lsk945efxyh5sdjhcebwomjkachoweptmuw875sjp": 2.8256562,
  "lskpbwgrq6pdop3sxkvr3v9757wekks2p8sbaw6dk": 0.0066,
  "lskumrdgca4a6p3ws2btjf6vyqwjmzctesghvcwen": 45.97299016,
  "lskc3du5erm5snzxcq5nnsm658qe5wk4y2wbz38qo": 4.38425134,
  "lsk9xn7w5wzhg85xgng875h8cpajmf8kn9hpmd8cm": 0.22425532,
  "lskdm6dt4xmyvu6cnjoxk9ua5z26ssnamqz7ftqfo": 0.01121022
}
