{
  "lskf859xyn687gd7rvecbbrq2u7srcvtztwa9yc56": 78.70613446,
  "lskztxrxns7vrc6ufkmvermu5vhv49cocufk8ehxr": 2.98645984,
  "lsk8aa5t5kfkm8bgug6btdut2ekry4paoeognz4cg": 1.74902382,
  "lskd2pzojbngse68vngezmp5wgvrf23yjqjtdot7j": 0.10931353,
  "lskwwqc6pneqwxxd329kycxp8s7mbvx7u2rk9kv72": 0.00477297,
  "lskeznp4yudpkavth98ebmzw6jz6pym5hzpqgj8tp": 0.00437175,
  "lsk4hc83tf7r9q4czg69dj4xo442fsmwte7qerx2d": 4.37256211,
  "lsk3fw4ttb62k46xkommswj9wbd78kmfzzp78mohg": 3.83473712,
  "lskscse9jsp62sg2yw37t8n65bxswfodkto7vyja4": 0.13117609,
  "lskm7dquz6jepotwx4z4uyt2oswaaphdyz98nzy7c": 0.00437175,
  "lskxttp8vcvexx4h3wm5dkdguemha4zncz8p74j9q": 0.04372477,
  "lskhw729t89vkhuoe699462ejrpg5z5duxx8wrodn": 0.32794143,
  "lskmwegwjdhoo8two5yhubsro7zzo5ycx2fabqxcr": 0.07870518,
  "lskzeayrtw5basxrjad2trv6a9doftaw9j3wyqkqn": 0.10931353,
  "lskq7jrtxzjpsof24csvvhrc6f6hc84eqmj8w3euk": 0.26235273,
  "lsk5omwum4qt24du89cjprwkth9zxtau25rcakg5o": 1.01880663,
  "lsk58kg5pnauk9rakd2ht25avqv4a6dkzbs5ngbu2": 0.43725531,
  "lsk98hotayxrzbf8hhf85zd3jdb48v7cda668z7qz": 0.10931353,
  "lskxdbkaqmucdeh5gvwy4jeqmcwczqtm57jt8sg3q": 0.31919678,
  "lsku25nhr8g72hccqg5ovcqe7krtt8vudvnn2my6f": 0.48098063,
  "lsk278wvfc9w56ek4dcnahvvryug2ma7wp6k4ff78": 0.22299949,
  "lskb5mno76fheuvm53wj359kr5epz8eybhxophh8o": 0.14163583,
  "lskp6q5zjvxeogmqnrv29s82h8cm5rr293njqjxdh": 0.35854872,
  "lskottbwnvryko94rwvvppapjtoa5fge3466kpjfr": 2.18628085
}
