{
  "lskf859xyn687gd7rvecbbrq2u7srcvtztwa9yc56": 36.22982121,
  "lskztxrxns7vrc6ufkmvermu5vhv49cocufk8ehxr": 1.37472005,
  "lsk3fw4ttb62k46xkommswj9wbd78kmfzzp78mohg": 1.84168215,
  "lskscse9jsp62sg2yw37t8n65bxswfodkto7vyja4": 0.18114833,
  "lskm7dquz6jepotwx4z4uyt2oswaaphdyz98nzy7c": 0.00201267,
  "lskxttp8vcvexx4h3wm5dkdguemha4zncz8p74j9q": 0.02214036,
  "lskmwegwjdhoo8two5yhubsro7zzo5ycx2fabqxcr": 0.03622916,
  "lsk98hotayxrzbf8hhf85zd3jdb48v7cda668z7qz": 0.05031873,
  "lskxdbkaqmucdeh5gvwy4jeqmcwczqtm57jt8sg3q": 0.14693184,
  "lsku25nhr8g72hccqg5ovcqe7krtt8vudvnn2my6f": 0.22140371,
  "lsk278wvfc9w56ek4dcnahvvryug2ma7wp6k4ff78": 0.00201267,
  "lskb5mno76fheuvm53wj359kr5epz8eybhxophh8o": 0.10063757,
  "lskp6q5zjvxeogmqnrv29s82h8cm5rr293njqjxdh": 0.14089295,
  "lskd7h7qgfzam3juqvfwnh98h26qmj99xdnts9dur": 0.10868913,
  "lskpbwgrq6pdop3sxkvr3v9757wekks2p8sbaw6dk": 0.0066,
  "lskumrdgca4a6p3ws2btjf6vyqwjmzctesghvcwen": 8.25234795,
  "lskc3du5erm5snzxcq5nnsm658qe5wk4y2wbz38qo": 0.7869917,
  "lskdm6dt4xmyvu6cnjoxk9ua5z26ssnamqz7ftqfo": 0.00201267
}
