{
  "lskf859xyn687gd7rvecbbrq2u7srcvtztwa9yc56": 110.6506205,
  "lskztxrxns7vrc6ufkmvermu5vhv49cocufk8ehxr": 4.19857452,
  "lsk8aa5t5kfkm8bgug6btdut2ekry4paoeognz4cg": 2.45890172,
  "lskwwqc6pneqwxxd329kycxp8s7mbvx7u2rk9kv72": 0.0122934,
  "lskeznp4yudpkavth98ebmzw6jz6pym5hzpqgj8tp": 0.00614658,
  "lsk4hc83tf7r9q4czg69dj4xo442fsmwte7qerx2d": 6.1472562,
  "lsk3fw4ttb62k46xkommswj9wbd78kmfzzp78mohg": 5.391143,
  "lskscse9jsp62sg2yw37t8n65bxswfodkto7vyja4": 0.21338304,
  "lskm7dquz6jepotwx4z4uyt2oswaaphdyz98nzy7c": 0.00614658,
  "lskxttp8vcvexx4h3wm5dkdguemha4zncz8p74j9q": 0.06147216,
  "lskhw729t89vkhuoe699462ejrpg5z5duxx8wrodn": 0.46104292,
  "lskmwegwjdhoo8two5yhubsro7zzo5ycx2fabqxcr": 0.11064928,
  "lskzeayrtw5basxrjad2trv6a9doftaw9j3wyqkqn": 0.15367958,
  "lskq7jrtxzjpsof24csvvhrc6f6hc84eqmj8w3euk": 0.36883386,
  "lsk5omwum4qt24du89cjprwkth9zxtau25rcakg5o": 1.43230876,
  "lsk58kg5pnauk9rakd2ht25avqv4a6dkzbs5ngbu2": 0.61472448,
  "lsk98hotayxrzbf8hhf85zd3jdb48v7cda668z7qz": 0.15367958,
  "lskxdbkaqmucdeh5gvwy4jeqmcwczqtm57jt8sg3q": 0.44874788,
  "lsku25nhr8g72hccqg5ovcqe7krtt8vudvnn2my6f": 0.6761972,
  "lsk278wvfc9w56ek4dcnahvvryug2ma7wp6k4ff78": 0.31350828,
  "lskb5mno76fheuvm53wj359kr5epz8eybhxophh8o": 0.30736114,
  "lskp6q5zjvxeogmqnrv29s82h8cm5rr293njqjxdh": 0.55325232,
  "lskottbwnvryko94rwvvppapjtoa5fge3466kpjfr": 3.073627,
  "lskwdowv62mv5v96zu9gwo6pw8akxs5a994zh57hg": 0.19671186,
  "lskv2fmavyujo4k4b829crkotvr2fhz2kn88qqp4m": 0.06147216,
  "lskxf4p79sfxy3uop2tx2rysstt8qewqecch5xwd8": 0.6208713,
  "lsk9vqoookbbjphmbs29kv6za5tf66udpx6cboanw": 0.30736114
}
