{
  "lskf859xyn687gd7rvecbbrq2u7srcvtztwa9yc56": 137.90132987,
  "lskztxrxns7vrc6ufkmvermu5vhv49cocufk8ehxr": 5.23258829,
  "lsk3fw4ttb62k46xkommswj9wbd78kmfzzp78mohg": 6.82611434,
  "lskscse9jsp62sg2yw37t8n65bxswfodkto7vyja4": 0.54612248,
  "lskm7dquz6jepotwx4z4uyt2oswaaphdyz98nzy7c": 0.00765944,
  "lskxttp8vcvexx4h3wm5dkdguemha4zncz8p74j9q": 0.07660941,
  "lskmwegwjdhoo8two5yhubsro7zzo5ycx2fabqxcr": 0.13789978,
  "lsk98hotayxrzbf8hhf85zd3jdb48v7cda668z7qz": 0.1915285,
  "lskxdbkaqmucdeh5gvwy4jeqmcwczqtm57jt8sg3q": 0.55926398,
  "lsku25nhr8g72hccqg5ovcqe7krtt8vudvnn2my6f": 0.84272954,
  "lsk278wvfc9w56ek4dcnahvvryug2ma7wp6k4ff78": 0.00765944,
  "lskb5mno76fheuvm53wj359kr5epz8eybhxophh8o": 0.38305732,
  "lskp6q5zjvxeogmqnrv29s82h8cm5rr293njqjxdh": 0.53628238,
  "lskv2fmavyujo4k4b829crkotvr2fhz2kn88qqp4m": 0.03830344,
  "lskd7h7qgfzam3juqvfwnh98h26qmj99xdnts9dur": 0.29878519,
  "lskpbwgrq6pdop3sxkvr3v9757wekks2p8sbaw6dk": 0.0066,
  "lskumrdgca4a6p3ws2btjf6vyqwjmzctesghvcwen": 31.410857,
  "lskc3du5erm5snzxcq5nnsm658qe5wk4y2wbz38qo": 2.99552064,
  "lskdm6dt4xmyvu6cnjoxk9ua5z26ssnamqz7ftqfo": 0.00765944
}
