{
  "lskf859xyn687gd7rvecbbrq2u7srcvtztwa9yc56": 143.28011214,
  "lskztxrxns7vrc6ufkmvermu5vhv49cocufk8ehxr": 5.43668295,
  "lsk8aa5t5kfkm8bgug6btdut2ekry4paoeognz4cg": 3.18400095,
  "lskd2pzojbngse68vngezmp5wgvrf23yjqjtdot7j": 0.19899915,
  "lskwwqc6pneqwxxd329kycxp8s7mbvx7u2rk9kv72": 0.007959,
  "lskeznp4yudpkavth98ebmzw6jz6pym5hzpqgj8tp": 0.007959,
  "lsk4hc83tf7r9q4czg69dj4xo442fsmwte7qerx2d": 7.96000462,
  "lsk3fw4ttb62k46xkommswj9wbd78kmfzzp78mohg": 6.98092436,
  "lskscse9jsp62sg2yw37t8n65bxswfodkto7vyja4": 0.21910278,
  "lskhghrkypt5jc4aov3jhjdhf5p4egn8c6q9wd5gf": 0.24220065,
  "lskm7dquz6jepotwx4z4uyt2oswaaphdyz98nzy7c": 0.007959,
  "lskxttp8vcvexx4h3wm5dkdguemha4zncz8p74j9q": 0.0795985,
  "lskhw729t89vkhuoe699462ejrpg5z5duxx8wrodn": 0.48555943,
  "lskmwegwjdhoo8two5yhubsro7zzo5ycx2fabqxcr": 0.143279,
  "lskzeayrtw5basxrjad2trv6a9doftaw9j3wyqkqn": 0.19899915,
  "lskq7jrtxzjpsof24csvvhrc6f6hc84eqmj8w3euk": 0.47759811,
  "lsk5omwum4qt24du89cjprwkth9zxtau25rcakg5o": 1.85467996,
  "lsk58kg5pnauk9rakd2ht25avqv4a6dkzbs5ngbu2": 0.79599946,
  "lsk98hotayxrzbf8hhf85zd3jdb48v7cda668z7qz": 0.19899915,
  "lskxdbkaqmucdeh5gvwy4jeqmcwczqtm57jt8sg3q": 0.5810789,
  "lsku25nhr8g72hccqg5ovcqe7krtt8vudvnn2my6f": 0.87559967,
  "lsk278wvfc9w56ek4dcnahvvryug2ma7wp6k4ff78": 0.40595881,
  "lskb5mno76fheuvm53wj359kr5epz8eybhxophh8o": 0.03979887,
  "lskp6q5zjvxeogmqnrv29s82h8cm5rr293njqjxdh": 0.33691706
}
