{
  "lskf859xyn687gd7rvecbbrq2u7srcvtztwa9yc56": 110.2814464,
  "lskztxrxns7vrc6ufkmvermu5vhv49cocufk8ehxr": 4.1845668,
  "lskwwqc6pneqwxxd329kycxp8s7mbvx7u2rk9kv72": 0.0122528,
  "lskeznp4yudpkavth98ebmzw6jz6pym5hzpqgj8tp": 0.0061252,
  "lsk3fw4ttb62k46xkommswj9wbd78kmfzzp78mohg": 5.4589312,
  "lskscse9jsp62sg2yw37t8n65bxswfodkto7vyja4": 0.3002084,
  "lskm7dquz6jepotwx4z4uyt2oswaaphdyz98nzy7c": 0.0061252,
  "lskxttp8vcvexx4h3wm5dkdguemha4zncz8p74j9q": 0.0612672,
  "lskhw729t89vkhuoe699462ejrpg5z5duxx8wrodn": 0.4595044,
  "lskmwegwjdhoo8two5yhubsro7zzo5ycx2fabqxcr": 0.1102788,
  "lsk98hotayxrzbf8hhf85zd3jdb48v7cda668z7qz": 0.153168,
  "lskxdbkaqmucdeh5gvwy4jeqmcwczqtm57jt8sg3q": 0.4472512,
  "lsku25nhr8g72hccqg5ovcqe7krtt8vudvnn2my6f": 0.6739396,
  "lsk278wvfc9w56ek4dcnahvvryug2ma7wp6k4ff78": 0.0061252,
  "lskb5mno76fheuvm53wj359kr5epz8eybhxophh8o": 0.306336,
  "lskp6q5zjvxeogmqnrv29s82h8cm5rr293njqjxdh": 0.4288708,
  "lskv2fmavyujo4k4b829crkotvr2fhz2kn88qqp4m": 0.0612672,
  "lsk9vqoookbbjphmbs29kv6za5tf66udpx6cboanw": 0.306336,
  "lskd7h7qgfzam3juqvfwnh98h26qmj99xdnts9dur": 0.177674,
  "lsk62evnyy8uw2vrs67mah72879otfnhddbqdt9um": 6.1267456,
  "lsk945efxyh5sdjhcebwomjkachoweptmuw875sjp": 1.5439392,
  "lsk2j9dsvzgark9ypzw2tzcn2vuyppattq54r9oss": 1.274362,
  "lskpbwgrq6pdop3sxkvr3v9757wekks2p8sbaw6dk": 0.0066,
  "lskumrdgca4a6p3ws2btjf6vyqwjmzctesghvcwen": 25.1196612,
  "lskc3du5erm5snzxcq5nnsm658qe5wk4y2wbz38qo": 2.4935844
}
