{
  "lskf859xyn687gd7rvecbbrq2u7srcvtztwa9yc56": 196.22722423,
  "lskztxrxns7vrc6ufkmvermu5vhv49cocufk8ehxr": 7.44573228,
  "lsk3fw4ttb62k46xkommswj9wbd78kmfzzp78mohg": 9.71324355,
  "lskscse9jsp62sg2yw37t8n65bxswfodkto7vyja4": 0.59958039,
  "lskm7dquz6jepotwx4z4uyt2oswaaphdyz98nzy7c": 0.01089864,
  "lskxttp8vcvexx4h3wm5dkdguemha4zncz8p74j9q": 0.10901115,
  "lskhw729t89vkhuoe699462ejrpg5z5duxx8wrodn": 0.89392067,
  "lskmwegwjdhoo8two5yhubsro7zzo5ycx2fabqxcr": 0.19622435,
  "lsk98hotayxrzbf8hhf85zd3jdb48v7cda668z7qz": 0.27253688,
  "lskxdbkaqmucdeh5gvwy4jeqmcwczqtm57jt8sg3q": 0.79580816,
  "lsku25nhr8g72hccqg5ovcqe7krtt8vudvnn2my6f": 1.1991642,
  "lsk278wvfc9w56ek4dcnahvvryug2ma7wp6k4ff78": 0.01089864,
  "lskb5mno76fheuvm53wj359kr5epz8eybhxophh8o": 0.54507384,
  "lskp6q5zjvxeogmqnrv29s82h8cm5rr293njqjxdh": 0.76310151,
  "lskv2fmavyujo4k4b829crkotvr2fhz2kn88qqp4m": 0.10901115,
  "lskd7h7qgfzam3juqvfwnh98h26qmj99xdnts9dur": 0.42515535,
  "lsk945efxyh5sdjhcebwomjkachoweptmuw875sjp": 2.74717992,
  "lskpbwgrq6pdop3sxkvr3v9757wekks2p8sbaw6dk": 0.0066,
  "lskumrdgca4a6p3ws2btjf6vyqwjmzctesghvcwen": 44.69619955,
  "lskc3du5erm5snzxcq5nnsm658qe5wk4y2wbz38qo": 4.26248899,
  "lsk9xn7w5wzhg85xgng875h8cpajmf8kn9hpmd8cm": 0.21802699,
  "lskdm6dt4xmyvu6cnjoxk9ua5z26ssnamqz7ftqfo": 0.01089864,
  "lskj7nfmsfo5r9ytwxfubxqsudmcm5e7qz5ycet66": 0.74856132
}
