{
  "lskf859xyn687gd7rvecbbrq2u7srcvtztwa9yc56": 222.10953941,
  "lskztxrxns7vrc6ufkmvermu5vhv49cocufk8ehxr": 8.42782009,
  "lsk8aa5t5kfkm8bgug6btdut2ekry4paoeognz4cg": 4.9357653,
  "lskd2pzojbngse68vngezmp5wgvrf23yjqjtdot7j": 0.30848331,
  "lskwwqc6pneqwxxd329kycxp8s7mbvx7u2rk9kv72": 0.01233609,
  "lskeznp4yudpkavth98ebmzw6jz6pym5hzpqgj8tp": 0.01233609,
  "lsk4hc83tf7r9q4czg69dj4xo442fsmwte7qerx2d": 12.33941745,
  "lsk3fw4ttb62k46xkommswj9wbd78kmfzzp78mohg": 10.61189744,
  "lskscse9jsp62sg2yw37t8n65bxswfodkto7vyja4": 0.25877903,
  "lskhghrkypt5jc4aov3jhjdhf5p4egn8c6q9wd5gf": 1.03650823,
  "lskm7dquz6jepotwx4z4uyt2oswaaphdyz98nzy7c": 0.01233609,
  "lskxttp8vcvexx4h3wm5dkdguemha4zncz8p74j9q": 0.12339199,
  "lskhw729t89vkhuoe699462ejrpg5z5duxx8wrodn": 0.7527027,
  "lskmwegwjdhoo8two5yhubsro7zzo5ycx2fabqxcr": 0.09871225,
  "lskzeayrtw5basxrjad2trv6a9doftaw9j3wyqkqn": 0.30848331,
  "lskq7jrtxzjpsof24csvvhrc6f6hc84eqmj8w3euk": 0.74036348,
  "lsk5omwum4qt24du89cjprwkth9zxtau25rcakg5o": 1.85091049,
  "lsk58kg5pnauk9rakd2ht25avqv4a6dkzbs5ngbu2": 0.49357507,
  "lsk98hotayxrzbf8hhf85zd3jdb48v7cda668z7qz": 0.30848331,
  "lskxdbkaqmucdeh5gvwy4jeqmcwczqtm57jt8sg3q": 0.90077595,
  "lsku25nhr8g72hccqg5ovcqe7krtt8vudvnn2my6f": 1.3573339
}
