{
  "lskf859xyn687gd7rvecbbrq2u7srcvtztwa9yc56": 187.54810851,
  "lskztxrxns7vrc6ufkmvermu5vhv49cocufk8ehxr": 7.11640814,
  "lsk3fw4ttb62k46xkommswj9wbd78kmfzzp78mohg": 9.28362831,
  "lskscse9jsp62sg2yw37t8n65bxswfodkto7vyja4": 0.60440115,
  "lskm7dquz6jepotwx4z4uyt2oswaaphdyz98nzy7c": 0.01041711,
  "lskxttp8vcvexx4h3wm5dkdguemha4zncz8p74j9q": 0.10419223,
  "lskhw729t89vkhuoe699462ejrpg5z5duxx8wrodn": 0.85438422,
  "lskmwegwjdhoo8two5yhubsro7zzo5ycx2fabqxcr": 0.1875452,
  "lsk98hotayxrzbf8hhf85zd3jdb48v7cda668z7qz": 0.26048177,
  "lskxdbkaqmucdeh5gvwy4jeqmcwczqtm57jt8sg3q": 0.76060969,
  "lsku25nhr8g72hccqg5ovcqe7krtt8vudvnn2my6f": 1.14612629,
  "lsk278wvfc9w56ek4dcnahvvryug2ma7wp6k4ff78": 0.01041711,
  "lskb5mno76fheuvm53wj359kr5epz8eybhxophh8o": 0.52096387,
  "lskp6q5zjvxeogmqnrv29s82h8cm5rr293njqjxdh": 0.7293516,
  "lskv2fmavyujo4k4b829crkotvr2fhz2kn88qqp4m": 0.05209598,
  "lskd7h7qgfzam3juqvfwnh98h26qmj99xdnts9dur": 0.4063528,
  "lskpbwgrq6pdop3sxkvr3v9757wekks2p8sbaw6dk": 0.0066,
  "lskumrdgca4a6p3ws2btjf6vyqwjmzctesghvcwen": 42.71929094,
  "lskc3du5erm5snzxcq5nnsm658qe5wk4y2wbz38qo": 4.07395912,
  "lsk9xn7w5wzhg85xgng875h8cpajmf8kn9hpmd8cm": 0.1332074,
  "lskdm6dt4xmyvu6cnjoxk9ua5z26ssnamqz7ftqfo": 0.01041711,
  "lskj7nfmsfo5r9ytwxfubxqsudmcm5e7qz5ycet66": 0.46760582
}
