{
  "lskf859xyn687gd7rvecbbrq2u7srcvtztwa9yc56": 47.89325635,
  "lskztxrxns7vrc6ufkmvermu5vhv49cocufk8ehxr": 1.81728225,
  "lsk8aa5t5kfkm8bgug6btdut2ekry4paoeognz4cg": 1.06429441,
  "lskwwqc6pneqwxxd329kycxp8s7mbvx7u2rk9kv72": 0.0053209,
  "lskeznp4yudpkavth98ebmzw6jz6pym5hzpqgj8tp": 0.00266033,
  "lsk4hc83tf7r9q4czg69dj4xo442fsmwte7qerx2d": 2.66073583,
  "lsk3fw4ttb62k46xkommswj9wbd78kmfzzp78mohg": 2.33346544,
  "lskscse9jsp62sg2yw37t8n65bxswfodkto7vyja4": 0.10642927,
  "lskm7dquz6jepotwx4z4uyt2oswaaphdyz98nzy7c": 0.00266033,
  "lskxttp8vcvexx4h3wm5dkdguemha4zncz8p74j9q": 0.02660704,
  "lskhw729t89vkhuoe699462ejrpg5z5duxx8wrodn": 0.19955469,
  "lskmwegwjdhoo8two5yhubsro7zzo5ycx2fabqxcr": 0.04789238,
  "lskzeayrtw5basxrjad2trv6a9doftaw9j3wyqkqn": 0.06651809,
  "lskq7jrtxzjpsof24csvvhrc6f6hc84eqmj8w3euk": 0.17301642,
  "lsk5omwum4qt24du89cjprwkth9zxtau25rcakg5o": 0.61995111,
  "lsk58kg5pnauk9rakd2ht25avqv4a6dkzbs5ngbu2": 0.26607288,
  "lsk98hotayxrzbf8hhf85zd3jdb48v7cda668z7qz": 0.06651809,
  "lskxdbkaqmucdeh5gvwy4jeqmcwczqtm57jt8sg3q": 0.19423283,
  "lsku25nhr8g72hccqg5ovcqe7krtt8vudvnn2my6f": 0.29268089,
  "lsk278wvfc9w56ek4dcnahvvryug2ma7wp6k4ff78": 0.13569688,
  "lskb5mno76fheuvm53wj359kr5epz8eybhxophh8o": 0.13303631,
  "lskp6q5zjvxeogmqnrv29s82h8cm5rr293njqjxdh": 0.2394657,
  "lskottbwnvryko94rwvvppapjtoa5fge3466kpjfr": 1.33036742,
  "lskwdowv62mv5v96zu9gwo6pw8akxs5a994zh57hg": 0.08514296,
  "lskv2fmavyujo4k4b829crkotvr2fhz2kn88qqp4m": 0.02660704,
  "lskxf4p79sfxy3uop2tx2rysstt8qewqecch5xwd8": 0.26873415,
  "lsk9vqoookbbjphmbs29kv6za5tf66udpx6cboanw": 0.13303631,
  "lskd7h7qgfzam3juqvfwnh98h26qmj99xdnts9dur": 0.05321422,
  "lsk62evnyy8uw2vrs67mah72879otfnhddbqdt9um": 2.66073583,
  "lsk945efxyh5sdjhcebwomjkachoweptmuw875sjp": 0.09479793
}
