{
  "lskf859xyn687gd7rvecbbrq2u7srcvtztwa9yc56": 173.37031968,
  "lskztxrxns7vrc6ufkmvermu5vhv49cocufk8ehxr": 6.57843859,
  "lsk8aa5t5kfkm8bgug6btdut2ekry4paoeognz4cg": 3.85267176,
  "lskd2pzojbngse68vngezmp5wgvrf23yjqjtdot7j": 0.24079006,
  "lskwwqc6pneqwxxd329kycxp8s7mbvx7u2rk9kv72": 0.00962975,
  "lskeznp4yudpkavth98ebmzw6jz6pym5hzpqgj8tp": 0.00962975,
  "lsk4hc83tf7r9q4czg69dj4xo442fsmwte7qerx2d": 9.63168326,
  "lsk3fw4ttb62k46xkommswj9wbd78kmfzzp78mohg": 8.44698543,
  "lskscse9jsp62sg2yw37t8n65bxswfodkto7vyja4": 0.22894548,
  "lskhghrkypt5jc4aov3jhjdhf5p4egn8c6q9wd5gf": 0.89574539,
  "lskm7dquz6jepotwx4z4uyt2oswaaphdyz98nzy7c": 0.00962975,
  "lskxttp8vcvexx4h3wm5dkdguemha4zncz8p74j9q": 0.09631481,
  "lskhw729t89vkhuoe699462ejrpg5z5duxx8wrodn": 0.58753084,
  "lskmwegwjdhoo8two5yhubsro7zzo5ycx2fabqxcr": 0.17336834,
  "lskzeayrtw5basxrjad2trv6a9doftaw9j3wyqkqn": 0.24079006,
  "lskq7jrtxzjpsof24csvvhrc6f6hc84eqmj8w3euk": 0.5778993,
  "lsk5omwum4qt24du89cjprwkth9zxtau25rcakg5o": 1.88617968,
  "lsk58kg5pnauk9rakd2ht25avqv4a6dkzbs5ngbu2": 0.3852644,
  "lsk98hotayxrzbf8hhf85zd3jdb48v7cda668z7qz": 0.24079006,
  "lskxdbkaqmucdeh5gvwy4jeqmcwczqtm57jt8sg3q": 0.70311129,
  "lsku25nhr8g72hccqg5ovcqe7krtt8vudvnn2my6f": 1.05948371,
  "lsk278wvfc9w56ek4dcnahvvryug2ma7wp6k4ff78": 0.27475896
}
