{
  "lskf859xyn687gd7rvecbbrq2u7srcvtztwa9yc56": 30.68330148,
  "lskztxrxns7vrc6ufkmvermu5vhv49cocufk8ehxr": 1.1642605,
  "lskwwqc6pneqwxxd329kycxp8s7mbvx7u2rk9kv72": 0.00340852,
  "lskeznp4yudpkavth98ebmzw6jz6pym5hzpqgj8tp": 0.00170422,
  "lsk4hc83tf7r9q4czg69dj4xo442fsmwte7qerx2d": 1.7046271,
  "lsk3fw4ttb62k46xkommswj9wbd78kmfzzp78mohg": 1.51882294,
  "lskscse9jsp62sg2yw37t8n65bxswfodkto7vyja4": 0.07500354,
  "lskm7dquz6jepotwx4z4uyt2oswaaphdyz98nzy7c": 0.00170422,
  "lskxttp8vcvexx4h3wm5dkdguemha4zncz8p74j9q": 0.01704596,
  "lskhw729t89vkhuoe699462ejrpg5z5duxx8wrodn": 0.12784666,
  "lskmwegwjdhoo8two5yhubsro7zzo5ycx2fabqxcr": 0.03068262,
  "lskzeayrtw5basxrjad2trv6a9doftaw9j3wyqkqn": 0.04261498,
  "lskq7jrtxzjpsof24csvvhrc6f6hc84eqmj8w3euk": 0.17046242,
  "lsk5omwum4qt24du89cjprwkth9zxtau25rcakg5o": 0.3971782,
  "lsk98hotayxrzbf8hhf85zd3jdb48v7cda668z7qz": 0.04261498,
  "lskxdbkaqmucdeh5gvwy4jeqmcwczqtm57jt8sg3q": 0.12443728,
  "lsku25nhr8g72hccqg5ovcqe7krtt8vudvnn2my6f": 0.18750846,
  "lsk278wvfc9w56ek4dcnahvvryug2ma7wp6k4ff78": 0.00170422,
  "lskb5mno76fheuvm53wj359kr5epz8eybhxophh8o": 0.08523082,
  "lskp6q5zjvxeogmqnrv29s82h8cm5rr293njqjxdh": 0.15341646,
  "lskottbwnvryko94rwvvppapjtoa5fge3466kpjfr": 0.85231312,
  "lskv2fmavyujo4k4b829crkotvr2fhz2kn88qqp4m": 0.01704596,
  "lsk9vqoookbbjphmbs29kv6za5tf66udpx6cboanw": 0.08523082,
  "lskd7h7qgfzam3juqvfwnh98h26qmj99xdnts9dur": 0.034092,
  "lsk62evnyy8uw2vrs67mah72879otfnhddbqdt9um": 1.7046271,
  "lsk945efxyh5sdjhcebwomjkachoweptmuw875sjp": 0.4295659,
  "lsk2j9dsvzgark9ypzw2tzcn2vuyppattq54r9oss": 0.35456236,
  "lskpbwgrq6pdop3sxkvr3v9757wekks2p8sbaw6dk": 0.0066,
  "lskumrdgca4a6p3ws2btjf6vyqwjmzctesghvcwen": 6.98897426
}
