{
  "lskf859xyn687gd7rvecbbrq2u7srcvtztwa9yc56": 128.76468962,
  "lskztxrxns7vrc6ufkmvermu5vhv49cocufk8ehxr": 4.88590302,
  "lskwwqc6pneqwxxd329kycxp8s7mbvx7u2rk9kv72": 0.01430436,
  "lskeznp4yudpkavth98ebmzw6jz6pym5hzpqgj8tp": 0.00715058,
  "lsk3fw4ttb62k46xkommswj9wbd78kmfzzp78mohg": 6.37385078,
  "lskscse9jsp62sg2yw37t8n65bxswfodkto7vyja4": 0.3511239,
  "lskm7dquz6jepotwx4z4uyt2oswaaphdyz98nzy7c": 0.00715058,
  "lskxttp8vcvexx4h3wm5dkdguemha4zncz8p74j9q": 0.07153385,
  "lskhw729t89vkhuoe699462ejrpg5z5duxx8wrodn": 0.53651787,
  "lskmwegwjdhoo8two5yhubsro7zzo5ycx2fabqxcr": 0.12876269,
  "lsk98hotayxrzbf8hhf85zd3jdb48v7cda668z7qz": 0.17883842,
  "lskxdbkaqmucdeh5gvwy4jeqmcwczqtm57jt8sg3q": 0.52221082,
  "lsku25nhr8g72hccqg5ovcqe7krtt8vudvnn2my6f": 0.7868927,
  "lsk278wvfc9w56ek4dcnahvvryug2ma7wp6k4ff78": 0.00715058,
  "lskb5mno76fheuvm53wj359kr5epz8eybhxophh8o": 0.35767938,
  "lskp6q5zjvxeogmqnrv29s82h8cm5rr293njqjxdh": 0.50074977,
  "lskv2fmavyujo4k4b829crkotvr2fhz2kn88qqp4m": 0.07153385,
  "lsk9vqoookbbjphmbs29kv6za5tf66udpx6cboanw": 0.35767938,
  "lskd7h7qgfzam3juqvfwnh98h26qmj99xdnts9dur": 0.20745266,
  "lsk62evnyy8uw2vrs67mah72879otfnhddbqdt9um": 7.15359261,
  "lsk945efxyh5sdjhcebwomjkachoweptmuw875sjp": 1.80270534,
  "lsk2j9dsvzgark9ypzw2tzcn2vuyppattq54r9oss": 0.17124241,
  "lskpbwgrq6pdop3sxkvr3v9757wekks2p8sbaw6dk": 0.0066,
  "lskumrdgca4a6p3ws2btjf6vyqwjmzctesghvcwen": 29.32973397,
  "lskc3du5erm5snzxcq5nnsm658qe5wk4y2wbz38qo": 2.91150977
}
