{
  "lskf859xyn687gd7rvecbbrq2u7srcvtztwa9yc56": 40.95563136,
  "lskztxrxns7vrc6ufkmvermu5vhv49cocufk8ehxr": 1.55403826,
  "lsk3fw4ttb62k46xkommswj9wbd78kmfzzp78mohg": 2.02730322,
  "lskscse9jsp62sg2yw37t8n65bxswfodkto7vyja4": 0.14106866,
  "lskm7dquz6jepotwx4z4uyt2oswaaphdyz98nzy7c": 0.0022749,
  "lskxttp8vcvexx4h3wm5dkdguemha4zncz8p74j9q": 0.0227528,
  "lskhw729t89vkhuoe699462ejrpg5z5duxx8wrodn": 0.1865752,
  "lskmwegwjdhoo8two5yhubsro7zzo5ycx2fabqxcr": 0.04095522,
  "lsk98hotayxrzbf8hhf85zd3jdb48v7cda668z7qz": 0.05688256,
  "lskxdbkaqmucdeh5gvwy4jeqmcwczqtm57jt8sg3q": 0.1660973,
  "lsku25nhr8g72hccqg5ovcqe7krtt8vudvnn2my6f": 0.25028416,
  "lsk278wvfc9w56ek4dcnahvvryug2ma7wp6k4ff78": 0.0022749,
  "lskb5mno76fheuvm53wj359kr5epz8eybhxophh8o": 0.11376512,
  "lskp6q5zjvxeogmqnrv29s82h8cm5rr293njqjxdh": 0.15927184,
  "lskv2fmavyujo4k4b829crkotvr2fhz2kn88qqp4m": 0.01137602,
  "lskd7h7qgfzam3juqvfwnh98h26qmj99xdnts9dur": 0.08873666,
  "lskpbwgrq6pdop3sxkvr3v9757wekks2p8sbaw6dk": 0.0066,
  "lskumrdgca4a6p3ws2btjf6vyqwjmzctesghvcwen": 9.3287824,
  "lskc3du5erm5snzxcq5nnsm658qe5wk4y2wbz38qo": 0.88964642,
  "lskdm6dt4xmyvu6cnjoxk9ua5z26ssnamqz7ftqfo": 0.0022749
}
