{
  "lskf859xyn687gd7rvecbbrq2u7srcvtztwa9yc56": 57.19473336,
  "lskztxrxns7vrc6ufkmvermu5vhv49cocufk8ehxr": 2.17022232,
  "lskwwqc6pneqwxxd329kycxp8s7mbvx7u2rk9kv72": 0.006354,
  "lskeznp4yudpkavth98ebmzw6jz6pym5hzpqgj8tp": 0.00317688,
  "lsk3fw4ttb62k46xkommswj9wbd78kmfzzp78mohg": 2.83113792,
  "lskscse9jsp62sg2yw37t8n65bxswfodkto7vyja4": 0.14934048,
  "lskm7dquz6jepotwx4z4uyt2oswaaphdyz98nzy7c": 0.00317688,
  "lskxttp8vcvexx4h3wm5dkdguemha4zncz8p74j9q": 0.03177408,
  "lskhw729t89vkhuoe699462ejrpg5z5duxx8wrodn": 0.23831136,
  "lskmwegwjdhoo8two5yhubsro7zzo5ycx2fabqxcr": 0.05719392,
  "lsk98hotayxrzbf8hhf85zd3jdb48v7cda668z7qz": 0.07943712,
  "lskxdbkaqmucdeh5gvwy4jeqmcwczqtm57jt8sg3q": 0.23195592,
  "lsku25nhr8g72hccqg5ovcqe7krtt8vudvnn2my6f": 0.34952256,
  "lsk278wvfc9w56ek4dcnahvvryug2ma7wp6k4ff78": 0.00317688,
  "lskb5mno76fheuvm53wj359kr5epz8eybhxophh8o": 0.15887424,
  "lskp6q5zjvxeogmqnrv29s82h8cm5rr293njqjxdh": 0.28597296,
  "lskottbwnvryko94rwvvppapjtoa5fge3466kpjfr": 1.5887424,
  "lskv2fmavyujo4k4b829crkotvr2fhz2kn88qqp4m": 0.03177408,
  "lsk9vqoookbbjphmbs29kv6za5tf66udpx6cboanw": 0.15887424,
  "lskd7h7qgfzam3juqvfwnh98h26qmj99xdnts9dur": 0.0762588,
  "lsk62evnyy8uw2vrs67mah72879otfnhddbqdt9um": 3.1774848,
  "lsk945efxyh5sdjhcebwomjkachoweptmuw875sjp": 0.8007252,
  "lsk2j9dsvzgark9ypzw2tzcn2vuyppattq54r9oss": 0.6609156,
  "lskpbwgrq6pdop3sxkvr3v9757wekks2p8sbaw6dk": 0.0066,
  "lskumrdgca4a6p3ws2btjf6vyqwjmzctesghvcwen": 13.02768936,
  "lskc3du5erm5snzxcq5nnsm658qe5wk4y2wbz38qo": 0.68315856
}
