{
  "lskf859xyn687gd7rvecbbrq2u7srcvtztwa9yc56": 88.3635417,
  "lskztxrxns7vrc6ufkmvermu5vhv49cocufk8ehxr": 3.35290396,
  "lsk8aa5t5kfkm8bgug6btdut2ekry4paoeognz4cg": 1.96363372,
  "lskwwqc6pneqwxxd329kycxp8s7mbvx7u2rk9kv72": 0.00981708,
  "lskeznp4yudpkavth98ebmzw6jz6pym5hzpqgj8tp": 0.00490842,
  "lsk4hc83tf7r9q4czg69dj4xo442fsmwte7qerx2d": 4.90908548,
  "lsk3fw4ttb62k46xkommswj9wbd78kmfzzp78mohg": 4.30526716,
  "lskscse9jsp62sg2yw37t8n65bxswfodkto7vyja4": 0.16757104,
  "lskm7dquz6jepotwx4z4uyt2oswaaphdyz98nzy7c": 0.00490842,
  "lskxttp8vcvexx4h3wm5dkdguemha4zncz8p74j9q": 0.04909056,
  "lskhw729t89vkhuoe699462ejrpg5z5duxx8wrodn": 0.36818036,
  "lskmwegwjdhoo8two5yhubsro7zzo5ycx2fabqxcr": 0.0883624,
  "lskzeayrtw5basxrjad2trv6a9doftaw9j3wyqkqn": 0.12272558,
  "lskq7jrtxzjpsof24csvvhrc6f6hc84eqmj8w3euk": 0.2945437,
  "lsk5omwum4qt24du89cjprwkth9zxtau25rcakg5o": 1.14381516,
  "lsk58kg5pnauk9rakd2ht25avqv4a6dkzbs5ngbu2": 0.49090784,
  "lsk98hotayxrzbf8hhf85zd3jdb48v7cda668z7qz": 0.12272558,
  "lskxdbkaqmucdeh5gvwy4jeqmcwczqtm57jt8sg3q": 0.35836164,
  "lsku25nhr8g72hccqg5ovcqe7krtt8vudvnn2my6f": 0.53999848,
  "lsk278wvfc9w56ek4dcnahvvryug2ma7wp6k4ff78": 0.25036156,
  "lskb5mno76fheuvm53wj359kr5epz8eybhxophh8o": 0.24545306,
  "lskp6q5zjvxeogmqnrv29s82h8cm5rr293njqjxdh": 0.44181728,
  "lskottbwnvryko94rwvvppapjtoa5fge3466kpjfr": 2.45454188,
  "lskwdowv62mv5v96zu9gwo6pw8akxs5a994zh57hg": 0.15709066,
  "lskv2fmavyujo4k4b829crkotvr2fhz2kn88qqp4m": 0.04909056,
  "lskxf4p79sfxy3uop2tx2rysstt8qewqecch5xwd8": 0.4958165,
  "lsk9vqoookbbjphmbs29kv6za5tf66udpx6cboanw": 0.24545306
}
