{
  "lskf859xyn687gd7rvecbbrq2u7srcvtztwa9yc56": 232.62338848,
  "lskztxrxns7vrc6ufkmvermu5vhv49cocufk8ehxr": 8.82676084,
  "lsk8aa5t5kfkm8bgug6btdut2ekry4paoeognz4cg": 5.1694063,
  "lskd2pzojbngse68vngezmp5wgvrf23yjqjtdot7j": 0.32308581,
  "lskwwqc6pneqwxxd329kycxp8s7mbvx7u2rk9kv72": 0.01291948,
  "lskeznp4yudpkavth98ebmzw6jz6pym5hzpqgj8tp": 0.01291948,
  "lsk4hc83tf7r9q4czg69dj4xo442fsmwte7qerx2d": 12.92351933,
  "lsk3fw4ttb62k46xkommswj9wbd78kmfzzp78mohg": 11.11422651,
  "lskscse9jsp62sg2yw37t8n65bxswfodkto7vyja4": 0.25846965,
  "lskhghrkypt5jc4aov3jhjdhf5p4egn8c6q9wd5gf": 1.08557131,
  "lskm7dquz6jepotwx4z4uyt2oswaaphdyz98nzy7c": 0.01291948,
  "lskxttp8vcvexx4h3wm5dkdguemha4zncz8p74j9q": 0.12923269,
  "lskhw729t89vkhuoe699462ejrpg5z5duxx8wrodn": 0.78833338,
  "lskmwegwjdhoo8two5yhubsro7zzo5ycx2fabqxcr": 0.10338417,
  "lskzeayrtw5basxrjad2trv6a9doftaw9j3wyqkqn": 0.32308581,
  "lskq7jrtxzjpsof24csvvhrc6f6hc84eqmj8w3euk": 0.77540924,
  "lsk5omwum4qt24du89cjprwkth9zxtau25rcakg5o": 1.93852576,
  "lsk58kg5pnauk9rakd2ht25avqv4a6dkzbs5ngbu2": 0.51693932,
  "lsk98hotayxrzbf8hhf85zd3jdb48v7cda668z7qz": 0.32308581,
  "lskxdbkaqmucdeh5gvwy4jeqmcwczqtm57jt8sg3q": 0.89407686,
  "lsku25nhr8g72hccqg5ovcqe7krtt8vudvnn2my6f": 1.34468626
}
