{
  "lskf859xyn687gd7rvecbbrq2u7srcvtztwa9yc56": 209.75700815,
  "lskztxrxns7vrc6ufkmvermu5vhv49cocufk8ehxr": 7.95911025,
  "lsk8aa5t5kfkm8bgug6btdut2ekry4paoeognz4cg": 4.6612654,
  "lskd2pzojbngse68vngezmp5wgvrf23yjqjtdot7j": 0.2913289,
  "lskwwqc6pneqwxxd329kycxp8s7mbvx7u2rk9kv72": 0.01165295,
  "lskeznp4yudpkavth98ebmzw6jz6pym5hzpqgj8tp": 0.01165295,
  "lsk4hc83tf7r9q4czg69dj4xo442fsmwte7qerx2d": 11.65316535,
  "lsk3fw4ttb62k46xkommswj9wbd78kmfzzp78mohg": 10.2198264,
  "lskscse9jsp62sg2yw37t8n65bxswfodkto7vyja4": 0.34959365,
  "lskm7dquz6jepotwx4z4uyt2oswaaphdyz98nzy7c": 0.01165295,
  "lskxttp8vcvexx4h3wm5dkdguemha4zncz8p74j9q": 0.1165295,
  "lskhw729t89vkhuoe699462ejrpg5z5duxx8wrodn": 0.7108406,
  "lskmwegwjdhoo8two5yhubsro7zzo5ycx2fabqxcr": 0.20975378,
  "lskzeayrtw5basxrjad2trv6a9doftaw9j3wyqkqn": 0.2913289,
  "lskq7jrtxzjpsof24csvvhrc6f6hc84eqmj8w3euk": 0.69918765,
  "lsk5omwum4qt24du89cjprwkth9zxtau25rcakg5o": 2.7151867,
  "lsk58kg5pnauk9rakd2ht25avqv4a6dkzbs5ngbu2": 1.1653156,
  "lsk98hotayxrzbf8hhf85zd3jdb48v7cda668z7qz": 0.2913289,
  "lskxdbkaqmucdeh5gvwy4jeqmcwczqtm57jt8sg3q": 0.85067898,
  "lsku25nhr8g72hccqg5ovcqe7krtt8vudvnn2my6f": 1.28184545,
  "lsk278wvfc9w56ek4dcnahvvryug2ma7wp6k4ff78": 0.59431075,
  "lskb5mno76fheuvm53wj359kr5epz8eybhxophh8o": 0.2913289,
  "lskp6q5zjvxeogmqnrv29s82h8cm5rr293njqjxdh": 0.9555577,
  "lskottbwnvryko94rwvvppapjtoa5fge3466kpjfr": 2.400518
}
