{
  "lskf859xyn687gd7rvecbbrq2u7srcvtztwa9yc56": 97.02617496,
  "lskztxrxns7vrc6ufkmvermu5vhv49cocufk8ehxr": 3.68160264,
  "lsk8aa5t5kfkm8bgug6btdut2ekry4paoeognz4cg": 2.15613612,
  "lskd2pzojbngse68vngezmp5wgvrf23yjqjtdot7j": 0.13475836,
  "lskwwqc6pneqwxxd329kycxp8s7mbvx7u2rk9kv72": 0.00539024,
  "lskeznp4yudpkavth98ebmzw6jz6pym5hzpqgj8tp": 0.00539024,
  "lsk4hc83tf7r9q4czg69dj4xo442fsmwte7qerx2d": 5.39034176,
  "lsk3fw4ttb62k46xkommswj9wbd78kmfzzp78mohg": 4.72733016,
  "lskscse9jsp62sg2yw37t8n65bxswfodkto7vyja4": 0.16170956,
  "lskm7dquz6jepotwx4z4uyt2oswaaphdyz98nzy7c": 0.00539024,
  "lskxttp8vcvexx4h3wm5dkdguemha4zncz8p74j9q": 0.0539024,
  "lskhw729t89vkhuoe699462ejrpg5z5duxx8wrodn": 0.32880964,
  "lskmwegwjdhoo8two5yhubsro7zzo5ycx2fabqxcr": 0.0970246,
  "lskzeayrtw5basxrjad2trv6a9doftaw9j3wyqkqn": 0.13475836,
  "lskq7jrtxzjpsof24csvvhrc6f6hc84eqmj8w3euk": 0.3234194,
  "lsk5omwum4qt24du89cjprwkth9zxtau25rcakg5o": 1.25594952,
  "lsk58kg5pnauk9rakd2ht25avqv4a6dkzbs5ngbu2": 0.53903344,
  "lsk98hotayxrzbf8hhf85zd3jdb48v7cda668z7qz": 0.13475836,
  "lskxdbkaqmucdeh5gvwy4jeqmcwczqtm57jt8sg3q": 0.3934946,
  "lsku25nhr8g72hccqg5ovcqe7krtt8vudvnn2my6f": 0.59293612,
  "lsk278wvfc9w56ek4dcnahvvryug2ma7wp6k4ff78": 0.27490696,
  "lskb5mno76fheuvm53wj359kr5epz8eybhxophh8o": 0.13475836,
  "lskp6q5zjvxeogmqnrv29s82h8cm5rr293njqjxdh": 0.44200704
}
