{
  "lskf859xyn687gd7rvecbbrq2u7srcvtztwa9yc56": 9.76609579,
  "lskztxrxns7vrc6ufkmvermu5vhv49cocufk8ehxr": 0.37056906,
  "lsk3fw4ttb62k46xkommswj9wbd78kmfzzp78mohg": 0.48342154,
  "lskscse9jsp62sg2yw37t8n65bxswfodkto7vyja4": 0.02984071,
  "lskm7dquz6jepotwx4z4uyt2oswaaphdyz98nzy7c": 0.00054243,
  "lskxttp8vcvexx4h3wm5dkdguemha4zncz8p74j9q": 0.00542542,
  "lskhw729t89vkhuoe699462ejrpg5z5duxx8wrodn": 0.04448983,
  "lskmwegwjdhoo8two5yhubsro7zzo5ycx2fabqxcr": 0.00976594,
  "lsk98hotayxrzbf8hhf85zd3jdb48v7cda668z7qz": 0.01356399,
  "lskxdbkaqmucdeh5gvwy4jeqmcwczqtm57jt8sg3q": 0.03960684,
  "lsku25nhr8g72hccqg5ovcqe7krtt8vudvnn2my6f": 0.05968161,
  "lsk278wvfc9w56ek4dcnahvvryug2ma7wp6k4ff78": 0.00054243,
  "lskb5mno76fheuvm53wj359kr5epz8eybhxophh8o": 0.02712798,
  "lskp6q5zjvxeogmqnrv29s82h8cm5rr293njqjxdh": 0.03797905,
  "lskv2fmavyujo4k4b829crkotvr2fhz2kn88qqp4m": 0.00542542,
  "lskd7h7qgfzam3juqvfwnh98h26qmj99xdnts9dur": 0.02115967,
  "lsk945efxyh5sdjhcebwomjkachoweptmuw875sjp": 0.1367253,
  "lskpbwgrq6pdop3sxkvr3v9757wekks2p8sbaw6dk": 0.0066,
  "lskumrdgca4a6p3ws2btjf6vyqwjmzctesghvcwen": 2.22449953,
  "lskc3du5erm5snzxcq5nnsm658qe5wk4y2wbz38qo": 0.2121412,
  "lsk9xn7w5wzhg85xgng875h8cpajmf8kn9hpmd8cm": 0.01085107,
  "lskdm6dt4xmyvu6cnjoxk9ua5z26ssnamqz7ftqfo": 0.00054243
}
