{
  "lskf859xyn687gd7rvecbbrq2u7srcvtztwa9yc56": 56.60595711,
  "lskztxrxns7vrc6ufkmvermu5vhv49cocufk8ehxr": 2.14788123,
  "lskwwqc6pneqwxxd329kycxp8s7mbvx7u2rk9kv72": 0.00628935,
  "lskeznp4yudpkavth98ebmzw6jz6pym5hzpqgj8tp": 0.00314435,
  "lsk3fw4ttb62k46xkommswj9wbd78kmfzzp78mohg": 2.80199453,
  "lskscse9jsp62sg2yw37t8n65bxswfodkto7vyja4": 0.15723876,
  "lskm7dquz6jepotwx4z4uyt2oswaaphdyz98nzy7c": 0.00314435,
  "lskxttp8vcvexx4h3wm5dkdguemha4zncz8p74j9q": 0.03144759,
  "lskhw729t89vkhuoe699462ejrpg5z5duxx8wrodn": 0.23585782,
  "lskmwegwjdhoo8two5yhubsro7zzo5ycx2fabqxcr": 0.05660582,
  "lsk98hotayxrzbf8hhf85zd3jdb48v7cda668z7qz": 0.07861905,
  "lskxdbkaqmucdeh5gvwy4jeqmcwczqtm57jt8sg3q": 0.22956838,
  "lsku25nhr8g72hccqg5ovcqe7krtt8vudvnn2my6f": 0.34592512,
  "lsk278wvfc9w56ek4dcnahvvryug2ma7wp6k4ff78": 0.00314435,
  "lskb5mno76fheuvm53wj359kr5epz8eybhxophh8o": 0.15723876,
  "lskp6q5zjvxeogmqnrv29s82h8cm5rr293njqjxdh": 0.22013394,
  "lskv2fmavyujo4k4b829crkotvr2fhz2kn88qqp4m": 0.03144759,
  "lsk9vqoookbbjphmbs29kv6za5tf66udpx6cboanw": 0.15723876,
  "lskd7h7qgfzam3juqvfwnh98h26qmj99xdnts9dur": 0.09119776,
  "lsk62evnyy8uw2vrs67mah72879otfnhddbqdt9um": 3.1447753,
  "lsk945efxyh5sdjhcebwomjkachoweptmuw875sjp": 0.79248318,
  "lskpbwgrq6pdop3sxkvr3v9757wekks2p8sbaw6dk": 0.0066,
  "lskumrdgca4a6p3ws2btjf6vyqwjmzctesghvcwen": 12.89357881,
  "lskc3du5erm5snzxcq5nnsm658qe5wk4y2wbz38qo": 1.27992327,
  "lsk9xn7w5wzhg85xgng875h8cpajmf8kn9hpmd8cm": 0.0251575
}
