{
  "lskf859xyn687gd7rvecbbrq2u7srcvtztwa9yc56": 85.35824192,
  "lskztxrxns7vrc6ufkmvermu5vhv49cocufk8ehxr": 3.23886973,
  "lskwwqc6pneqwxxd329kycxp8s7mbvx7u2rk9kv72": 0.00948313,
  "lskeznp4yudpkavth98ebmzw6jz6pym5hzpqgj8tp": 0.00474054,
  "lsk3fw4ttb62k46xkommswj9wbd78kmfzzp78mohg": 4.22523178,
  "lskscse9jsp62sg2yw37t8n65bxswfodkto7vyja4": 0.2228786,
  "lskm7dquz6jepotwx4z4uyt2oswaaphdyz98nzy7c": 0.00474054,
  "lskxttp8vcvexx4h3wm5dkdguemha4zncz8p74j9q": 0.04742002,
  "lskhw729t89vkhuoe699462ejrpg5z5duxx8wrodn": 0.35565856,
  "lskmwegwjdhoo8two5yhubsro7zzo5ycx2fabqxcr": 0.0853572,
  "lskzeayrtw5basxrjad2trv6a9doftaw9j3wyqkqn": 0.11855203,
  "lsk98hotayxrzbf8hhf85zd3jdb48v7cda668z7qz": 0.11855203,
  "lskxdbkaqmucdeh5gvwy4jeqmcwczqtm57jt8sg3q": 0.34617357,
  "lsku25nhr8g72hccqg5ovcqe7krtt8vudvnn2my6f": 0.52163277,
  "lsk278wvfc9w56ek4dcnahvvryug2ma7wp6k4ff78": 0.00474054,
  "lskb5mno76fheuvm53wj359kr5epz8eybhxophh8o": 0.23710443,
  "lskp6q5zjvxeogmqnrv29s82h8cm5rr293njqjxdh": 0.42679032,
  "lskottbwnvryko94rwvvppapjtoa5fge3466kpjfr": 2.37106125,
  "lskv2fmavyujo4k4b829crkotvr2fhz2kn88qqp4m": 0.04742002,
  "lsk9vqoookbbjphmbs29kv6za5tf66udpx6cboanw": 0.23710443,
  "lskd7h7qgfzam3juqvfwnh98h26qmj99xdnts9dur": 0.1002081,
  "lsk62evnyy8uw2vrs67mah72879otfnhddbqdt9um": 4.74212431,
  "lsk945efxyh5sdjhcebwomjkachoweptmuw875sjp": 1.19501422,
  "lsk2j9dsvzgark9ypzw2tzcn2vuyppattq54r9oss": 0.98636081,
  "lskpbwgrq6pdop3sxkvr3v9757wekks2p8sbaw6dk": 0.0066,
  "lskumrdgca4a6p3ws2btjf6vyqwjmzctesghvcwen": 19.44270893,
  "lskc3du5erm5snzxcq5nnsm658qe5wk4y2wbz38qo": 1.05179916
}
