{
  "lskf859xyn687gd7rvecbbrq2u7srcvtztwa9yc56": 166.05219904,
  "lskztxrxns7vrc6ufkmvermu5vhv49cocufk8ehxr": 6.30075611,
  "lskwwqc6pneqwxxd329kycxp8s7mbvx7u2rk9kv72": 0.01844776,
  "lskeznp4yudpkavth98ebmzw6jz6pym5hzpqgj8tp": 0.00922326,
  "lsk4hc83tf7r9q4czg69dj4xo442fsmwte7qerx2d": 6.52438648,
  "lsk3fw4ttb62k46xkommswj9wbd78kmfzzp78mohg": 8.21958105,
  "lskscse9jsp62sg2yw37t8n65bxswfodkto7vyja4": 0.43357892,
  "lskm7dquz6jepotwx4z4uyt2oswaaphdyz98nzy7c": 0.00922326,
  "lskxttp8vcvexx4h3wm5dkdguemha4zncz8p74j9q": 0.09224963,
  "lskhw729t89vkhuoe699462ejrpg5z5duxx8wrodn": 0.69188146,
  "lskmwegwjdhoo8two5yhubsro7zzo5ycx2fabqxcr": 0.16605006,
  "lskzeayrtw5basxrjad2trv6a9doftaw9j3wyqkqn": 0.23062539,
  "lskq7jrtxzjpsof24csvvhrc6f6hc84eqmj8w3euk": 0.65063087,
  "lsk5omwum4qt24du89cjprwkth9zxtau25rcakg5o": 1.55073601,
  "lsk98hotayxrzbf8hhf85zd3jdb48v7cda668z7qz": 0.23062539,
  "lskxdbkaqmucdeh5gvwy4jeqmcwczqtm57jt8sg3q": 0.67343218,
  "lsku25nhr8g72hccqg5ovcqe7krtt8vudvnn2my6f": 1.01476148,
  "lsk278wvfc9w56ek4dcnahvvryug2ma7wp6k4ff78": 0.00922326,
  "lskb5mno76fheuvm53wj359kr5epz8eybhxophh8o": 0.46125283,
  "lskp6q5zjvxeogmqnrv29s82h8cm5rr293njqjxdh": 0.83025898,
  "lskottbwnvryko94rwvvppapjtoa5fge3466kpjfr": 4.61255962,
  "lskv2fmavyujo4k4b829crkotvr2fhz2kn88qqp4m": 0.09224963,
  "lsk9vqoookbbjphmbs29kv6za5tf66udpx6cboanw": 0.46125283,
  "lskd7h7qgfzam3juqvfwnh98h26qmj99xdnts9dur": 0.18450061,
  "lsk62evnyy8uw2vrs67mah72879otfnhddbqdt9um": 9.22512057,
  "lsk945efxyh5sdjhcebwomjkachoweptmuw875sjp": 2.32472843,
  "lsk2j9dsvzgark9ypzw2tzcn2vuyppattq54r9oss": 1.9188237,
  "lskpbwgrq6pdop3sxkvr3v9757wekks2p8sbaw6dk": 0.0066,
  "lskumrdgca4a6p3ws2btjf6vyqwjmzctesghvcwen": 37.82299932,
  "lskc3du5erm5snzxcq5nnsm658qe5wk4y2wbz38qo": 1.18858194
}
