{
  "lskf859xyn687gd7rvecbbrq2u7srcvtztwa9yc56": 71.646543,
  "lskztxrxns7vrc6ufkmvermu5vhv49cocufk8ehxr": 2.71858699,
  "lsk8aa5t5kfkm8bgug6btdut2ekry4paoeognz4cg": 1.592145,
  "lskwwqc6pneqwxxd329kycxp8s7mbvx7u2rk9kv72": 0.00795979,
  "lskeznp4yudpkavth98ebmzw6jz6pym5hzpqgj8tp": 0.0039798,
  "lsk4hc83tf7r9q4czg69dj4xo442fsmwte7qerx2d": 3.9803634,
  "lsk3fw4ttb62k46xkommswj9wbd78kmfzzp78mohg": 3.49077799,
  "lskscse9jsp62sg2yw37t8n65bxswfodkto7vyja4": 0.13533139,
  "lskm7dquz6jepotwx4z4uyt2oswaaphdyz98nzy7c": 0.0039798,
  "lskxttp8vcvexx4h3wm5dkdguemha4zncz8p74j9q": 0.0398034,
  "lskhw729t89vkhuoe699462ejrpg5z5duxx8wrodn": 0.2985264,
  "lskmwegwjdhoo8two5yhubsro7zzo5ycx2fabqxcr": 0.07164559,
  "lskzeayrtw5basxrjad2trv6a9doftaw9j3wyqkqn": 0.09950779,
  "lskq7jrtxzjpsof24csvvhrc6f6hc84eqmj8w3euk": 0.23882059,
  "lsk5omwum4qt24du89cjprwkth9zxtau25rcakg5o": 0.92742319,
  "lsk58kg5pnauk9rakd2ht25avqv4a6dkzbs5ngbu2": 0.3980358,
  "lsk98hotayxrzbf8hhf85zd3jdb48v7cda668z7qz": 0.09950779,
  "lskxdbkaqmucdeh5gvwy4jeqmcwczqtm57jt8sg3q": 0.29056519,
  "lsku25nhr8g72hccqg5ovcqe7krtt8vudvnn2my6f": 0.4378392,
  "lsk278wvfc9w56ek4dcnahvvryug2ma7wp6k4ff78": 0.20299699,
  "lskb5mno76fheuvm53wj359kr5epz8eybhxophh8o": 0.19901719,
  "lskp6q5zjvxeogmqnrv29s82h8cm5rr293njqjxdh": 0.3582324,
  "lskottbwnvryko94rwvvppapjtoa5fge3466kpjfr": 1.99018099,
  "lskwdowv62mv5v96zu9gwo6pw8akxs5a994zh57hg": 0.1273716,
  "lskv2fmavyujo4k4b829crkotvr2fhz2kn88qqp4m": 0.0398034,
  "lskxf4p79sfxy3uop2tx2rysstt8qewqecch5xwd8": 0.40201579,
  "lsk9vqoookbbjphmbs29kv6za5tf66udpx6cboanw": 0.19901719
}
