{
  "lskf859xyn687gd7rvecbbrq2u7srcvtztwa9yc56": 60.04340372,
  "lskztxrxns7vrc6ufkmvermu5vhv49cocufk8ehxr": 2.27831348,
  "lsk3fw4ttb62k46xkommswj9wbd78kmfzzp78mohg": 2.97214722,
  "lskscse9jsp62sg2yw37t8n65bxswfodkto7vyja4": 0.18346508,
  "lskm7dquz6jepotwx4z4uyt2oswaaphdyz98nzy7c": 0.00333494,
  "lskxttp8vcvexx4h3wm5dkdguemha4zncz8p74j9q": 0.03335626,
  "lskhw729t89vkhuoe699462ejrpg5z5duxx8wrodn": 0.27353004,
  "lskmwegwjdhoo8two5yhubsro7zzo5ycx2fabqxcr": 0.06004242,
  "lsk98hotayxrzbf8hhf85zd3jdb48v7cda668z7qz": 0.08339342,
  "lskxdbkaqmucdeh5gvwy4jeqmcwczqtm57jt8sg3q": 0.24350872,
  "lsku25nhr8g72hccqg5ovcqe7krtt8vudvnn2my6f": 0.36693138,
  "lsk278wvfc9w56ek4dcnahvvryug2ma7wp6k4ff78": 0.00333494,
  "lskb5mno76fheuvm53wj359kr5epz8eybhxophh8o": 0.16678684,
  "lskp6q5zjvxeogmqnrv29s82h8cm5rr293njqjxdh": 0.2335008,
  "lskv2fmavyujo4k4b829crkotvr2fhz2kn88qqp4m": 0.03335626,
  "lskd7h7qgfzam3juqvfwnh98h26qmj99xdnts9dur": 0.13009276,
  "lsk945efxyh5sdjhcebwomjkachoweptmuw875sjp": 0.8406074,
  "lskpbwgrq6pdop3sxkvr3v9757wekks2p8sbaw6dk": 0.0066,
  "lskumrdgca4a6p3ws2btjf6vyqwjmzctesghvcwen": 13.67655264,
  "lskc3du5erm5snzxcq5nnsm658qe5wk4y2wbz38qo": 1.3042755,
  "lsk9xn7w5wzhg85xgng875h8cpajmf8kn9hpmd8cm": 0.06671396,
  "lskdm6dt4xmyvu6cnjoxk9ua5z26ssnamqz7ftqfo": 0.00333494
}
