{
  "lskf859xyn687gd7rvecbbrq2u7srcvtztwa9yc56": 138.10747328,
  "lskztxrxns7vrc6ufkmvermu5vhv49cocufk8ehxr": 5.24040927,
  "lsk8aa5t5kfkm8bgug6btdut2ekry4paoeognz4cg": 3.06905365,
  "lskwwqc6pneqwxxd329kycxp8s7mbvx7u2rk9kv72": 0.01534401,
  "lskeznp4yudpkavth98ebmzw6jz6pym5hzpqgj8tp": 0.00767166,
  "lsk4hc83tf7r9q4czg69dj4xo442fsmwte7qerx2d": 7.67263652,
  "lsk3fw4ttb62k46xkommswj9wbd78kmfzzp78mohg": 6.72890165,
  "lskscse9jsp62sg2yw37t8n65bxswfodkto7vyja4": 0.26982191,
  "lskm7dquz6jepotwx4z4uyt2oswaaphdyz98nzy7c": 0.00767166,
  "lskxttp8vcvexx4h3wm5dkdguemha4zncz8p74j9q": 0.07672578,
  "lskhw729t89vkhuoe699462ejrpg5z5duxx8wrodn": 0.57544633,
  "lskmwegwjdhoo8two5yhubsro7zzo5ycx2fabqxcr": 0.13810591,
  "lskzeayrtw5basxrjad2trv6a9doftaw9j3wyqkqn": 0.19181369,
  "lskq7jrtxzjpsof24csvvhrc6f6hc84eqmj8w3euk": 0.46035633,
  "lsk5omwum4qt24du89cjprwkth9zxtau25rcakg5o": 1.78772214,
  "lsk58kg5pnauk9rakd2ht25avqv4a6dkzbs5ngbu2": 0.76726202,
  "lsk98hotayxrzbf8hhf85zd3jdb48v7cda668z7qz": 0.19181369,
  "lskxdbkaqmucdeh5gvwy4jeqmcwczqtm57jt8sg3q": 0.56010017,
  "lsku25nhr8g72hccqg5ovcqe7krtt8vudvnn2my6f": 0.84398897,
  "lsk278wvfc9w56ek4dcnahvvryug2ma7wp6k4ff78": 0.39130266,
  "lskb5mno76fheuvm53wj359kr5epz8eybhxophh8o": 0.38362983,
  "lskp6q5zjvxeogmqnrv29s82h8cm5rr293njqjxdh": 0.69053624,
  "lskottbwnvryko94rwvvppapjtoa5fge3466kpjfr": 3.83631708,
  "lskwdowv62mv5v96zu9gwo6pw8akxs5a994zh57hg": 0.24552392,
  "lskv2fmavyujo4k4b829crkotvr2fhz2kn88qqp4m": 0.07672578,
  "lskxf4p79sfxy3uop2tx2rysstt8qewqecch5xwd8": 0.77493437,
  "lsk9vqoookbbjphmbs29kv6za5tf66udpx6cboanw": 0.38362983,
  "lskd7h7qgfzam3juqvfwnh98h26qmj99xdnts9dur": 0.00504
}
