{
  "lskf859xyn687gd7rvecbbrq2u7srcvtztwa9yc56": 187.12118031,
  "lskztxrxns7vrc6ufkmvermu5vhv49cocufk8ehxr": 7.1002068,
  "lskwwqc6pneqwxxd329kycxp8s7mbvx7u2rk9kv72": 0.02078742,
  "lskeznp4yudpkavth98ebmzw6jz6pym5hzpqgj8tp": 0.01039155,
  "lsk3fw4ttb62k46xkommswj9wbd78kmfzzp78mohg": 9.2624969,
  "lskscse9jsp62sg2yw37t8n65bxswfodkto7vyja4": 0.51322475,
  "lskm7dquz6jepotwx4z4uyt2oswaaphdyz98nzy7c": 0.01039155,
  "lskxttp8vcvexx4h3wm5dkdguemha4zncz8p74j9q": 0.10395401,
  "lskhw729t89vkhuoe699462ejrpg5z5duxx8wrodn": 0.77966884,
  "lskmwegwjdhoo8two5yhubsro7zzo5ycx2fabqxcr": 0.18711862,
  "lsk98hotayxrzbf8hhf85zd3jdb48v7cda668z7qz": 0.25988828,
  "lskxdbkaqmucdeh5gvwy4jeqmcwczqtm57jt8sg3q": 0.75887847,
  "lsku25nhr8g72hccqg5ovcqe7krtt8vudvnn2my6f": 1.14351507,
  "lsk278wvfc9w56ek4dcnahvvryug2ma7wp6k4ff78": 0.01039155,
  "lskb5mno76fheuvm53wj359kr5epz8eybhxophh8o": 0.51978023,
  "lskp6q5zjvxeogmqnrv29s82h8cm5rr293njqjxdh": 0.72769094,
  "lskv2fmavyujo4k4b829crkotvr2fhz2kn88qqp4m": 0.10395401,
  "lsk9vqoookbbjphmbs29kv6za5tf66udpx6cboanw": 0.51978023,
  "lskd7h7qgfzam3juqvfwnh98h26qmj99xdnts9dur": 0.30147079,
  "lsk62evnyy8uw2vrs67mah72879otfnhddbqdt9um": 10.39561906,
  "lsk945efxyh5sdjhcebwomjkachoweptmuw875sjp": 2.61969582,
  "lsk2j9dsvzgark9ypzw2tzcn2vuyppattq54r9oss": 0.17124241,
  "lskpbwgrq6pdop3sxkvr3v9757wekks2p8sbaw6dk": 0.0066,
  "lskumrdgca4a6p3ws2btjf6vyqwjmzctesghvcwen": 42.62204494,
  "lskc3du5erm5snzxcq5nnsm658qe5wk4y2wbz38qo": 4.23101418,
  "lsk9xn7w5wzhg85xgng875h8cpajmf8kn9hpmd8cm": 0.00555624
}
