{
  "lskf859xyn687gd7rvecbbrq2u7srcvtztwa9yc56": 207.48718752,
  "lskztxrxns7vrc6ufkmvermu5vhv49cocufk8ehxr": 7.87298386,
  "lsk8aa5t5kfkm8bgug6btdut2ekry4paoeognz4cg": 4.6108243,
  "lskd2pzojbngse68vngezmp5wgvrf23yjqjtdot7j": 0.28817511,
  "lskwwqc6pneqwxxd329kycxp8s7mbvx7u2rk9kv72": 0.01908038,
  "lskeznp4yudpkavth98ebmzw6jz6pym5hzpqgj8tp": 0.01152469,
  "lsk4hc83tf7r9q4czg69dj4xo442fsmwte7qerx2d": 11.52706428,
  "lsk3fw4ttb62k46xkommswj9wbd78kmfzzp78mohg": 10.1092342,
  "lskscse9jsp62sg2yw37t8n65bxswfodkto7vyja4": 0.35570115,
  "lskm7dquz6jepotwx4z4uyt2oswaaphdyz98nzy7c": 0.01152469,
  "lskxttp8vcvexx4h3wm5dkdguemha4zncz8p74j9q": 0.11526816,
  "lskhw729t89vkhuoe699462ejrpg5z5duxx8wrodn": 0.86452778,
  "lskmwegwjdhoo8two5yhubsro7zzo5ycx2fabqxcr": 0.2074851,
  "lskzeayrtw5basxrjad2trv6a9doftaw9j3wyqkqn": 0.28817511,
  "lskq7jrtxzjpsof24csvvhrc6f6hc84eqmj8w3euk": 0.69162081,
  "lsk5omwum4qt24du89cjprwkth9zxtau25rcakg5o": 2.68580385,
  "lsk58kg5pnauk9rakd2ht25avqv4a6dkzbs5ngbu2": 1.15270405,
  "lsk98hotayxrzbf8hhf85zd3jdb48v7cda668z7qz": 0.28817511,
  "lskxdbkaqmucdeh5gvwy4jeqmcwczqtm57jt8sg3q": 0.84147442,
  "lsku25nhr8g72hccqg5ovcqe7krtt8vudvnn2my6f": 1.26797459,
  "lsk278wvfc9w56ek4dcnahvvryug2ma7wp6k4ff78": 0.58787769,
  "lskb5mno76fheuvm53wj359kr5epz8eybhxophh8o": 0.49935962,
  "lskp6q5zjvxeogmqnrv29s82h8cm5rr293njqjxdh": 0.95266685,
  "lskottbwnvryko94rwvvppapjtoa5fge3466kpjfr": 5.76353111
}
