{
  "lskf859xyn687gd7rvecbbrq2u7srcvtztwa9yc56": 210.78449358,
  "lskztxrxns7vrc6ufkmvermu5vhv49cocufk8ehxr": 7.99809941,
  "lskwwqc6pneqwxxd329kycxp8s7mbvx7u2rk9kv72": 0.02341944,
  "lskeznp4yudpkavth98ebmzw6jz6pym5hzpqgj8tp": 0.01170851,
  "lsk3fw4ttb62k46xkommswj9wbd78kmfzzp78mohg": 10.43383122,
  "lskscse9jsp62sg2yw37t8n65bxswfodkto7vyja4": 0.58551189,
  "lskm7dquz6jepotwx4z4uyt2oswaaphdyz98nzy7c": 0.01170851,
  "lskxttp8vcvexx4h3wm5dkdguemha4zncz8p74j9q": 0.11710152,
  "lskhw729t89vkhuoe699462ejrpg5z5duxx8wrodn": 0.87826739,
  "lskmwegwjdhoo8two5yhubsro7zzo5ycx2fabqxcr": 0.21078359,
  "lsk98hotayxrzbf8hhf85zd3jdb48v7cda668z7qz": 0.29275473,
  "lskxdbkaqmucdeh5gvwy4jeqmcwczqtm57jt8sg3q": 0.85484694,
  "lsku25nhr8g72hccqg5ovcqe7krtt8vudvnn2my6f": 1.2881267,
  "lsk278wvfc9w56ek4dcnahvvryug2ma7wp6k4ff78": 0.01170851,
  "lskb5mno76fheuvm53wj359kr5epz8eybhxophh8o": 0.58551189,
  "lskp6q5zjvxeogmqnrv29s82h8cm5rr293njqjxdh": 0.81971632,
  "lskv2fmavyujo4k4b829crkotvr2fhz2kn88qqp4m": 0.11710152,
  "lsk9vqoookbbjphmbs29kv6za5tf66udpx6cboanw": 0.58551189,
  "lskd7h7qgfzam3juqvfwnh98h26qmj99xdnts9dur": 0.33959501,
  "lsk62evnyy8uw2vrs67mah72879otfnhddbqdt9um": 11.71024878,
  "lsk945efxyh5sdjhcebwomjkachoweptmuw875sjp": 2.95098183,
  "lskpbwgrq6pdop3sxkvr3v9757wekks2p8sbaw6dk": 0.0066,
  "lskumrdgca4a6p3ws2btjf6vyqwjmzctesghvcwen": 48.01202206,
  "lskc3du5erm5snzxcq5nnsm658qe5wk4y2wbz38qo": 4.76607036,
  "lsk9xn7w5wzhg85xgng875h8cpajmf8kn9hpmd8cm": 0.11084738
}
