{
  "lskf859xyn687gd7rvecbbrq2u7srcvtztwa9yc56": 56.78722466,
  "lskztxrxns7vrc6ufkmvermu5vhv49cocufk8ehxr": 2.15475877,
  "lskwwqc6pneqwxxd329kycxp8s7mbvx7u2rk9kv72": 0.00630877,
  "lskeznp4yudpkavth98ebmzw6jz6pym5hzpqgj8tp": 0.00315369,
  "lsk3fw4ttb62k46xkommswj9wbd78kmfzzp78mohg": 2.81096698,
  "lskscse9jsp62sg2yw37t8n65bxswfodkto7vyja4": 0.14827713,
  "lskm7dquz6jepotwx4z4uyt2oswaaphdyz98nzy7c": 0.00315369,
  "lskxttp8vcvexx4h3wm5dkdguemha4zncz8p74j9q": 0.03154774,
  "lskhw729t89vkhuoe699462ejrpg5z5duxx8wrodn": 0.23661271,
  "lskmwegwjdhoo8two5yhubsro7zzo5ycx2fabqxcr": 0.05678647,
  "lskzeayrtw5basxrjad2trv6a9doftaw9j3wyqkqn": 0.07887036,
  "lsk98hotayxrzbf8hhf85zd3jdb48v7cda668z7qz": 0.07887036,
  "lskxdbkaqmucdeh5gvwy4jeqmcwczqtm57jt8sg3q": 0.23030283,
  "lsku25nhr8g72hccqg5ovcqe7krtt8vudvnn2my6f": 0.34703222,
  "lsk278wvfc9w56ek4dcnahvvryug2ma7wp6k4ff78": 0.00315369,
  "lskb5mno76fheuvm53wj359kr5epz8eybhxophh8o": 0.157741,
  "lskp6q5zjvxeogmqnrv29s82h8cm5rr293njqjxdh": 0.28393561,
  "lskottbwnvryko94rwvvppapjtoa5fge3466kpjfr": 1.57742233,
  "lskv2fmavyujo4k4b829crkotvr2fhz2kn88qqp4m": 0.03154774,
  "lsk9vqoookbbjphmbs29kv6za5tf66udpx6cboanw": 0.157741,
  "lskd7h7qgfzam3juqvfwnh98h26qmj99xdnts9dur": 0.06309661,
  "lsk62evnyy8uw2vrs67mah72879otfnhddbqdt9um": 3.15484581,
  "lsk945efxyh5sdjhcebwomjkachoweptmuw875sjp": 0.79502038,
  "lsk2j9dsvzgark9ypzw2tzcn2vuyppattq54r9oss": 0.6562071,
  "lskpbwgrq6pdop3sxkvr3v9757wekks2p8sbaw6dk": 0.0066,
  "lskumrdgca4a6p3ws2btjf6vyqwjmzctesghvcwen": 12.93486661,
  "lskc3du5erm5snzxcq5nnsm658qe5wk4y2wbz38qo": 0.71053451
}
