{
  "lskf859xyn687gd7rvecbbrq2u7srcvtztwa9yc56": 55.68068424,
  "lskztxrxns7vrc6ufkmvermu5vhv49cocufk8ehxr": 2.11277172,
  "lskeznp4yudpkavth98ebmzw6jz6pym5hzpqgj8tp": 0.0030925,
  "lsk3fw4ttb62k46xkommswj9wbd78kmfzzp78mohg": 2.75619312,
  "lskscse9jsp62sg2yw37t8n65bxswfodkto7vyja4": 0.16085494,
  "lskm7dquz6jepotwx4z4uyt2oswaaphdyz98nzy7c": 0.0030925,
  "lskxttp8vcvexx4h3wm5dkdguemha4zncz8p74j9q": 0.03093272,
  "lskhw729t89vkhuoe699462ejrpg5z5duxx8wrodn": 0.25365582,
  "lskmwegwjdhoo8two5yhubsro7zzo5ycx2fabqxcr": 0.05568034,
  "lsk98hotayxrzbf8hhf85zd3jdb48v7cda668z7qz": 0.07733302,
  "lskxdbkaqmucdeh5gvwy4jeqmcwczqtm57jt8sg3q": 0.22581542,
  "lsku25nhr8g72hccqg5ovcqe7krtt8vudvnn2my6f": 0.34027024,
  "lsk278wvfc9w56ek4dcnahvvryug2ma7wp6k4ff78": 0.0030925,
  "lskb5mno76fheuvm53wj359kr5epz8eybhxophh8o": 0.1546674,
  "lskp6q5zjvxeogmqnrv29s82h8cm5rr293njqjxdh": 0.21653538,
  "lskv2fmavyujo4k4b829crkotvr2fhz2kn88qqp4m": 0.03093272,
  "lskd7h7qgfzam3juqvfwnh98h26qmj99xdnts9dur": 0.12064082,
  "lsk945efxyh5sdjhcebwomjkachoweptmuw875sjp": 0.77952872,
  "lskpbwgrq6pdop3sxkvr3v9757wekks2p8sbaw6dk": 0.0066,
  "lskumrdgca4a6p3ws2btjf6vyqwjmzctesghvcwen": 12.68282186,
  "lskc3du5erm5snzxcq5nnsm658qe5wk4y2wbz38qo": 1.25900122,
  "lsk9xn7w5wzhg85xgng875h8cpajmf8kn9hpmd8cm": 0.0494929,
  "lskdm6dt4xmyvu6cnjoxk9ua5z26ssnamqz7ftqfo": 0.0028917
}
