{
  "lskf859xyn687gd7rvecbbrq2u7srcvtztwa9yc56": 136.72516982,
  "lskztxrxns7vrc6ufkmvermu5vhv49cocufk8ehxr": 5.18795896,
  "lsk8aa5t5kfkm8bgug6btdut2ekry4paoeognz4cg": 3.03833577,
  "lskwwqc6pneqwxxd329kycxp8s7mbvx7u2rk9kv72": 0.01519015,
  "lskeznp4yudpkavth98ebmzw6jz6pym5hzpqgj8tp": 0.00759401,
  "lsk4hc83tf7r9q4czg69dj4xo442fsmwte7qerx2d": 7.5958419,
  "lsk3fw4ttb62k46xkommswj9wbd78kmfzzp78mohg": 6.66155296,
  "lskscse9jsp62sg2yw37t8n65bxswfodkto7vyja4": 0.30383218,
  "lskm7dquz6jepotwx4z4uyt2oswaaphdyz98nzy7c": 0.00759401,
  "lskxttp8vcvexx4h3wm5dkdguemha4zncz8p74j9q": 0.07595767,
  "lskhw729t89vkhuoe699462ejrpg5z5duxx8wrodn": 0.56968667,
  "lskmwegwjdhoo8two5yhubsro7zzo5ycx2fabqxcr": 0.13672303,
  "lskzeayrtw5basxrjad2trv6a9doftaw9j3wyqkqn": 0.18989455,
  "lskq7jrtxzjpsof24csvvhrc6f6hc84eqmj8w3euk": 0.66652539,
  "lsk5omwum4qt24du89cjprwkth9zxtau25rcakg5o": 1.76982926,
  "lsk58kg5pnauk9rakd2ht25avqv4a6dkzbs5ngbu2": 0.75958185,
  "lsk98hotayxrzbf8hhf85zd3jdb48v7cda668z7qz": 0.18989455,
  "lskxdbkaqmucdeh5gvwy4jeqmcwczqtm57jt8sg3q": 0.5544942,
  "lsku25nhr8g72hccqg5ovcqe7krtt8vudvnn2my6f": 0.83554224,
  "lsk278wvfc9w56ek4dcnahvvryug2ma7wp6k4ff78": 0.38738599,
  "lskb5mno76fheuvm53wj359kr5epz8eybhxophh8o": 0.37978985,
  "lskp6q5zjvxeogmqnrv29s82h8cm5rr293njqjxdh": 0.68362404,
  "lskottbwnvryko94rwvvppapjtoa5fge3466kpjfr": 3.79791973,
  "lskwdowv62mv5v96zu9gwo6pw8akxs5a994zh57hg": 0.24306576,
  "lskv2fmavyujo4k4b829crkotvr2fhz2kn88qqp4m": 0.07595767,
  "lskxf4p79sfxy3uop2tx2rysstt8qewqecch5xwd8": 0.76717846,
  "lsk9vqoookbbjphmbs29kv6za5tf66udpx6cboanw": 0.37978985,
  "lskd7h7qgfzam3juqvfwnh98h26qmj99xdnts9dur": 0.15191548,
  "lsk62evnyy8uw2vrs67mah72879otfnhddbqdt9um": 7.5958419,
  "lsk945efxyh5sdjhcebwomjkachoweptmuw875sjp": 1.33844375,
  "lsk9ybjgepsn8c6jo5bdpeuvdqrvexo2zsx8z3hhy": 0.40783906
}
