{
  "lskf859xyn687gd7rvecbbrq2u7srcvtztwa9yc56": 166.75185696,
  "lskztxrxns7vrc6ufkmvermu5vhv49cocufk8ehxr": 6.3273039,
  "lskeznp4yudpkavth98ebmzw6jz6pym5hzpqgj8tp": 0.0092618,
  "lsk3fw4ttb62k46xkommswj9wbd78kmfzzp78mohg": 8.25421337,
  "lskscse9jsp62sg2yw37t8n65bxswfodkto7vyja4": 0.49360144,
  "lskm7dquz6jepotwx4z4uyt2oswaaphdyz98nzy7c": 0.0092618,
  "lskxttp8vcvexx4h3wm5dkdguemha4zncz8p74j9q": 0.09263862,
  "lskhw729t89vkhuoe699462ejrpg5z5duxx8wrodn": 0.75964478,
  "lskmwegwjdhoo8two5yhubsro7zzo5ycx2fabqxcr": 0.16674996,
  "lsk98hotayxrzbf8hhf85zd3jdb48v7cda668z7qz": 0.23159919,
  "lskxdbkaqmucdeh5gvwy4jeqmcwczqtm57jt8sg3q": 0.67626998,
  "lsku25nhr8g72hccqg5ovcqe7krtt8vudvnn2my6f": 1.01903802,
  "lsk278wvfc9w56ek4dcnahvvryug2ma7wp6k4ff78": 0.0092618,
  "lskb5mno76fheuvm53wj359kr5epz8eybhxophh8o": 0.46319838,
  "lskp6q5zjvxeogmqnrv29s82h8cm5rr293njqjxdh": 0.64847826,
  "lskv2fmavyujo4k4b829crkotvr2fhz2kn88qqp4m": 0.09263862,
  "lskd7h7qgfzam3juqvfwnh98h26qmj99xdnts9dur": 0.3612939,
  "lsk945efxyh5sdjhcebwomjkachoweptmuw875sjp": 2.33452268,
  "lskpbwgrq6pdop3sxkvr3v9757wekks2p8sbaw6dk": 0.0066,
  "lskumrdgca4a6p3ws2btjf6vyqwjmzctesghvcwen": 37.98236499,
  "lskc3du5erm5snzxcq5nnsm658qe5wk4y2wbz38qo": 3.62221771,
  "lsk9xn7w5wzhg85xgng875h8cpajmf8kn9hpmd8cm": 0.18527755,
  "lskdm6dt4xmyvu6cnjoxk9ua5z26ssnamqz7ftqfo": 0.0092618
}
