{
  "lskf859xyn687gd7rvecbbrq2u7srcvtztwa9yc56": 35.44588656,
  "lskztxrxns7vrc6ufkmvermu5vhv49cocufk8ehxr": 1.34497369,
  "lskeznp4yudpkavth98ebmzw6jz6pym5hzpqgj8tp": 0.00196882,
  "lsk3fw4ttb62k46xkommswj9wbd78kmfzzp78mohg": 1.75457057,
  "lskscse9jsp62sg2yw37t8n65bxswfodkto7vyja4": 0.10830666,
  "lskm7dquz6jepotwx4z4uyt2oswaaphdyz98nzy7c": 0.00196882,
  "lskxttp8vcvexx4h3wm5dkdguemha4zncz8p74j9q": 0.01969212,
  "lskhw729t89vkhuoe699462ejrpg5z5duxx8wrodn": 0.16147558,
  "lskmwegwjdhoo8two5yhubsro7zzo5ycx2fabqxcr": 0.03544562,
  "lsk98hotayxrzbf8hhf85zd3jdb48v7cda668z7qz": 0.0492303,
  "lskxdbkaqmucdeh5gvwy4jeqmcwczqtm57jt8sg3q": 0.14375228,
  "lsku25nhr8g72hccqg5ovcqe7krtt8vudvnn2my6f": 0.21661332,
  "lsk278wvfc9w56ek4dcnahvvryug2ma7wp6k4ff78": 0.00196882,
  "lskb5mno76fheuvm53wj359kr5epz8eybhxophh8o": 0.0984606,
  "lskp6q5zjvxeogmqnrv29s82h8cm5rr293njqjxdh": 0.13784484,
  "lskv2fmavyujo4k4b829crkotvr2fhz2kn88qqp4m": 0.01969212,
  "lskd7h7qgfzam3juqvfwnh98h26qmj99xdnts9dur": 0.07679881,
  "lsk945efxyh5sdjhcebwomjkachoweptmuw875sjp": 0.49624175,
  "lskpbwgrq6pdop3sxkvr3v9757wekks2p8sbaw6dk": 0.0066,
  "lskumrdgca4a6p3ws2btjf6vyqwjmzctesghvcwen": 8.07378488,
  "lskc3du5erm5snzxcq5nnsm658qe5wk4y2wbz38qo": 0.76996261,
  "lsk9xn7w5wzhg85xgng875h8cpajmf8kn9hpmd8cm": 0.03938424,
  "lskdm6dt4xmyvu6cnjoxk9ua5z26ssnamqz7ftqfo": 0.00196882
}
