{
  "lskf859xyn687gd7rvecbbrq2u7srcvtztwa9yc56": 154.4091303,
  "lskztxrxns7vrc6ufkmvermu5vhv49cocufk8ehxr": 5.85896822,
  "lsk8aa5t5kfkm8bgug6btdut2ekry4paoeognz4cg": 3.43131255,
  "lskd2pzojbngse68vngezmp5wgvrf23yjqjtdot7j": 0.21445602,
  "lskwwqc6pneqwxxd329kycxp8s7mbvx7u2rk9kv72": 0.00857623,
  "lskeznp4yudpkavth98ebmzw6jz6pym5hzpqgj8tp": 0.00857623,
  "lsk4hc83tf7r9q4czg69dj4xo442fsmwte7qerx2d": 8.2560104,
  "lsk3fw4ttb62k46xkommswj9wbd78kmfzzp78mohg": 7.37732319,
  "lskscse9jsp62sg2yw37t8n65bxswfodkto7vyja4": 0.11703672,
  "lskhghrkypt5jc4aov3jhjdhf5p4egn8c6q9wd5gf": 0.40317696,
  "lskm7dquz6jepotwx4z4uyt2oswaaphdyz98nzy7c": 0.00857623,
  "lskxttp8vcvexx4h3wm5dkdguemha4zncz8p74j9q": 0.08578164,
  "lskhw729t89vkhuoe699462ejrpg5z5duxx8wrodn": 0.52327441,
  "lskmwegwjdhoo8two5yhubsro7zzo5ycx2fabqxcr": 0.06862457,
  "lskzeayrtw5basxrjad2trv6a9doftaw9j3wyqkqn": 0.21445602,
  "lskq7jrtxzjpsof24csvvhrc6f6hc84eqmj8w3euk": 0.51469612
}
