{
  "lskf859xyn687gd7rvecbbrq2u7srcvtztwa9yc56": 194.14405524,
  "lskztxrxns7vrc6ufkmvermu5vhv49cocufk8ehxr": 7.3666861,
  "lskwwqc6pneqwxxd329kycxp8s7mbvx7u2rk9kv72": 0.0102236,
  "lskeznp4yudpkavth98ebmzw6jz6pym5hzpqgj8tp": 0.01078443,
  "lsk3fw4ttb62k46xkommswj9wbd78kmfzzp78mohg": 9.61012948,
  "lskscse9jsp62sg2yw37t8n65bxswfodkto7vyja4": 0.55105967,
  "lskm7dquz6jepotwx4z4uyt2oswaaphdyz98nzy7c": 0.01078443,
  "lskxttp8vcvexx4h3wm5dkdguemha4zncz8p74j9q": 0.10785684,
  "lskhw729t89vkhuoe699462ejrpg5z5duxx8wrodn": 0.80893099,
  "lskmwegwjdhoo8two5yhubsro7zzo5ycx2fabqxcr": 0.19414297,
  "lsk98hotayxrzbf8hhf85zd3jdb48v7cda668z7qz": 0.26964263,
  "lskxdbkaqmucdeh5gvwy4jeqmcwczqtm57jt8sg3q": 0.78735819,
  "lsku25nhr8g72hccqg5ovcqe7krtt8vudvnn2my6f": 1.18643347,
  "lsk278wvfc9w56ek4dcnahvvryug2ma7wp6k4ff78": 0.01078443,
  "lskb5mno76fheuvm53wj359kr5epz8eybhxophh8o": 0.53928628,
  "lskp6q5zjvxeogmqnrv29s82h8cm5rr293njqjxdh": 0.75500242,
  "lskv2fmavyujo4k4b829crkotvr2fhz2kn88qqp4m": 0.10785684,
  "lsk9vqoookbbjphmbs29kv6za5tf66udpx6cboanw": 0.51215614,
  "lskd7h7qgfzam3juqvfwnh98h26qmj99xdnts9dur": 0.36740377,
  "lsk62evnyy8uw2vrs67mah72879otfnhddbqdt9um": 5.69042768,
  "lsk945efxyh5sdjhcebwomjkachoweptmuw875sjp": 2.71801578,
  "lskpbwgrq6pdop3sxkvr3v9757wekks2p8sbaw6dk": 0.0066,
  "lskumrdgca4a6p3ws2btjf6vyqwjmzctesghvcwen": 44.22169917,
  "lskc3du5erm5snzxcq5nnsm658qe5wk4y2wbz38qo": 4.38981164,
  "lsk9xn7w5wzhg85xgng875h8cpajmf8kn9hpmd8cm": 0.12942785
}
