{
  "lskf859xyn687gd7rvecbbrq2u7srcvtztwa9yc56": 96.42498491,
  "lskztxrxns7vrc6ufkmvermu5vhv49cocufk8ehxr": 3.87306915,
  "lsk3fw4ttb62k46xkommswj9wbd78kmfzzp78mohg": 4.92304746,
  "lskscse9jsp62sg2yw37t8n65bxswfodkto7vyja4": 0.50308403,
  "lskm7dquz6jepotwx4z4uyt2oswaaphdyz98nzy7c": 0.00535524,
  "lskxttp8vcvexx4h3wm5dkdguemha4zncz8p74j9q": 0.05892517,
  "lskmwegwjdhoo8two5yhubsro7zzo5ycx2fabqxcr": 0.09642437,
  "lsk98hotayxrzbf8hhf85zd3jdb48v7cda668z7qz": 0.13392249,
  "lskxdbkaqmucdeh5gvwy4jeqmcwczqtm57jt8sg3q": 0.3910566,
  "lsku25nhr8g72hccqg5ovcqe7krtt8vudvnn2my6f": 0.58926322,
  "lsk278wvfc9w56ek4dcnahvvryug2ma7wp6k4ff78": 0.00535524,
  "lskb5mno76fheuvm53wj359kr5epz8eybhxophh8o": 0.26784603,
  "lskp6q5zjvxeogmqnrv29s82h8cm5rr293njqjxdh": 0.3749848,
  "lskd7h7qgfzam3juqvfwnh98h26qmj99xdnts9dur": 0.28927439,
  "lskpbwgrq6pdop3sxkvr3v9757wekks2p8sbaw6dk": 0.0066,
  "lskumrdgca4a6p3ws2btjf6vyqwjmzctesghvcwen": 21.96346777,
  "lskc3du5erm5snzxcq5nnsm658qe5wk4y2wbz38qo": 2.09456351,
  "lskdm6dt4xmyvu6cnjoxk9ua5z26ssnamqz7ftqfo": 0.00535524
}
