{
  "lskf859xyn687gd7rvecbbrq2u7srcvtztwa9yc56": 153.07343471,
  "lskztxrxns7vrc6ufkmvermu5vhv49cocufk8ehxr": 5.8082842,
  "lskwwqc6pneqwxxd329kycxp8s7mbvx7u2rk9kv72": 0.01700594,
  "lskeznp4yudpkavth98ebmzw6jz6pym5hzpqgj8tp": 0.00850297,
  "lsk4hc83tf7r9q4czg69dj4xo442fsmwte7qerx2d": 8.50407744,
  "lsk3fw4ttb62k46xkommswj9wbd78kmfzzp78mohg": 7.57713177,
  "lskscse9jsp62sg2yw37t8n65bxswfodkto7vyja4": 0.39969118,
  "lskm7dquz6jepotwx4z4uyt2oswaaphdyz98nzy7c": 0.00850297,
  "lskxttp8vcvexx4h3wm5dkdguemha4zncz8p74j9q": 0.08503908,
  "lskhw729t89vkhuoe699462ejrpg5z5duxx8wrodn": 0.63780308,
  "lskmwegwjdhoo8two5yhubsro7zzo5ycx2fabqxcr": 0.15307222,
  "lskzeayrtw5basxrjad2trv6a9doftaw9j3wyqkqn": 0.2125983,
  "lskq7jrtxzjpsof24csvvhrc6f6hc84eqmj8w3euk": 0.85040547,
  "lsk5omwum4qt24du89cjprwkth9zxtau25rcakg5o": 1.98144996,
  "lsk98hotayxrzbf8hhf85zd3jdb48v7cda668z7qz": 0.2125983,
  "lskxdbkaqmucdeh5gvwy4jeqmcwczqtm57jt8sg3q": 0.62079654,
  "lsku25nhr8g72hccqg5ovcqe7krtt8vudvnn2my6f": 0.93544864,
  "lsk278wvfc9w56ek4dcnahvvryug2ma7wp6k4ff78": 0.00850297,
  "lskb5mno76fheuvm53wj359kr5epz8eybhxophh8o": 0.42520069,
  "lskp6q5zjvxeogmqnrv29s82h8cm5rr293njqjxdh": 0.76536579,
  "lskottbwnvryko94rwvvppapjtoa5fge3466kpjfr": 4.25203842,
  "lskv2fmavyujo4k4b829crkotvr2fhz2kn88qqp4m": 0.08503908,
  "lsk9vqoookbbjphmbs29kv6za5tf66udpx6cboanw": 0.42520069,
  "lskd7h7qgfzam3juqvfwnh98h26qmj99xdnts9dur": 0.17007876,
  "lsk62evnyy8uw2vrs67mah72879otfnhddbqdt9um": 8.50407744,
  "lsk945efxyh5sdjhcebwomjkachoweptmuw875sjp": 2.14302575,
  "lsk2j9dsvzgark9ypzw2tzcn2vuyppattq54r9oss": 1.76884757,
  "lskpbwgrq6pdop3sxkvr3v9757wekks2p8sbaw6dk": 0.0066,
  "lskumrdgca4a6p3ws2btjf6vyqwjmzctesghvcwen": 34.8667263
}
