{
  "lskf859xyn687gd7rvecbbrq2u7srcvtztwa9yc56": 248.76563067,
  "lskztxrxns7vrc6ufkmvermu5vhv49cocufk8ehxr": 9.4392727,
  "lsk8aa5t5kfkm8bgug6btdut2ekry4paoeognz4cg": 5.5281231,
  "lskd2pzojbngse68vngezmp5wgvrf23yjqjtdot7j": 0.34550625,
  "lskwwqc6pneqwxxd329kycxp8s7mbvx7u2rk9kv72": 0.01381651,
  "lskeznp4yudpkavth98ebmzw6jz6pym5hzpqgj8tp": 0.01381651,
  "lsk4hc83tf7r9q4czg69dj4xo442fsmwte7qerx2d": 13.82030962,
  "lsk3fw4ttb62k46xkommswj9wbd78kmfzzp78mohg": 11.88546558,
  "lskscse9jsp62sg2yw37t8n65bxswfodkto7vyja4": 0.20107644,
  "lskhghrkypt5jc4aov3jhjdhf5p4egn8c6q9wd5gf": 0.7066043,
  "lskm7dquz6jepotwx4z4uyt2oswaaphdyz98nzy7c": 0.01381651,
  "lskxttp8vcvexx4h3wm5dkdguemha4zncz8p74j9q": 0.13820192,
  "lskhw729t89vkhuoe699462ejrpg5z5duxx8wrodn": 0.84303755,
  "lskmwegwjdhoo8two5yhubsro7zzo5ycx2fabqxcr": 0.11055938,
  "lskzeayrtw5basxrjad2trv6a9doftaw9j3wyqkqn": 0.34550625,
  "lskq7jrtxzjpsof24csvvhrc6f6hc84eqmj8w3euk": 0.82921782
}
