{
  "lskf859xyn687gd7rvecbbrq2u7srcvtztwa9yc56": 110.50685042,
  "lskztxrxns7vrc6ufkmvermu5vhv49cocufk8ehxr": 4.19311966,
  "lsk8aa5t5kfkm8bgug6btdut2ekry4paoeognz4cg": 2.45570678,
  "lskwwqc6pneqwxxd329kycxp8s7mbvx7u2rk9kv72": 0.01227736,
  "lskeznp4yudpkavth98ebmzw6jz6pym5hzpqgj8tp": 0.00613792,
  "lsk4hc83tf7r9q4czg69dj4xo442fsmwte7qerx2d": 6.1392686,
  "lsk3fw4ttb62k46xkommswj9wbd78kmfzzp78mohg": 5.38413836,
  "lskscse9jsp62sg2yw37t8n65bxswfodkto7vyja4": 0.24556969,
  "lskm7dquz6jepotwx4z4uyt2oswaaphdyz98nzy7c": 0.00613792,
  "lskxttp8vcvexx4h3wm5dkdguemha4zncz8p74j9q": 0.06139207,
  "lskhw729t89vkhuoe699462ejrpg5z5duxx8wrodn": 0.46044397,
  "lskmwegwjdhoo8two5yhubsro7zzo5ycx2fabqxcr": 0.11050514,
  "lskzeayrtw5basxrjad2trv6a9doftaw9j3wyqkqn": 0.15348055,
  "lskq7jrtxzjpsof24csvvhrc6f6hc84eqmj8w3euk": 0.5208686,
  "lsk5omwum4qt24du89cjprwkth9zxtau25rcakg5o": 1.43044817,
  "lsk58kg5pnauk9rakd2ht25avqv4a6dkzbs5ngbu2": 0.61392506,
  "lsk98hotayxrzbf8hhf85zd3jdb48v7cda668z7qz": 0.15348055,
  "lskxdbkaqmucdeh5gvwy4jeqmcwczqtm57jt8sg3q": 0.44816481,
  "lsku25nhr8g72hccqg5ovcqe7krtt8vudvnn2my6f": 0.67531924,
  "lsk278wvfc9w56ek4dcnahvvryug2ma7wp6k4ff78": 0.3131012,
  "lskb5mno76fheuvm53wj359kr5epz8eybhxophh8o": 0.30696176,
  "lskp6q5zjvxeogmqnrv29s82h8cm5rr293njqjxdh": 0.55253285,
  "lskottbwnvryko94rwvvppapjtoa5fge3466kpjfr": 3.06963334,
  "lskwdowv62mv5v96zu9gwo6pw8akxs5a994zh57hg": 0.19645556,
  "lskv2fmavyujo4k4b829crkotvr2fhz2kn88qqp4m": 0.06139207,
  "lskxf4p79sfxy3uop2tx2rysstt8qewqecch5xwd8": 0.62006497,
  "lsk9vqoookbbjphmbs29kv6za5tf66udpx6cboanw": 0.30696176,
  "lskd7h7qgfzam3juqvfwnh98h26qmj99xdnts9dur": 0.12278428,
  "lsk62evnyy8uw2vrs67mah72879otfnhddbqdt9um": 6.1392686,
  "lsk945efxyh5sdjhcebwomjkachoweptmuw875sjp": 0.97138755,
  "lsk9ybjgepsn8c6jo5bdpeuvdqrvexo2zsx8z3hhy": 0.26218227
}
