{
  "lskf859xyn687gd7rvecbbrq2u7srcvtztwa9yc56": 147.21249758,
  "lskztxrxns7vrc6ufkmvermu5vhv49cocufk8ehxr": 5.58589468,
  "lsk8aa5t5kfkm8bgug6btdut2ekry4paoeognz4cg": 3.27138737,
  "lskwwqc6pneqwxxd329kycxp8s7mbvx7u2rk9kv72": 0.01635527,
  "lskeznp4yudpkavth98ebmzw6jz6pym5hzpqgj8tp": 0.00817645,
  "lsk4hc83tf7r9q4czg69dj4xo442fsmwte7qerx2d": 8.17847122,
  "lsk3fw4ttb62k46xkommswj9wbd78kmfzzp78mohg": 7.1725188,
  "lskscse9jsp62sg2yw37t8n65bxswfodkto7vyja4": 0.32713718,
  "lskm7dquz6jepotwx4z4uyt2oswaaphdyz98nzy7c": 0.00817645,
  "lskxttp8vcvexx4h3wm5dkdguemha4zncz8p74j9q": 0.08178391,
  "lskhw729t89vkhuoe699462ejrpg5z5duxx8wrodn": 0.61338375,
  "lskmwegwjdhoo8two5yhubsro7zzo5ycx2fabqxcr": 0.14721019,
  "lskzeayrtw5basxrjad2trv6a9doftaw9j3wyqkqn": 0.20446015,
  "lskq7jrtxzjpsof24csvvhrc6f6hc84eqmj8w3euk": 0.72478811,
  "lsk5omwum4qt24du89cjprwkth9zxtau25rcakg5o": 1.9055817,
  "lsk58kg5pnauk9rakd2ht25avqv4a6dkzbs5ngbu2": 0.81784457,
  "lsk98hotayxrzbf8hhf85zd3jdb48v7cda668z7qz": 0.20446015,
  "lskxdbkaqmucdeh5gvwy4jeqmcwczqtm57jt8sg3q": 0.59702596,
  "lsku25nhr8g72hccqg5ovcqe7krtt8vudvnn2my6f": 0.89963144,
  "lsk278wvfc9w56ek4dcnahvvryug2ma7wp6k4ff78": 0.41709991,
  "lskb5mno76fheuvm53wj359kr5epz8eybhxophh8o": 0.40892109,
  "lskp6q5zjvxeogmqnrv29s82h8cm5rr293njqjxdh": 0.73606052,
  "lskottbwnvryko94rwvvppapjtoa5fge3466kpjfr": 4.08923429,
  "lskwdowv62mv5v96zu9gwo6pw8akxs5a994zh57hg": 0.26170984,
  "lskv2fmavyujo4k4b829crkotvr2fhz2kn88qqp4m": 0.08178391,
  "lskxf4p79sfxy3uop2tx2rysstt8qewqecch5xwd8": 0.82602386,
  "lsk9vqoookbbjphmbs29kv6za5tf66udpx6cboanw": 0.40892109,
  "lskd7h7qgfzam3juqvfwnh98h26qmj99xdnts9dur": 0.16356796,
  "lsk62evnyy8uw2vrs67mah72879otfnhddbqdt9um": 8.17847122,
  "lsk945efxyh5sdjhcebwomjkachoweptmuw875sjp": 1.48526623,
  "lsk9ybjgepsn8c6jo5bdpeuvdqrvexo2zsx8z3hhy": 0.46610178
}
