{
  "lskf859xyn687gd7rvecbbrq2u7srcvtztwa9yc56": 51.9870601,
  "lskztxrxns7vrc6ufkmvermu5vhv49cocufk8ehxr": 1.97262,
  "lsk8aa5t5kfkm8bgug6btdut2ekry4paoeognz4cg": 1.1552675,
  "lskd2pzojbngse68vngezmp5wgvrf23yjqjtdot7j": 0.07220375,
  "lskwwqc6pneqwxxd329kycxp8s7mbvx7u2rk9kv72": 0.0028876,
  "lskeznp4yudpkavth98ebmzw6jz6pym5hzpqgj8tp": 0.0028876,
  "lsk4hc83tf7r9q4czg69dj4xo442fsmwte7qerx2d": 2.88817,
  "lsk3fw4ttb62k46xkommswj9wbd78kmfzzp78mohg": 2.4838251,
  "lskscse9jsp62sg2yw37t8n65bxswfodkto7vyja4": 0.0664275,
  "lskhghrkypt5jc4aov3jhjdhf5p4egn8c6q9wd5gf": 0.24260625,
  "lskm7dquz6jepotwx4z4uyt2oswaaphdyz98nzy7c": 0.0028876,
  "lskxttp8vcvexx4h3wm5dkdguemha4zncz8p74j9q": 0.02888125,
  "lskhw729t89vkhuoe699462ejrpg5z5duxx8wrodn": 0.1761776,
  "lskmwegwjdhoo8two5yhubsro7zzo5ycx2fabqxcr": 0.023105,
  "lskzeayrtw5basxrjad2trv6a9doftaw9j3wyqkqn": 0.07220375,
  "lskq7jrtxzjpsof24csvvhrc6f6hc84eqmj8w3euk": 0.17329,
  "lsk5omwum4qt24du89cjprwkth9zxtau25rcakg5o": 0.433225,
  "lsk58kg5pnauk9rakd2ht25avqv4a6dkzbs5ngbu2": 0.11552625,
  "lsk98hotayxrzbf8hhf85zd3jdb48v7cda668z7qz": 0.07220375,
  "lskxdbkaqmucdeh5gvwy4jeqmcwczqtm57jt8sg3q": 0.21083625,
  "lsku25nhr8g72hccqg5ovcqe7krtt8vudvnn2my6f": 0.3176976
}
