{
  "lskf859xyn687gd7rvecbbrq2u7srcvtztwa9yc56": 150.42110901,
  "lskztxrxns7vrc6ufkmvermu5vhv49cocufk8ehxr": 5.70764265,
  "lsk3fw4ttb62k46xkommswj9wbd78kmfzzp78mohg": 7.64640471,
  "lskscse9jsp62sg2yw37t8n65bxswfodkto7vyja4": 0.73508495,
  "lskm7dquz6jepotwx4z4uyt2oswaaphdyz98nzy7c": 0.00835563,
  "lskxttp8vcvexx4h3wm5dkdguemha4zncz8p74j9q": 0.09192193,
  "lskmwegwjdhoo8two5yhubsro7zzo5ycx2fabqxcr": 0.15041957,
  "lsk98hotayxrzbf8hhf85zd3jdb48v7cda668z7qz": 0.20891608,
  "lskxdbkaqmucdeh5gvwy4jeqmcwczqtm57jt8sg3q": 0.61003998,
  "lsku25nhr8g72hccqg5ovcqe7krtt8vudvnn2my6f": 0.91923864,
  "lsk278wvfc9w56ek4dcnahvvryug2ma7wp6k4ff78": 0.00835563,
  "lskb5mno76fheuvm53wj359kr5epz8eybhxophh8o": 0.41783441,
  "lskp6q5zjvxeogmqnrv29s82h8cm5rr293njqjxdh": 0.58496913,
  "lskd7h7qgfzam3juqvfwnh98h26qmj99xdnts9dur": 0.45126118,
  "lskpbwgrq6pdop3sxkvr3v9757wekks2p8sbaw6dk": 0.0066,
  "lskumrdgca4a6p3ws2btjf6vyqwjmzctesghvcwen": 34.26258498,
  "lskc3du5erm5snzxcq5nnsm658qe5wk4y2wbz38qo": 3.26747862,
  "lskdm6dt4xmyvu6cnjoxk9ua5z26ssnamqz7ftqfo": 0.00835563
}
