{
  "lskf859xyn687gd7rvecbbrq2u7srcvtztwa9yc56": 136.60261593,
  "lskztxrxns7vrc6ufkmvermu5vhv49cocufk8ehxr": 5.18330813,
  "lsk8aa5t5kfkm8bgug6btdut2ekry4paoeognz4cg": 3.03561228,
  "lskd2pzojbngse68vngezmp5wgvrf23yjqjtdot7j": 0.18972558,
  "lskwwqc6pneqwxxd329kycxp8s7mbvx7u2rk9kv72": 0.00758889,
  "lskeznp4yudpkavth98ebmzw6jz6pym5hzpqgj8tp": 0.00758889,
  "lsk4hc83tf7r9q4czg69dj4xo442fsmwte7qerx2d": 7.58903255,
  "lsk3fw4ttb62k46xkommswj9wbd78kmfzzp78mohg": 6.65558208,
  "lskscse9jsp62sg2yw37t8n65bxswfodkto7vyja4": 0.22767003,
  "lskm7dquz6jepotwx4z4uyt2oswaaphdyz98nzy7c": 0.00758889,
  "lskxttp8vcvexx4h3wm5dkdguemha4zncz8p74j9q": 0.0758889,
  "lskhw729t89vkhuoe699462ejrpg5z5duxx8wrodn": 0.4629293,
  "lskmwegwjdhoo8two5yhubsro7zzo5ycx2fabqxcr": 0.13660039,
  "lskzeayrtw5basxrjad2trv6a9doftaw9j3wyqkqn": 0.18972558,
  "lskq7jrtxzjpsof24csvvhrc6f6hc84eqmj8w3euk": 0.45534041,
  "lsk5omwum4qt24du89cjprwkth9zxtau25rcakg5o": 1.76824434,
  "lsk58kg5pnauk9rakd2ht25avqv4a6dkzbs5ngbu2": 0.75890232,
  "lsk98hotayxrzbf8hhf85zd3jdb48v7cda668z7qz": 0.18972558,
  "lskxdbkaqmucdeh5gvwy4jeqmcwczqtm57jt8sg3q": 0.55399865,
  "lsku25nhr8g72hccqg5ovcqe7krtt8vudvnn2my6f": 0.83479157,
  "lsk278wvfc9w56ek4dcnahvvryug2ma7wp6k4ff78": 0.38704005,
  "lskb5mno76fheuvm53wj359kr5epz8eybhxophh8o": 0.18972558,
  "lskp6q5zjvxeogmqnrv29s82h8cm5rr293njqjxdh": 0.62229932,
  "lskottbwnvryko94rwvvppapjtoa5fge3466kpjfr": 0.3684516
}
