{
  "lskf859xyn687gd7rvecbbrq2u7srcvtztwa9yc56": 123.11077231,
  "lskztxrxns7vrc6ufkmvermu5vhv49cocufk8ehxr": 4.67136875,
  "lsk8aa5t5kfkm8bgug6btdut2ekry4paoeognz4cg": 2.73579306,
  "lskd2pzojbngse68vngezmp5wgvrf23yjqjtdot7j": 0.17098558,
  "lskwwqc6pneqwxxd329kycxp8s7mbvx7u2rk9kv72": 0.00683867,
  "lskeznp4yudpkavth98ebmzw6jz6pym5hzpqgj8tp": 0.00683867,
  "lsk4hc83tf7r9q4czg69dj4xo442fsmwte7qerx2d": 6.83948733,
  "lsk3fw4ttb62k46xkommswj9wbd78kmfzzp78mohg": 5.88195765,
  "lskscse9jsp62sg2yw37t8n65bxswfodkto7vyja4": 0.128129,
  "lskhghrkypt5jc4aov3jhjdhf5p4egn8c6q9wd5gf": 0.51980022,
  "lskm7dquz6jepotwx4z4uyt2oswaaphdyz98nzy7c": 0.00683867,
  "lskxttp8vcvexx4h3wm5dkdguemha4zncz8p74j9q": 0.06839326,
  "lskhw729t89vkhuoe699462ejrpg5z5duxx8wrodn": 0.4172079,
  "lskmwegwjdhoo8two5yhubsro7zzo5ycx2fabqxcr": 0.05471539,
  "lskzeayrtw5basxrjad2trv6a9doftaw9j3wyqkqn": 0.17098558,
  "lskq7jrtxzjpsof24csvvhrc6f6hc84eqmj8w3euk": 0.41036907,
  "lsk5omwum4qt24du89cjprwkth9zxtau25rcakg5o": 1.02592294,
  "lsk58kg5pnauk9rakd2ht25avqv4a6dkzbs5ngbu2": 0.2735779
}
