{
  "lskf859xyn687gd7rvecbbrq2u7srcvtztwa9yc56": 87.69538276,
  "lskztxrxns7vrc6ufkmvermu5vhv49cocufk8ehxr": 3.32755191,
  "lsk8aa5t5kfkm8bgug6btdut2ekry4paoeognz4cg": 1.94878608,
  "lskd2pzojbngse68vngezmp5wgvrf23yjqjtdot7j": 0.12179864,
  "lskwwqc6pneqwxxd329kycxp8s7mbvx7u2rk9kv72": 0.0097435,
  "lskeznp4yudpkavth98ebmzw6jz6pym5hzpqgj8tp": 0.00487129,
  "lsk4hc83tf7r9q4czg69dj4xo442fsmwte7qerx2d": 4.87196477,
  "lsk3fw4ttb62k46xkommswj9wbd78kmfzzp78mohg": 4.27271382,
  "lskscse9jsp62sg2yw37t8n65bxswfodkto7vyja4": 0.16077482,
  "lskm7dquz6jepotwx4z4uyt2oswaaphdyz98nzy7c": 0.00487129,
  "lskxttp8vcvexx4h3wm5dkdguemha4zncz8p74j9q": 0.04871867,
  "lskhw729t89vkhuoe699462ejrpg5z5duxx8wrodn": 0.36539704,
  "lskmwegwjdhoo8two5yhubsro7zzo5ycx2fabqxcr": 0.08769485,
  "lskzeayrtw5basxrjad2trv6a9doftaw9j3wyqkqn": 0.12179864,
  "lskq7jrtxzjpsof24csvvhrc6f6hc84eqmj8w3euk": 0.29231707,
  "lsk5omwum4qt24du89cjprwkth9zxtau25rcakg5o": 1.13516741,
  "lsk58kg5pnauk9rakd2ht25avqv4a6dkzbs5ngbu2": 0.48719579,
  "lsk98hotayxrzbf8hhf85zd3jdb48v7cda668z7qz": 0.12179864,
  "lskxdbkaqmucdeh5gvwy4jeqmcwczqtm57jt8sg3q": 0.35565255,
  "lsku25nhr8g72hccqg5ovcqe7krtt8vudvnn2my6f": 0.53591547,
  "lsk278wvfc9w56ek4dcnahvvryug2ma7wp6k4ff78": 0.24846969,
  "lskb5mno76fheuvm53wj359kr5epz8eybhxophh8o": 0.24359739,
  "lskp6q5zjvxeogmqnrv29s82h8cm5rr293njqjxdh": 0.43847611,
  "lskottbwnvryko94rwvvppapjtoa5fge3466kpjfr": 2.43598189,
  "lskwdowv62mv5v96zu9gwo6pw8akxs5a994zh57hg": 0.15590254,
  "lskv2fmavyujo4k4b829crkotvr2fhz2kn88qqp4m": 0.02725074,
  "lskxf4p79sfxy3uop2tx2rysstt8qewqecch5xwd8": 0.48308184
}
