{
  "lskf859xyn687gd7rvecbbrq2u7srcvtztwa9yc56": 142.15881632,
  "lskztxrxns7vrc6ufkmvermu5vhv49cocufk8ehxr": 5.3941352,
  "lskwwqc6pneqwxxd329kycxp8s7mbvx7u2rk9kv72": 0.01579406,
  "lskeznp4yudpkavth98ebmzw6jz6pym5hzpqgj8tp": 0.00789538,
  "lsk3fw4ttb62k46xkommswj9wbd78kmfzzp78mohg": 7.03685902,
  "lskscse9jsp62sg2yw37t8n65bxswfodkto7vyja4": 0.37118984,
  "lskm7dquz6jepotwx4z4uyt2oswaaphdyz98nzy7c": 0.00789538,
  "lskxttp8vcvexx4h3wm5dkdguemha4zncz8p74j9q": 0.07897488,
  "lskhw729t89vkhuoe699462ejrpg5z5duxx8wrodn": 0.59232762,
  "lskmwegwjdhoo8two5yhubsro7zzo5ycx2fabqxcr": 0.14215724,
  "lskzeayrtw5basxrjad2trv6a9doftaw9j3wyqkqn": 0.19744116,
  "lsk98hotayxrzbf8hhf85zd3jdb48v7cda668z7qz": 0.19744116,
  "lskxdbkaqmucdeh5gvwy4jeqmcwczqtm57jt8sg3q": 0.57653024,
  "lsku25nhr8g72hccqg5ovcqe7krtt8vudvnn2my6f": 0.86874728,
  "lsk278wvfc9w56ek4dcnahvvryug2ma7wp6k4ff78": 0.00789538,
  "lskb5mno76fheuvm53wj359kr5epz8eybhxophh8o": 0.3948829,
  "lskp6q5zjvxeogmqnrv29s82h8cm5rr293njqjxdh": 0.7107924,
  "lskottbwnvryko94rwvvppapjtoa5fge3466kpjfr": 3.94885408,
  "lskv2fmavyujo4k4b829crkotvr2fhz2kn88qqp4m": 0.07897488,
  "lsk9vqoookbbjphmbs29kv6za5tf66udpx6cboanw": 0.3948829,
  "lskd7h7qgfzam3juqvfwnh98h26qmj99xdnts9dur": 0.17594114,
  "lsk62evnyy8uw2vrs67mah72879otfnhddbqdt9um": 7.89771122,
  "lsk945efxyh5sdjhcebwomjkachoweptmuw875sjp": 1.99022146,
  "lsk2j9dsvzgark9ypzw2tzcn2vuyppattq54r9oss": 1.64272258,
  "lskpbwgrq6pdop3sxkvr3v9757wekks2p8sbaw6dk": 0.0066,
  "lskumrdgca4a6p3ws2btjf6vyqwjmzctesghvcwen": 32.38061664,
  "lskc3du5erm5snzxcq5nnsm658qe5wk4y2wbz38qo": 1.73025002
}
