{
  "lskf859xyn687gd7rvecbbrq2u7srcvtztwa9yc56": 50.61370116,
  "lskztxrxns7vrc6ufkmvermu5vhv49cocufk8ehxr": 1.92050838,
  "lsk8aa5t5kfkm8bgug6btdut2ekry4paoeognz4cg": 1.12474794,
  "lskd2pzojbngse68vngezmp5wgvrf23yjqjtdot7j": 0.07029666,
  "lskwwqc6pneqwxxd329kycxp8s7mbvx7u2rk9kv72": 0.00281118,
  "lskeznp4yudpkavth98ebmzw6jz6pym5hzpqgj8tp": 0.00281118,
  "lsk4hc83tf7r9q4czg69dj4xo442fsmwte7qerx2d": 2.81187156,
  "lsk3fw4ttb62k46xkommswj9wbd78kmfzzp78mohg": 2.46601152,
  "lskscse9jsp62sg2yw37t8n65bxswfodkto7vyja4": 0.08435574,
  "lskm7dquz6jepotwx4z4uyt2oswaaphdyz98nzy7c": 0.00281118,
  "lskxttp8vcvexx4h3wm5dkdguemha4zncz8p74j9q": 0.02811816,
  "lskhw729t89vkhuoe699462ejrpg5z5duxx8wrodn": 0.21088998,
  "lskmwegwjdhoo8two5yhubsro7zzo5ycx2fabqxcr": 0.05061306,
  "lskzeayrtw5basxrjad2trv6a9doftaw9j3wyqkqn": 0.07029666,
  "lskq7jrtxzjpsof24csvvhrc6f6hc84eqmj8w3euk": 0.1687116,
  "lsk5omwum4qt24du89cjprwkth9zxtau25rcakg5o": 0.65516598,
  "lsk58kg5pnauk9rakd2ht25avqv4a6dkzbs5ngbu2": 0.28118664,
  "lsk98hotayxrzbf8hhf85zd3jdb48v7cda668z7qz": 0.07029666,
  "lskxdbkaqmucdeh5gvwy4jeqmcwczqtm57jt8sg3q": 0.2052666,
  "lsku25nhr8g72hccqg5ovcqe7krtt8vudvnn2my6f": 0.30930492,
  "lsk278wvfc9w56ek4dcnahvvryug2ma7wp6k4ff78": 0.1434045,
  "lskb5mno76fheuvm53wj359kr5epz8eybhxophh8o": 0.07029666,
  "lskp6q5zjvxeogmqnrv29s82h8cm5rr293njqjxdh": 0.23057256,
  "lskottbwnvryko94rwvvppapjtoa5fge3466kpjfr": 1.40593572
}
