{
  "lskf859xyn687gd7rvecbbrq2u7srcvtztwa9yc56": 133.51809427,
  "lskztxrxns7vrc6ufkmvermu5vhv49cocufk8ehxr": 5.06626848,
  "lsk3fw4ttb62k46xkommswj9wbd78kmfzzp78mohg": 6.60914436,
  "lskscse9jsp62sg2yw37t8n65bxswfodkto7vyja4": 0.50439891,
  "lskm7dquz6jepotwx4z4uyt2oswaaphdyz98nzy7c": 0.00741515,
  "lskxttp8vcvexx4h3wm5dkdguemha4zncz8p74j9q": 0.07417592,
  "lskmwegwjdhoo8two5yhubsro7zzo5ycx2fabqxcr": 0.13351567,
  "lsk98hotayxrzbf8hhf85zd3jdb48v7cda668z7qz": 0.18544027,
  "lskxdbkaqmucdeh5gvwy4jeqmcwczqtm57jt8sg3q": 0.54149004,
  "lsku25nhr8g72hccqg5ovcqe7krtt8vudvnn2my6f": 0.8159424,
  "lsk278wvfc9w56ek4dcnahvvryug2ma7wp6k4ff78": 0.00741515,
  "lskb5mno76fheuvm53wj359kr5epz8eybhxophh8o": 0.37088324,
  "lskp6q5zjvxeogmqnrv29s82h8cm5rr293njqjxdh": 0.51923555,
  "lskv2fmavyujo4k4b829crkotvr2fhz2kn88qqp4m": 0.03708796,
  "lskd7h7qgfzam3juqvfwnh98h26qmj99xdnts9dur": 0.289289,
  "lskpbwgrq6pdop3sxkvr3v9757wekks2p8sbaw6dk": 0.0066,
  "lskumrdgca4a6p3ws2btjf6vyqwjmzctesghvcwen": 30.4124548,
  "lskc3du5erm5snzxcq5nnsm658qe5wk4y2wbz38qo": 2.90030832,
  "lskdm6dt4xmyvu6cnjoxk9ua5z26ssnamqz7ftqfo": 0.00741515
}
