{
  "lskf859xyn687gd7rvecbbrq2u7srcvtztwa9yc56": 162.61330518,
  "lskztxrxns7vrc6ufkmvermu5vhv49cocufk8ehxr": 6.17026983,
  "lskwwqc6pneqwxxd329kycxp8s7mbvx7u2rk9kv72": 0.01806693,
  "lskeznp4yudpkavth98ebmzw6jz6pym5hzpqgj8tp": 0.00903208,
  "lsk3fw4ttb62k46xkommswj9wbd78kmfzzp78mohg": 8.04935508,
  "lskscse9jsp62sg2yw37t8n65bxswfodkto7vyja4": 0.42459752,
  "lskm7dquz6jepotwx4z4uyt2oswaaphdyz98nzy7c": 0.00903208,
  "lskxttp8vcvexx4h3wm5dkdguemha4zncz8p74j9q": 0.09033798,
  "lskhw729t89vkhuoe699462ejrpg5z5duxx8wrodn": 0.67755542,
  "lskmwegwjdhoo8two5yhubsro7zzo5ycx2fabqxcr": 0.1626116,
  "lskzeayrtw5basxrjad2trv6a9doftaw9j3wyqkqn": 0.17525669,
  "lsk98hotayxrzbf8hhf85zd3jdb48v7cda668z7qz": 0.22585057,
  "lskxdbkaqmucdeh5gvwy4jeqmcwczqtm57jt8sg3q": 0.65948433,
  "lsku25nhr8g72hccqg5ovcqe7krtt8vudvnn2my6f": 0.99374716,
  "lsk278wvfc9w56ek4dcnahvvryug2ma7wp6k4ff78": 0.00903208,
  "lskb5mno76fheuvm53wj359kr5epz8eybhxophh8o": 0.45170166,
  "lskp6q5zjvxeogmqnrv29s82h8cm5rr293njqjxdh": 0.81306437,
  "lskottbwnvryko94rwvvppapjtoa5fge3466kpjfr": 4.51703418,
  "lskv2fmavyujo4k4b829crkotvr2fhz2kn88qqp4m": 0.09033798,
  "lsk9vqoookbbjphmbs29kv6za5tf66udpx6cboanw": 0.45170166,
  "lskd7h7qgfzam3juqvfwnh98h26qmj99xdnts9dur": 0.21681485,
  "lsk62evnyy8uw2vrs67mah72879otfnhddbqdt9um": 9.03407103,
  "lsk945efxyh5sdjhcebwomjkachoweptmuw875sjp": 2.27658376,
  "lsk2j9dsvzgark9ypzw2tzcn2vuyppattq54r9oss": 1.87908525,
  "lskpbwgrq6pdop3sxkvr3v9757wekks2p8sbaw6dk": 0.0066,
  "lskumrdgca4a6p3ws2btjf6vyqwjmzctesghvcwen": 37.03969541,
  "lskc3du5erm5snzxcq5nnsm658qe5wk4y2wbz38qo": 1.94232412
}
