{
  "lskf859xyn687gd7rvecbbrq2u7srcvtztwa9yc56": 200.22996952,
  "lskztxrxns7vrc6ufkmvermu5vhv49cocufk8ehxr": 7.5976132,
  "lsk3fw4ttb62k46xkommswj9wbd78kmfzzp78mohg": 9.91138158,
  "lskscse9jsp62sg2yw37t8n65bxswfodkto7vyja4": 0.75202168,
  "lskm7dquz6jepotwx4z4uyt2oswaaphdyz98nzy7c": 0.01112016,
  "lskxttp8vcvexx4h3wm5dkdguemha4zncz8p74j9q": 0.11123796,
  "lskhw729t89vkhuoe699462ejrpg5z5duxx8wrodn": 0.0686992,
  "lskmwegwjdhoo8two5yhubsro7zzo5ycx2fabqxcr": 0.20022715,
  "lsk98hotayxrzbf8hhf85zd3jdb48v7cda668z7qz": 0.27809484,
  "lskxdbkaqmucdeh5gvwy4jeqmcwczqtm57jt8sg3q": 0.81204354,
  "lsku25nhr8g72hccqg5ovcqe7krtt8vudvnn2my6f": 1.22362515,
  "lsk278wvfc9w56ek4dcnahvvryug2ma7wp6k4ff78": 0.01112016,
  "lskb5mno76fheuvm53wj359kr5epz8eybhxophh8o": 0.55619346,
  "lskp6q5zjvxeogmqnrv29s82h8cm5rr293njqjxdh": 0.77866985,
  "lskv2fmavyujo4k4b829crkotvr2fhz2kn88qqp4m": 0.05561817,
  "lskd7h7qgfzam3juqvfwnh98h26qmj99xdnts9dur": 0.43383058,
  "lskpbwgrq6pdop3sxkvr3v9757wekks2p8sbaw6dk": 0.0066,
  "lskumrdgca4a6p3ws2btjf6vyqwjmzctesghvcwen": 45.60793679,
  "lskc3du5erm5snzxcq5nnsm658qe5wk4y2wbz38qo": 4.34943711,
  "lskdm6dt4xmyvu6cnjoxk9ua5z26ssnamqz7ftqfo": 0.01112016
}
