{
  "lskf859xyn687gd7rvecbbrq2u7srcvtztwa9yc56": 48.96271516,
  "lskztxrxns7vrc6ufkmvermu5vhv49cocufk8ehxr": 1.8578625,
  "lskwwqc6pneqwxxd329kycxp8s7mbvx7u2rk9kv72": 0.00543916,
  "lskeznp4yudpkavth98ebmzw6jz6pym5hzpqgj8tp": 0.0027195,
  "lsk4hc83tf7r9q4czg69dj4xo442fsmwte7qerx2d": 2.72014966,
  "lsk3fw4ttb62k46xkommswj9wbd78kmfzzp78mohg": 2.42365366,
  "lskscse9jsp62sg2yw37t8n65bxswfodkto7vyja4": 0.1196865,
  "lskm7dquz6jepotwx4z4uyt2oswaaphdyz98nzy7c": 0.0027195,
  "lskxttp8vcvexx4h3wm5dkdguemha4zncz8p74j9q": 0.027201,
  "lskhw729t89vkhuoe699462ejrpg5z5duxx8wrodn": 0.20401066,
  "lskmwegwjdhoo8two5yhubsro7zzo5ycx2fabqxcr": 0.04896166,
  "lskzeayrtw5basxrjad2trv6a9doftaw9j3wyqkqn": 0.06800266,
  "lskq7jrtxzjpsof24csvvhrc6f6hc84eqmj8w3euk": 0.2720145,
  "lsk5omwum4qt24du89cjprwkth9zxtau25rcakg5o": 0.633795,
  "lsk98hotayxrzbf8hhf85zd3jdb48v7cda668z7qz": 0.06800266,
  "lskxdbkaqmucdeh5gvwy4jeqmcwczqtm57jt8sg3q": 0.19857016,
  "lsku25nhr8g72hccqg5ovcqe7krtt8vudvnn2my6f": 0.29921566,
  "lsk278wvfc9w56ek4dcnahvvryug2ma7wp6k4ff78": 0.0027195,
  "lskb5mno76fheuvm53wj359kr5epz8eybhxophh8o": 0.13600666,
  "lskp6q5zjvxeogmqnrv29s82h8cm5rr293njqjxdh": 0.2448135,
  "lskottbwnvryko94rwvvppapjtoa5fge3466kpjfr": 1.36007416,
  "lskv2fmavyujo4k4b829crkotvr2fhz2kn88qqp4m": 0.027201,
  "lsk9vqoookbbjphmbs29kv6za5tf66udpx6cboanw": 0.13600666,
  "lskd7h7qgfzam3juqvfwnh98h26qmj99xdnts9dur": 0.05440216,
  "lsk62evnyy8uw2vrs67mah72879otfnhddbqdt9um": 2.72014966,
  "lsk945efxyh5sdjhcebwomjkachoweptmuw875sjp": 0.6854775,
  "lsk2j9dsvzgark9ypzw2tzcn2vuyppattq54r9oss": 0.565791,
  "lskpbwgrq6pdop3sxkvr3v9757wekks2p8sbaw6dk": 0.0066,
  "lskumrdgca4a6p3ws2btjf6vyqwjmzctesghvcwen": 11.1526185
}
