{
  "lskf859xyn687gd7rvecbbrq2u7srcvtztwa9yc56": 111.05363151,
  "lskztxrxns7vrc6ufkmvermu5vhv49cocufk8ehxr": 4.21386656,
  "lskeznp4yudpkavth98ebmzw6jz6pym5hzpqgj8tp": 0.00616795,
  "lsk3fw4ttb62k46xkommswj9wbd78kmfzzp78mohg": 5.49715328,
  "lskscse9jsp62sg2yw37t8n65bxswfodkto7vyja4": 0.32082087,
  "lskm7dquz6jepotwx4z4uyt2oswaaphdyz98nzy7c": 0.00616795,
  "lskxttp8vcvexx4h3wm5dkdguemha4zncz8p74j9q": 0.06169447,
  "lskhw729t89vkhuoe699462ejrpg5z5duxx8wrodn": 0.5059097,
  "lskmwegwjdhoo8two5yhubsro7zzo5ycx2fabqxcr": 0.11105299,
  "lsk98hotayxrzbf8hhf85zd3jdb48v7cda668z7qz": 0.15423866,
  "lskxdbkaqmucdeh5gvwy4jeqmcwczqtm57jt8sg3q": 0.45038276,
  "lsku25nhr8g72hccqg5ovcqe7krtt8vudvnn2my6f": 0.67865986,
  "lsk278wvfc9w56ek4dcnahvvryug2ma7wp6k4ff78": 0.00616795,
  "lskb5mno76fheuvm53wj359kr5epz8eybhxophh8o": 0.30848002,
  "lskp6q5zjvxeogmqnrv29s82h8cm5rr293njqjxdh": 0.43187396,
  "lskv2fmavyujo4k4b829crkotvr2fhz2kn88qqp4m": 0.06169447,
  "lskd7h7qgfzam3juqvfwnh98h26qmj99xdnts9dur": 0.24061488,
  "lsk945efxyh5sdjhcebwomjkachoweptmuw875sjp": 1.55474905,
  "lskpbwgrq6pdop3sxkvr3v9757wekks2p8sbaw6dk": 0.0066,
  "lskumrdgca4a6p3ws2btjf6vyqwjmzctesghvcwen": 25.29554805,
  "lskc3du5erm5snzxcq5nnsm658qe5wk4y2wbz38qo": 2.43624603,
  "lsk9xn7w5wzhg85xgng875h8cpajmf8kn9hpmd8cm": 0.09887558,
  "lskdm6dt4xmyvu6cnjoxk9ua5z26ssnamqz7ftqfo": 0.00596715
}
