{
  "lskf859xyn687gd7rvecbbrq2u7srcvtztwa9yc56": 17.52219031,
  "lskztxrxns7vrc6ufkmvermu5vhv49cocufk8ehxr": 0.66486946,
  "lsk8aa5t5kfkm8bgug6btdut2ekry4paoeognz4cg": 0.06393177,
  "lskwwqc6pneqwxxd329kycxp8s7mbvx7u2rk9kv72": 0.0019468,
  "lskeznp4yudpkavth98ebmzw6jz6pym5hzpqgj8tp": 0.00097336,
  "lsk4hc83tf7r9q4czg69dj4xo442fsmwte7qerx2d": 0.97345472,
  "lsk3fw4ttb62k46xkommswj9wbd78kmfzzp78mohg": 0.85371971,
  "lskscse9jsp62sg2yw37t8n65bxswfodkto7vyja4": 0.03893805,
  "lskm7dquz6jepotwx4z4uyt2oswaaphdyz98nzy7c": 0.00097336,
  "lskxttp8vcvexx4h3wm5dkdguemha4zncz8p74j9q": 0.00973427,
  "lskhw729t89vkhuoe699462ejrpg5z5duxx8wrodn": 0.07300899,
  "lskmwegwjdhoo8two5yhubsro7zzo5ycx2fabqxcr": 0.01752211,
  "lskzeayrtw5basxrjad2trv6a9doftaw9j3wyqkqn": 0.02433618,
  "lskq7jrtxzjpsof24csvvhrc6f6hc84eqmj8w3euk": 0.09734521,
  "lsk5omwum4qt24du89cjprwkth9zxtau25rcakg5o": 0.22681486,
  "lsk58kg5pnauk9rakd2ht25avqv4a6dkzbs5ngbu2": 0.09734521,
  "lsk98hotayxrzbf8hhf85zd3jdb48v7cda668z7qz": 0.02433618,
  "lskxdbkaqmucdeh5gvwy4jeqmcwczqtm57jt8sg3q": 0.07106211,
  "lsku25nhr8g72hccqg5ovcqe7krtt8vudvnn2my6f": 0.10707993,
  "lsk278wvfc9w56ek4dcnahvvryug2ma7wp6k4ff78": 0.00097336,
  "lskb5mno76fheuvm53wj359kr5epz8eybhxophh8o": 0.0486724,
  "lskp6q5zjvxeogmqnrv29s82h8cm5rr293njqjxdh": 0.08761087,
  "lskottbwnvryko94rwvvppapjtoa5fge3466kpjfr": 0.4867273,
  "lskv2fmavyujo4k4b829crkotvr2fhz2kn88qqp4m": 0.00973427,
  "lskxf4p79sfxy3uop2tx2rysstt8qewqecch5xwd8": 0.01614276,
  "lsk9vqoookbbjphmbs29kv6za5tf66udpx6cboanw": 0.0486724,
  "lskd7h7qgfzam3juqvfwnh98h26qmj99xdnts9dur": 0.01946899,
  "lsk62evnyy8uw2vrs67mah72879otfnhddbqdt9um": 0.97345472,
  "lsk945efxyh5sdjhcebwomjkachoweptmuw875sjp": 0.24531049,
  "lsk2j9dsvzgark9ypzw2tzcn2vuyppattq54r9oss": 0.20247827,
  "lskpbwgrq6pdop3sxkvr3v9757wekks2p8sbaw6dk": 0.0066,
  "lskumrdgca4a6p3ws2btjf6vyqwjmzctesghvcwen": 3.99116538
}
