{
  "lskf859xyn687gd7rvecbbrq2u7srcvtztwa9yc56": 42.84280735,
  "lskztxrxns7vrc6ufkmvermu5vhv49cocufk8ehxr": 1.62564586,
  "lskwwqc6pneqwxxd329kycxp8s7mbvx7u2rk9kv72": 0.00475965,
  "lskeznp4yudpkavth98ebmzw6jz6pym5hzpqgj8tp": 0.00237932,
  "lsk3fw4ttb62k46xkommswj9wbd78kmfzzp78mohg": 2.12071848,
  "lskscse9jsp62sg2yw37t8n65bxswfodkto7vyja4": 0.11186686,
  "lskm7dquz6jepotwx4z4uyt2oswaaphdyz98nzy7c": 0.00237932,
  "lskxttp8vcvexx4h3wm5dkdguemha4zncz8p74j9q": 0.02380105,
  "lskhw729t89vkhuoe699462ejrpg5z5duxx8wrodn": 0.17851115,
  "lskmwegwjdhoo8two5yhubsro7zzo5ycx2fabqxcr": 0.04284224,
  "lskzeayrtw5basxrjad2trv6a9doftaw9j3wyqkqn": 0.05950331,
  "lsk98hotayxrzbf8hhf85zd3jdb48v7cda668z7qz": 0.05950331,
  "lskxdbkaqmucdeh5gvwy4jeqmcwczqtm57jt8sg3q": 0.17375073,
  "lsku25nhr8g72hccqg5ovcqe7krtt8vudvnn2my6f": 0.26181654,
  "lsk278wvfc9w56ek4dcnahvvryug2ma7wp6k4ff78": 0.00237932,
  "lskb5mno76fheuvm53wj359kr5epz8eybhxophh8o": 0.11900686,
  "lskp6q5zjvxeogmqnrv29s82h8cm5rr293njqjxdh": 0.21421365,
  "lskottbwnvryko94rwvvppapjtoa5fge3466kpjfr": 1.19007758,
  "lskv2fmavyujo4k4b829crkotvr2fhz2kn88qqp4m": 0.02380105,
  "lsk9vqoookbbjphmbs29kv6za5tf66udpx6cboanw": 0.11900686,
  "lskd7h7qgfzam3juqvfwnh98h26qmj99xdnts9dur": 0.04760289,
  "lsk62evnyy8uw2vrs67mah72879otfnhddbqdt9um": 2.38015596,
  "lsk945efxyh5sdjhcebwomjkachoweptmuw875sjp": 0.59979873,
  "lsk2j9dsvzgark9ypzw2tzcn2vuyppattq54r9oss": 0.49507185,
  "lskpbwgrq6pdop3sxkvr3v9757wekks2p8sbaw6dk": 0.0066,
  "lskumrdgca4a6p3ws2btjf6vyqwjmzctesghvcwen": 9.75863856,
  "lskc3du5erm5snzxcq5nnsm658qe5wk4y2wbz38qo": 0.539946
}
