{
  "lskf859xyn687gd7rvecbbrq2u7srcvtztwa9yc56": 199.92108518,
  "lskztxrxns7vrc6ufkmvermu5vhv49cocufk8ehxr": 7.58589236,
  "lsk8aa5t5kfkm8bgug6btdut2ekry4paoeognz4cg": 4.44268795,
  "lskwwqc6pneqwxxd329kycxp8s7mbvx7u2rk9kv72": 0.02221036,
  "lskeznp4yudpkavth98ebmzw6jz6pym5hzpqgj8tp": 0.01110269,
  "lsk4hc83tf7r9q4czg69dj4xo442fsmwte7qerx2d": 11.10672479,
  "lsk3fw4ttb62k46xkommswj9wbd78kmfzzp78mohg": 9.74059668,
  "lskscse9jsp62sg2yw37t8n65bxswfodkto7vyja4": 0.44426679,
  "lskm7dquz6jepotwx4z4uyt2oswaaphdyz98nzy7c": 0.01110269,
  "lskxttp8vcvexx4h3wm5dkdguemha4zncz8p74j9q": 0.11106472,
  "lskhw729t89vkhuoe699462ejrpg5z5duxx8wrodn": 0.83300309,
  "lskmwegwjdhoo8two5yhubsro7zzo5ycx2fabqxcr": 0.1999181,
  "lskzeayrtw5basxrjad2trv6a9doftaw9j3wyqkqn": 0.27766663,
  "lskq7jrtxzjpsof24csvvhrc6f6hc84eqmj8w3euk": 1.11066973,
  "lsk5omwum4qt24du89cjprwkth9zxtau25rcakg5o": 2.58786489,
  "lsk58kg5pnauk9rakd2ht25avqv4a6dkzbs5ngbu2": 1.11066973,
  "lsk98hotayxrzbf8hhf85zd3jdb48v7cda668z7qz": 0.27766663,
  "lskxdbkaqmucdeh5gvwy4jeqmcwczqtm57jt8sg3q": 0.81078946,
  "lsku25nhr8g72hccqg5ovcqe7krtt8vudvnn2my6f": 1.22173714,
  "lsk278wvfc9w56ek4dcnahvvryug2ma7wp6k4ff78": 0.13621114,
  "lskb5mno76fheuvm53wj359kr5epz8eybhxophh8o": 0.55533467,
  "lskp6q5zjvxeogmqnrv29s82h8cm5rr293njqjxdh": 0.99960303,
  "lskottbwnvryko94rwvvppapjtoa5fge3466kpjfr": 5.55336071,
  "lskwdowv62mv5v96zu9gwo6pw8akxs5a994zh57hg": 0.23380055,
  "lskv2fmavyujo4k4b829crkotvr2fhz2kn88qqp4m": 0.11106472,
  "lskxf4p79sfxy3uop2tx2rysstt8qewqecch5xwd8": 1.12177739,
  "lsk9vqoookbbjphmbs29kv6za5tf66udpx6cboanw": 0.55533467,
  "lskd7h7qgfzam3juqvfwnh98h26qmj99xdnts9dur": 0.22213257,
  "lsk62evnyy8uw2vrs67mah72879otfnhddbqdt9um": 11.10672479,
  "lsk945efxyh5sdjhcebwomjkachoweptmuw875sjp": 2.79889257,
  "lsk9ybjgepsn8c6jo5bdpeuvdqrvexo2zsx8z3hhy": 0.10521096,
  "lsk2j9dsvzgark9ypzw2tzcn2vuyppattq54r9oss": 2.31019674,
  "lskpbwgrq6pdop3sxkvr3v9757wekks2p8sbaw6dk": 0.0066,
  "lskumrdgca4a6p3ws2btjf6vyqwjmzctesghvcwen": 23.363557
}
