{
  "lskf859xyn687gd7rvecbbrq2u7srcvtztwa9yc56": 191.05876625,
  "lskztxrxns7vrc6ufkmvermu5vhv49cocufk8ehxr": 7.24961579,
  "lsk8aa5t5kfkm8bgug6btdut2ekry4paoeognz4cg": 4.24574779,
  "lskwwqc6pneqwxxd329kycxp8s7mbvx7u2rk9kv72": 0.02122502,
  "lskeznp4yudpkavth98ebmzw6jz6pym5hzpqgj8tp": 0.01061028,
  "lsk4hc83tf7r9q4czg69dj4xo442fsmwte7qerx2d": 10.61437398,
  "lsk3fw4ttb62k46xkommswj9wbd78kmfzzp78mohg": 9.30880606,
  "lskscse9jsp62sg2yw37t8n65bxswfodkto7vyja4": 0.42457248,
  "lskm7dquz6jepotwx4z4uyt2oswaaphdyz98nzy7c": 0.01061028,
  "lskxttp8vcvexx4h3wm5dkdguemha4zncz8p74j9q": 0.10614148,
  "lskhw729t89vkhuoe699462ejrpg5z5duxx8wrodn": 0.79607727,
  "lskmwegwjdhoo8two5yhubsro7zzo5ycx2fabqxcr": 0.19105707,
  "lskzeayrtw5basxrjad2trv6a9doftaw9j3wyqkqn": 0.26535879,
  "lskq7jrtxzjpsof24csvvhrc6f6hc84eqmj8w3euk": 1.06143645,
  "lsk5omwum4qt24du89cjprwkth9zxtau25rcakg5o": 2.47314876,
  "lsk58kg5pnauk9rakd2ht25avqv4a6dkzbs5ngbu2": 1.06143645,
  "lsk98hotayxrzbf8hhf85zd3jdb48v7cda668z7qz": 0.26535879,
  "lskxdbkaqmucdeh5gvwy4jeqmcwczqtm57jt8sg3q": 0.77484812,
  "lsku25nhr8g72hccqg5ovcqe7krtt8vudvnn2my6f": 1.16757844,
  "lsk278wvfc9w56ek4dcnahvvryug2ma7wp6k4ff78": 0.54133242,
  "lskb5mno76fheuvm53wj359kr5epz8eybhxophh8o": 0.53071797,
  "lskp6q5zjvxeogmqnrv29s82h8cm5rr293njqjxdh": 0.95529142,
  "lskottbwnvryko94rwvvppapjtoa5fge3466kpjfr": 5.30718481,
  "lskwdowv62mv5v96zu9gwo6pw8akxs5a994zh57hg": 0.33965689,
  "lskv2fmavyujo4k4b829crkotvr2fhz2kn88qqp4m": 0.10614148,
  "lskxf4p79sfxy3uop2tx2rysstt8qewqecch5xwd8": 1.0720509,
  "lsk9vqoookbbjphmbs29kv6za5tf66udpx6cboanw": 0.53071797,
  "lskd7h7qgfzam3juqvfwnh98h26qmj99xdnts9dur": 0.21228616,
  "lsk62evnyy8uw2vrs67mah72879otfnhddbqdt9um": 10.61437398,
  "lsk945efxyh5sdjhcebwomjkachoweptmuw875sjp": 2.67482104,
  "lsk9ybjgepsn8c6jo5bdpeuvdqrvexo2zsx8z3hhy": 1.06143645,
  "lsk2j9dsvzgark9ypzw2tzcn2vuyppattq54r9oss": 1.94377577,
  "lskpbwgrq6pdop3sxkvr3v9757wekks2p8sbaw6dk": 0.0033825
}
