{
  "lskf859xyn687gd7rvecbbrq2u7srcvtztwa9yc56": 17.34349988,
  "lskztxrxns7vrc6ufkmvermu5vhv49cocufk8ehxr": 0.65808923,
  "lsk8aa5t5kfkm8bgug6btdut2ekry4paoeognz4cg": 0.38541105,
  "lskd2pzojbngse68vngezmp5wgvrf23yjqjtdot7j": 0.02408796,
  "lskwwqc6pneqwxxd329kycxp8s7mbvx7u2rk9kv72": 0.00096335,
  "lskeznp4yudpkavth98ebmzw6jz6pym5hzpqgj8tp": 0.00096335,
  "lsk4hc83tf7r9q4czg69dj4xo442fsmwte7qerx2d": 0.96352762,
  "lsk3fw4ttb62k46xkommswj9wbd78kmfzzp78mohg": 0.8286336,
  "lskscse9jsp62sg2yw37t8n65bxswfodkto7vyja4": 0.01541623,
  "lskhghrkypt5jc4aov3jhjdhf5p4egn8c6q9wd5gf": 0.07130084,
  "lskm7dquz6jepotwx4z4uyt2oswaaphdyz98nzy7c": 0.00096335,
  "lskxttp8vcvexx4h3wm5dkdguemha4zncz8p74j9q": 0.00963515,
  "lskhw729t89vkhuoe699462ejrpg5z5duxx8wrodn": 0.05877506,
  "lskmwegwjdhoo8two5yhubsro7zzo5ycx2fabqxcr": 0.00770801,
  "lskzeayrtw5basxrjad2trv6a9doftaw9j3wyqkqn": 0.02408796,
  "lskq7jrtxzjpsof24csvvhrc6f6hc84eqmj8w3euk": 0.0578114,
  "lsk5omwum4qt24du89cjprwkth9zxtau25rcakg5o": 0.04912278
}
