{
  "lskf859xyn687gd7rvecbbrq2u7srcvtztwa9yc56": 16.4451144,
  "lskztxrxns7vrc6ufkmvermu5vhv49cocufk8ehxr": 0.62400042,
  "lsk8aa5t5kfkm8bgug6btdut2ekry4paoeognz4cg": 0.3654468,
  "lskd2pzojbngse68vngezmp5wgvrf23yjqjtdot7j": 0.0228404,
  "lskwwqc6pneqwxxd329kycxp8s7mbvx7u2rk9kv72": 0.0009136,
  "lskeznp4yudpkavth98ebmzw6jz6pym5hzpqgj8tp": 0.0009136,
  "lsk4hc83tf7r9q4czg69dj4xo442fsmwte7qerx2d": 0.91361722,
  "lsk3fw4ttb62k46xkommswj9wbd78kmfzzp78mohg": 0.8012424,
  "lskscse9jsp62sg2yw37t8n65bxswfodkto7vyja4": 0.0274084,
  "lskm7dquz6jepotwx4z4uyt2oswaaphdyz98nzy7c": 0.0009136,
  "lskxttp8vcvexx4h3wm5dkdguemha4zncz8p74j9q": 0.009136,
  "lskhw729t89vkhuoe699462ejrpg5z5duxx8wrodn": 0.05573042,
  "lskmwegwjdhoo8two5yhubsro7zzo5ycx2fabqxcr": 0.01644482,
  "lskzeayrtw5basxrjad2trv6a9doftaw9j3wyqkqn": 0.0228404,
  "lskq7jrtxzjpsof24csvvhrc6f6hc84eqmj8w3euk": 0.05481682,
  "lsk5omwum4qt24du89cjprwkth9zxtau25rcakg5o": 0.2128728,
  "lsk58kg5pnauk9rakd2ht25avqv4a6dkzbs5ngbu2": 0.0913616,
  "lsk98hotayxrzbf8hhf85zd3jdb48v7cda668z7qz": 0.0228404,
  "lskxdbkaqmucdeh5gvwy4jeqmcwczqtm57jt8sg3q": 0.066694,
  "lsku25nhr8g72hccqg5ovcqe7krtt8vudvnn2my6f": 0.10049762,
  "lsk278wvfc9w56ek4dcnahvvryug2ma7wp6k4ff78": 0.0465944,
  "lskb5mno76fheuvm53wj359kr5epz8eybhxophh8o": 0.0228404,
  "lskp6q5zjvxeogmqnrv29s82h8cm5rr293njqjxdh": 0.07491642
}
