{
  "lskf859xyn687gd7rvecbbrq2u7srcvtztwa9yc56": 18.13732536,
  "lskztxrxns7vrc6ufkmvermu5vhv49cocufk8ehxr": 0.68821034,
  "lsk8aa5t5kfkm8bgug6btdut2ekry4paoeognz4cg": 0.40305134,
  "lskd2pzojbngse68vngezmp5wgvrf23yjqjtdot7j": 0.02519036,
  "lskwwqc6pneqwxxd329kycxp8s7mbvx7u2rk9kv72": 0.00100758,
  "lskeznp4yudpkavth98ebmzw6jz6pym5hzpqgj8tp": 0.00100758,
  "lsk4hc83tf7r9q4czg69dj4xo442fsmwte7qerx2d": 0.75572156,
  "lsk3fw4ttb62k46xkommswj9wbd78kmfzzp78mohg": 0.86656082,
  "lskscse9jsp62sg2yw37t8n65bxswfodkto7vyja4": 0.01309898,
  "lskhghrkypt5jc4aov3jhjdhf5p4egn8c6q9wd5gf": 0.03022868,
  "lskm7dquz6jepotwx4z4uyt2oswaaphdyz98nzy7c": 0.00100758,
  "lskxttp8vcvexx4h3wm5dkdguemha4zncz8p74j9q": 0.01007622,
  "lskhw729t89vkhuoe699462ejrpg5z5duxx8wrodn": 0.06146532,
  "lskmwegwjdhoo8two5yhubsro7zzo5ycx2fabqxcr": 0.0060455
}
