{
  "lskf859xyn687gd7rvecbbrq2u7srcvtztwa9yc56": 241.13079853,
  "lskztxrxns7vrc6ufkmvermu5vhv49cocufk8ehxr": 9.14957122,
  "lsk8aa5t5kfkm8bgug6btdut2ekry4paoeognz4cg": 5.35845952,
  "lskd2pzojbngse68vngezmp5wgvrf23yjqjtdot7j": 0.33490265,
  "lskwwqc6pneqwxxd329kycxp8s7mbvx7u2rk9kv72": 0.01339504,
  "lskeznp4yudpkavth98ebmzw6jz6pym5hzpqgj8tp": 0.01339504,
  "lsk4hc83tf7r9q4czg69dj4xo442fsmwte7qerx2d": 13.39615257,
  "lsk3fw4ttb62k46xkommswj9wbd78kmfzzp78mohg": 11.74842656,
  "lskscse9jsp62sg2yw37t8n65bxswfodkto7vyja4": 0.38218649,
  "lskhghrkypt5jc4aov3jhjdhf5p4egn8c6q9wd5gf": 0.24220065,
  "lskm7dquz6jepotwx4z4uyt2oswaaphdyz98nzy7c": 0.01339504,
  "lskxttp8vcvexx4h3wm5dkdguemha4zncz8p74j9q": 0.13395896,
  "lskhw729t89vkhuoe699462ejrpg5z5duxx8wrodn": 0.81716326,
  "lskmwegwjdhoo8two5yhubsro7zzo5ycx2fabqxcr": 0.24112811,
  "lskzeayrtw5basxrjad2trv6a9doftaw9j3wyqkqn": 0.33490265,
  "lskq7jrtxzjpsof24csvvhrc6f6hc84eqmj8w3euk": 0.80376585,
  "lsk5omwum4qt24du89cjprwkth9zxtau25rcakg5o": 3.12130229,
  "lsk58kg5pnauk9rakd2ht25avqv4a6dkzbs5ngbu2": 1.33961352,
  "lsk98hotayxrzbf8hhf85zd3jdb48v7cda668z7qz": 0.33490265,
  "lskxdbkaqmucdeh5gvwy4jeqmcwczqtm57jt8sg3q": 0.97791733,
  "lsku25nhr8g72hccqg5ovcqe7krtt8vudvnn2my6f": 1.47357447,
  "lsk278wvfc9w56ek4dcnahvvryug2ma7wp6k4ff78": 0.68320186,
  "lskb5mno76fheuvm53wj359kr5epz8eybhxophh8o": 0.172959,
  "lskp6q5zjvxeogmqnrv29s82h8cm5rr293njqjxdh": 0.78268018
}
