{
  "lskf859xyn687gd7rvecbbrq2u7srcvtztwa9yc56": 97.37416555,
  "lskztxrxns7vrc6ufkmvermu5vhv49cocufk8ehxr": 3.69480753,
  "lsk8aa5t5kfkm8bgug6btdut2ekry4paoeognz4cg": 2.16386944,
  "lskd2pzojbngse68vngezmp5wgvrf23yjqjtdot7j": 0.13524076,
  "lskwwqc6pneqwxxd329kycxp8s7mbvx7u2rk9kv72": 0.00540912,
  "lskeznp4yudpkavth98ebmzw6jz6pym5hzpqgj8tp": 0.00540912,
  "lsk4hc83tf7r9q4czg69dj4xo442fsmwte7qerx2d": 5.4096745,
  "lsk3fw4ttb62k46xkommswj9wbd78kmfzzp78mohg": 4.74428423,
  "lskscse9jsp62sg2yw37t8n65bxswfodkto7vyja4": 0.13938918,
  "lskhghrkypt5jc4aov3jhjdhf5p4egn8c6q9wd5gf": 0.50309868,
  "lskm7dquz6jepotwx4z4uyt2oswaaphdyz98nzy7c": 0.00540912,
  "lskxttp8vcvexx4h3wm5dkdguemha4zncz8p74j9q": 0.05409647,
  "lskhw729t89vkhuoe699462ejrpg5z5duxx8wrodn": 0.32998901,
  "lskmwegwjdhoo8two5yhubsro7zzo5ycx2fabqxcr": 0.09737262,
  "lskzeayrtw5basxrjad2trv6a9doftaw9j3wyqkqn": 0.13524076,
  "lskq7jrtxzjpsof24csvvhrc6f6hc84eqmj8w3euk": 0.32457979,
  "lsk5omwum4qt24du89cjprwkth9zxtau25rcakg5o": 1.26045356,
  "lsk58kg5pnauk9rakd2ht25avqv4a6dkzbs5ngbu2": 0.21638598,
  "lsk98hotayxrzbf8hhf85zd3jdb48v7cda668z7qz": 0.13524076,
  "lskxdbkaqmucdeh5gvwy4jeqmcwczqtm57jt8sg3q": 0.39490487,
  "lsku25nhr8g72hccqg5ovcqe7krtt8vudvnn2my6f": 0.59506329,
  "lsk278wvfc9w56ek4dcnahvvryug2ma7wp6k4ff78": 0.27589244
}
