{
  "lskf859xyn687gd7rvecbbrq2u7srcvtztwa9yc56": 141.37743867,
  "lskztxrxns7vrc6ufkmvermu5vhv49cocufk8ehxr": 5.36448651,
  "lsk8aa5t5kfkm8bgug6btdut2ekry4paoeognz4cg": 3.14171933,
  "lskd2pzojbngse68vngezmp5wgvrf23yjqjtdot7j": 0.19635561,
  "lskwwqc6pneqwxxd329kycxp8s7mbvx7u2rk9kv72": 0.00785275,
  "lskeznp4yudpkavth98ebmzw6jz6pym5hzpqgj8tp": 0.00785275,
  "lsk4hc83tf7r9q4czg69dj4xo442fsmwte7qerx2d": 7.85430172,
  "lsk3fw4ttb62k46xkommswj9wbd78kmfzzp78mohg": 6.75469754,
  "lskscse9jsp62sg2yw37t8n65bxswfodkto7vyja4": 0.12566734,
  "lskhghrkypt5jc4aov3jhjdhf5p4egn8c6q9wd5gf": 0.59294067,
  "lskm7dquz6jepotwx4z4uyt2oswaaphdyz98nzy7c": 0.00785275,
  "lskxttp8vcvexx4h3wm5dkdguemha4zncz8p74j9q": 0.07854071,
  "lskhw729t89vkhuoe699462ejrpg5z5duxx8wrodn": 0.47911156,
  "lskmwegwjdhoo8two5yhubsro7zzo5ycx2fabqxcr": 0.06283249,
  "lskzeayrtw5basxrjad2trv6a9doftaw9j3wyqkqn": 0.19635561,
  "lskq7jrtxzjpsof24csvvhrc6f6hc84eqmj8w3euk": 0.47125623,
  "lsk5omwum4qt24du89cjprwkth9zxtau25rcakg5o": 1.0827385,
  "lsk58kg5pnauk9rakd2ht25avqv4a6dkzbs5ngbu2": 0.19797225
}
