{
  "lskf859xyn687gd7rvecbbrq2u7srcvtztwa9yc56": 199.97976032,
  "lskztxrxns7vrc6ufkmvermu5vhv49cocufk8ehxr": 7.58811806,
  "lskwwqc6pneqwxxd329kycxp8s7mbvx7u2rk9kv72": 0.02221836,
  "lskeznp4yudpkavth98ebmzw6jz6pym5hzpqgj8tp": 0.01110694,
  "lsk3fw4ttb62k46xkommswj9wbd78kmfzzp78mohg": 9.89899458,
  "lskscse9jsp62sg2yw37t8n65bxswfodkto7vyja4": 0.5221654,
  "lskm7dquz6jepotwx4z4uyt2oswaaphdyz98nzy7c": 0.01110694,
  "lskxttp8vcvexx4h3wm5dkdguemha4zncz8p74j9q": 0.11109664,
  "lskhw729t89vkhuoe699462ejrpg5z5duxx8wrodn": 0.83324822,
  "lskmwegwjdhoo8two5yhubsro7zzo5ycx2fabqxcr": 0.19997764,
  "lskzeayrtw5basxrjad2trv6a9doftaw9j3wyqkqn": 0.27774746,
  "lsk98hotayxrzbf8hhf85zd3jdb48v7cda668z7qz": 0.27774746,
  "lskxdbkaqmucdeh5gvwy4jeqmcwczqtm57jt8sg3q": 0.8110251,
  "lsku25nhr8g72hccqg5ovcqe7krtt8vudvnn2my6f": 1.22209738,
  "lsk278wvfc9w56ek4dcnahvvryug2ma7wp6k4ff78": 0.01110694,
  "lskb5mno76fheuvm53wj359kr5epz8eybhxophh8o": 0.55549576,
  "lskp6q5zjvxeogmqnrv29s82h8cm5rr293njqjxdh": 0.99989636,
  "lskottbwnvryko94rwvvppapjtoa5fge3466kpjfr": 5.55499054,
  "lskv2fmavyujo4k4b829crkotvr2fhz2kn88qqp4m": 0.11109664,
  "lsk9vqoookbbjphmbs29kv6za5tf66udpx6cboanw": 0.55549576,
  "lskd7h7qgfzam3juqvfwnh98h26qmj99xdnts9dur": 0.2530347,
  "lsk62evnyy8uw2vrs67mah72879otfnhddbqdt9um": 11.10998532,
  "lsk945efxyh5sdjhcebwomjkachoweptmuw875sjp": 2.79971386,
  "lsk2j9dsvzgark9ypzw2tzcn2vuyppattq54r9oss": 2.31087528,
  "lskpbwgrq6pdop3sxkvr3v9757wekks2p8sbaw6dk": 0.0066,
  "lskumrdgca4a6p3ws2btjf6vyqwjmzctesghvcwen": 45.5509419,
  "lskc3du5erm5snzxcq5nnsm658qe5wk4y2wbz38qo": 2.42088862
}
