{
  "lskf859xyn687gd7rvecbbrq2u7srcvtztwa9yc56": 308.00296458,
  "lskztxrxns7vrc6ufkmvermu5vhv49cocufk8ehxr": 11.68700001,
  "lskwwqc6pneqwxxd329kycxp8s7mbvx7u2rk9kv72": 0.03422056,
  "lskeznp4yudpkavth98ebmzw6jz6pym5hzpqgj8tp": 0.01710843,
  "lsk3fw4ttb62k46xkommswj9wbd78kmfzzp78mohg": 15.24614502,
  "lskscse9jsp62sg2yw37t8n65bxswfodkto7vyja4": 0.85556221,
  "lskm7dquz6jepotwx4z4uyt2oswaaphdyz98nzy7c": 0.01710843,
  "lskxttp8vcvexx4h3wm5dkdguemha4zncz8p74j9q": 0.17111084,
  "lskhw729t89vkhuoe699462ejrpg5z5duxx8wrodn": 1.28334351,
  "lskmwegwjdhoo8two5yhubsro7zzo5ycx2fabqxcr": 0.30800111,
  "lsk98hotayxrzbf8hhf85zd3jdb48v7cda668z7qz": 0.42777925,
  "lskxdbkaqmucdeh5gvwy4jeqmcwczqtm57jt8sg3q": 1.24912066,
  "lsku25nhr8g72hccqg5ovcqe7krtt8vudvnn2my6f": 1.8822391,
  "lsk278wvfc9w56ek4dcnahvvryug2ma7wp6k4ff78": 0.01710843,
  "lskb5mno76fheuvm53wj359kr5epz8eybhxophh8o": 0.85556221,
  "lskp6q5zjvxeogmqnrv29s82h8cm5rr293njqjxdh": 1.19778772,
  "lskv2fmavyujo4k4b829crkotvr2fhz2kn88qqp4m": 0.17111084,
  "lsk9vqoookbbjphmbs29kv6za5tf66udpx6cboanw": 0.85556221,
  "lskd7h7qgfzam3juqvfwnh98h26qmj99xdnts9dur": 0.49622421,
  "lsk62evnyy8uw2vrs67mah72879otfnhddbqdt9um": 17.1112739,
  "lsk945efxyh5sdjhcebwomjkachoweptmuw875sjp": 4.31203955,
  "lskpbwgrq6pdop3sxkvr3v9757wekks2p8sbaw6dk": 0.0066,
  "lskumrdgca4a6p3ws2btjf6vyqwjmzctesghvcwen": 70.15622818,
  "lskc3du5erm5snzxcq5nnsm658qe5wk4y2wbz38qo": 6.96428736,
  "lsk9xn7w5wzhg85xgng875h8cpajmf8kn9hpmd8cm": 0.18106018
}
