{
  "lskf859xyn687gd7rvecbbrq2u7srcvtztwa9yc56": 59.68649445,
  "lskztxrxns7vrc6ufkmvermu5vhv49cocufk8ehxr": 2.2647702,
  "lskeznp4yudpkavth98ebmzw6jz6pym5hzpqgj8tp": 0.00331507,
  "lsk3fw4ttb62k46xkommswj9wbd78kmfzzp78mohg": 2.95448032,
  "lskscse9jsp62sg2yw37t8n65bxswfodkto7vyja4": 0.17242687,
  "lskm7dquz6jepotwx4z4uyt2oswaaphdyz98nzy7c": 0.00331507,
  "lskxttp8vcvexx4h3wm5dkdguemha4zncz8p74j9q": 0.0331584,
  "lskhw729t89vkhuoe699462ejrpg5z5duxx8wrodn": 0.24869295,
  "lskmwegwjdhoo8two5yhubsro7zzo5ycx2fabqxcr": 0.05968567,
  "lsk98hotayxrzbf8hhf85zd3jdb48v7cda668z7qz": 0.08289765,
  "lskxdbkaqmucdeh5gvwy4jeqmcwczqtm57jt8sg3q": 0.2420616,
  "lsku25nhr8g72hccqg5ovcqe7krtt8vudvnn2my6f": 0.36475065,
  "lsk278wvfc9w56ek4dcnahvvryug2ma7wp6k4ff78": 0.00331507,
  "lskb5mno76fheuvm53wj359kr5epz8eybhxophh8o": 0.1657953,
  "lskp6q5zjvxeogmqnrv29s82h8cm5rr293njqjxdh": 0.23211375,
  "lskv2fmavyujo4k4b829crkotvr2fhz2kn88qqp4m": 0.0331584,
  "lskd7h7qgfzam3juqvfwnh98h26qmj99xdnts9dur": 0.1293204,
  "lsk945efxyh5sdjhcebwomjkachoweptmuw875sjp": 0.83560972,
  "lskpbwgrq6pdop3sxkvr3v9757wekks2p8sbaw6dk": 0.0066,
  "lskumrdgca4a6p3ws2btjf6vyqwjmzctesghvcwen": 13.59525607,
  "lskc3du5erm5snzxcq5nnsm658qe5wk4y2wbz38qo": 1.3495779,
  "lsk9xn7w5wzhg85xgng875h8cpajmf8kn9hpmd8cm": 0.03978997
}
