{
  "lskf859xyn687gd7rvecbbrq2u7srcvtztwa9yc56": 199.27458896,
  "lskztxrxns7vrc6ufkmvermu5vhv49cocufk8ehxr": 7.56136129,
  "lsk8aa5t5kfkm8bgug6btdut2ekry4paoeognz4cg": 4.42832205,
  "lskwwqc6pneqwxxd329kycxp8s7mbvx7u2rk9kv72": 0.02213921,
  "lskeznp4yudpkavth98ebmzw6jz6pym5hzpqgj8tp": 0.0110678,
  "lsk4hc83tf7r9q4czg69dj4xo442fsmwte7qerx2d": 11.07080963,
  "lsk3fw4ttb62k46xkommswj9wbd78kmfzzp78mohg": 9.70909922,
  "lskscse9jsp62sg2yw37t8n65bxswfodkto7vyja4": 0.44282981,
  "lskm7dquz6jepotwx4z4uyt2oswaaphdyz98nzy7c": 0.0110678,
  "lskxttp8vcvexx4h3wm5dkdguemha4zncz8p74j9q": 0.11070703,
  "lskhw729t89vkhuoe699462ejrpg5z5duxx8wrodn": 0.83030854,
  "lskmwegwjdhoo8two5yhubsro7zzo5ycx2fabqxcr": 0.1992714,
  "lskzeayrtw5basxrjad2trv6a9doftaw9j3wyqkqn": 0.27676795,
  "lskq7jrtxzjpsof24csvvhrc6f6hc84eqmj8w3euk": 1.01402085,
  "lsk5omwum4qt24du89cjprwkth9zxtau25rcakg5o": 2.57949555,
  "lsk58kg5pnauk9rakd2ht25avqv4a6dkzbs5ngbu2": 1.10707731,
  "lsk98hotayxrzbf8hhf85zd3jdb48v7cda668z7qz": 0.27676795,
  "lskxdbkaqmucdeh5gvwy4jeqmcwczqtm57jt8sg3q": 0.80816572,
  "lsku25nhr8g72hccqg5ovcqe7krtt8vudvnn2my6f": 1.21778854,
  "lsk278wvfc9w56ek4dcnahvvryug2ma7wp6k4ff78": 0.56460825,
  "lskb5mno76fheuvm53wj359kr5epz8eybhxophh8o": 0.55353684,
  "lskp6q5zjvxeogmqnrv29s82h8cm5rr293njqjxdh": 0.99637014,
  "lskottbwnvryko94rwvvppapjtoa5fge3466kpjfr": 5.53540295,
  "lskwdowv62mv5v96zu9gwo6pw8akxs5a994zh57hg": 0.35426438,
  "lskv2fmavyujo4k4b829crkotvr2fhz2kn88qqp4m": 0.11070703,
  "lskxf4p79sfxy3uop2tx2rysstt8qewqecch5xwd8": 1.11814919,
  "lsk9vqoookbbjphmbs29kv6za5tf66udpx6cboanw": 0.55353684,
  "lskd7h7qgfzam3juqvfwnh98h26qmj99xdnts9dur": 0.2214142,
  "lsk62evnyy8uw2vrs67mah72879otfnhddbqdt9um": 11.07080963,
  "lsk945efxyh5sdjhcebwomjkachoweptmuw875sjp": 2.21413497,
  "lsk9ybjgepsn8c6jo5bdpeuvdqrvexo2zsx8z3hhy": 0.75533452
}
