{
  "lskf859xyn687gd7rvecbbrq2u7srcvtztwa9yc56": 24.88512972,
  "lskztxrxns7vrc6ufkmvermu5vhv49cocufk8ehxr": 0.94425215,
  "lsk3fw4ttb62k46xkommswj9wbd78kmfzzp78mohg": 1.2649938,
  "lskscse9jsp62sg2yw37t8n65bxswfodkto7vyja4": 0.12442511,
  "lskm7dquz6jepotwx4z4uyt2oswaaphdyz98nzy7c": 0.00138244,
  "lskxttp8vcvexx4h3wm5dkdguemha4zncz8p74j9q": 0.01520752,
  "lskmwegwjdhoo8two5yhubsro7zzo5ycx2fabqxcr": 0.02488467,
  "lsk98hotayxrzbf8hhf85zd3jdb48v7cda668z7qz": 0.03456236,
  "lskxdbkaqmucdeh5gvwy4jeqmcwczqtm57jt8sg3q": 0.10092288,
  "lsku25nhr8g72hccqg5ovcqe7krtt8vudvnn2my6f": 0.15207527,
  "lsk278wvfc9w56ek4dcnahvvryug2ma7wp6k4ff78": 0.00138244,
  "lskb5mno76fheuvm53wj359kr5epz8eybhxophh8o": 0.06912479,
  "lskp6q5zjvxeogmqnrv29s82h8cm5rr293njqjxdh": 0.09677495,
  "lskd7h7qgfzam3juqvfwnh98h26qmj99xdnts9dur": 0.07465516,
  "lskpbwgrq6pdop3sxkvr3v9757wekks2p8sbaw6dk": 0.0066,
  "lskumrdgca4a6p3ws2btjf6vyqwjmzctesghvcwen": 5.6682794,
  "lskc3du5erm5snzxcq5nnsm658qe5wk4y2wbz38qo": 0.54055995,
  "lskdm6dt4xmyvu6cnjoxk9ua5z26ssnamqz7ftqfo": 0.00138244
}
