{
  "lskf859xyn687gd7rvecbbrq2u7srcvtztwa9yc56": 421.48071108,
  "lskztxrxns7vrc6ufkmvermu5vhv49cocufk8ehxr": 15.99284835,
  "lsk8aa5t5kfkm8bgug6btdut2ekry4paoeognz4cg": 9.36623555,
  "lskd2pzojbngse68vngezmp5wgvrf23yjqjtdot7j": 0.28122448,
  "lskwwqc6pneqwxxd329kycxp8s7mbvx7u2rk9kv72": 0.04682999,
  "lskeznp4yudpkavth98ebmzw6jz6pym5hzpqgj8tp": 0.02341306,
  "lsk4hc83tf7r9q4czg69dj4xo442fsmwte7qerx2d": 23.41559239,
  "lsk3fw4ttb62k46xkommswj9wbd78kmfzzp78mohg": 20.53547637,
  "lskscse9jsp62sg2yw37t8n65bxswfodkto7vyja4": 0.79090267,
  "lskm7dquz6jepotwx4z4uyt2oswaaphdyz98nzy7c": 0.02341306,
  "lskxttp8vcvexx4h3wm5dkdguemha4zncz8p74j9q": 0.23415457,
  "lskhw729t89vkhuoe699462ejrpg5z5duxx8wrodn": 1.75616715,
  "lskmwegwjdhoo8two5yhubsro7zzo5ycx2fabqxcr": 0.42147851,
  "lskzeayrtw5basxrjad2trv6a9doftaw9j3wyqkqn": 0.58538811,
  "lskq7jrtxzjpsof24csvvhrc6f6hc84eqmj8w3euk": 1.40493374,
  "lsk5omwum4qt24du89cjprwkth9zxtau25rcakg5o": 5.45583005,
  "lsk58kg5pnauk9rakd2ht25avqv4a6dkzbs5ngbu2": 2.34155733,
  "lsk98hotayxrzbf8hhf85zd3jdb48v7cda668z7qz": 0.58538811,
  "lskxdbkaqmucdeh5gvwy4jeqmcwczqtm57jt8sg3q": 1.70933589,
  "lsku25nhr8g72hccqg5ovcqe7krtt8vudvnn2my6f": 2.57571297,
  "lsk278wvfc9w56ek4dcnahvvryug2ma7wp6k4ff78": 1.1941921,
  "lskb5mno76fheuvm53wj359kr5epz8eybhxophh8o": 1.17077797,
  "lskp6q5zjvxeogmqnrv29s82h8cm5rr293njqjxdh": 2.10740134,
  "lskottbwnvryko94rwvvppapjtoa5fge3466kpjfr": 11.70779507,
  "lskwdowv62mv5v96zu9gwo6pw8akxs5a994zh57hg": 0.74929794,
  "lskv2fmavyujo4k4b829crkotvr2fhz2kn88qqp4m": 0.13787969,
  "lskxf4p79sfxy3uop2tx2rysstt8qewqecch5xwd8": 2.35598723,
  "lsk9vqoookbbjphmbs29kv6za5tf66udpx6cboanw": 0.55291031
}
