{
  "lskf859xyn687gd7rvecbbrq2u7srcvtztwa9yc56": 215.86321159,
  "lskztxrxns7vrc6ufkmvermu5vhv49cocufk8ehxr": 8.19080703,
  "lsk8aa5t5kfkm8bgug6btdut2ekry4paoeognz4cg": 4.79695822,
  "lskwwqc6pneqwxxd329kycxp8s7mbvx7u2rk9kv72": 0.02398289,
  "lskeznp4yudpkavth98ebmzw6jz6pym5hzpqgj8tp": 0.01199041,
  "lsk4hc83tf7r9q4czg69dj4xo442fsmwte7qerx2d": 11.99239901,
  "lsk3fw4ttb62k46xkommswj9wbd78kmfzzp78mohg": 10.51733345,
  "lskscse9jsp62sg2yw37t8n65bxswfodkto7vyja4": 0.43518469,
  "lskm7dquz6jepotwx4z4uyt2oswaaphdyz98nzy7c": 0.01199041,
  "lskxttp8vcvexx4h3wm5dkdguemha4zncz8p74j9q": 0.11992259,
  "lskhw729t89vkhuoe699462ejrpg5z5duxx8wrodn": 0.89942761,
  "lskmwegwjdhoo8two5yhubsro7zzo5ycx2fabqxcr": 0.21586064,
  "lskzeayrtw5basxrjad2trv6a9doftaw9j3wyqkqn": 0.29980687,
  "lskq7jrtxzjpsof24csvvhrc6f6hc84eqmj8w3euk": 0.71954107,
  "lsk5omwum4qt24du89cjprwkth9zxtau25rcakg5o": 2.7942263,
  "lsk58kg5pnauk9rakd2ht25avqv4a6dkzbs5ngbu2": 1.19923726,
  "lsk98hotayxrzbf8hhf85zd3jdb48v7cda668z7qz": 0.29980687,
  "lskxdbkaqmucdeh5gvwy4jeqmcwczqtm57jt8sg3q": 0.87544163,
  "lsku25nhr8g72hccqg5ovcqe7krtt8vudvnn2my6f": 1.31916269,
  "lsk278wvfc9w56ek4dcnahvvryug2ma7wp6k4ff78": 0.61161007,
  "lskb5mno76fheuvm53wj359kr5epz8eybhxophh8o": 0.59961709,
  "lskp6q5zjvxeogmqnrv29s82h8cm5rr293njqjxdh": 1.07931396,
  "lskottbwnvryko94rwvvppapjtoa5fge3466kpjfr": 5.99619794,
  "lskwdowv62mv5v96zu9gwo6pw8akxs5a994zh57hg": 0.3837557,
  "lskv2fmavyujo4k4b829crkotvr2fhz2kn88qqp4m": 0.11992259,
  "lskxf4p79sfxy3uop2tx2rysstt8qewqecch5xwd8": 1.21122984,
  "lsk9vqoookbbjphmbs29kv6za5tf66udpx6cboanw": 0.59961709,
  "lskd7h7qgfzam3juqvfwnh98h26qmj99xdnts9dur": 0.05854028,
  "lsk62evnyy8uw2vrs67mah72879otfnhddbqdt9um": 0.25383925
}
