{
  "lskf859xyn687gd7rvecbbrq2u7srcvtztwa9yc56": 110.00569699,
  "lskztxrxns7vrc6ufkmvermu5vhv49cocufk8ehxr": 4.17410375,
  "lskwwqc6pneqwxxd329kycxp8s7mbvx7u2rk9kv72": 0.01222046,
  "lskeznp4yudpkavth98ebmzw6jz6pym5hzpqgj8tp": 0.00610888,
  "lsk3fw4ttb62k46xkommswj9wbd78kmfzzp78mohg": 5.44528076,
  "lskscse9jsp62sg2yw37t8n65bxswfodkto7vyja4": 0.29945958,
  "lskm7dquz6jepotwx4z4uyt2oswaaphdyz98nzy7c": 0.00610888,
  "lskxttp8vcvexx4h3wm5dkdguemha4zncz8p74j9q": 0.06111237,
  "lskhw729t89vkhuoe699462ejrpg5z5duxx8wrodn": 0.45835577,
  "lskmwegwjdhoo8two5yhubsro7zzo5ycx2fabqxcr": 0.11000392,
  "lsk98hotayxrzbf8hhf85zd3jdb48v7cda668z7qz": 0.15278454,
  "lskxdbkaqmucdeh5gvwy4jeqmcwczqtm57jt8sg3q": 0.44613283,
  "lsku25nhr8g72hccqg5ovcqe7krtt8vudvnn2my6f": 0.67225476,
  "lsk278wvfc9w56ek4dcnahvvryug2ma7wp6k4ff78": 0.00610888,
  "lskb5mno76fheuvm53wj359kr5epz8eybhxophh8o": 0.30557116,
  "lskp6q5zjvxeogmqnrv29s82h8cm5rr293njqjxdh": 0.42779838,
  "lskv2fmavyujo4k4b829crkotvr2fhz2kn88qqp4m": 0.06111237,
  "lsk9vqoookbbjphmbs29kv6za5tf66udpx6cboanw": 0.30557116,
  "lskd7h7qgfzam3juqvfwnh98h26qmj99xdnts9dur": 0.17723002,
  "lsk62evnyy8uw2vrs67mah72879otfnhddbqdt9um": 6.11142664,
  "lsk945efxyh5sdjhcebwomjkachoweptmuw875sjp": 1.54007953,
  "lsk2j9dsvzgark9ypzw2tzcn2vuyppattq54r9oss": 0.17124241,
  "lskpbwgrq6pdop3sxkvr3v9757wekks2p8sbaw6dk": 0.0066,
  "lskumrdgca4a6p3ws2btjf6vyqwjmzctesghvcwen": 25.05685255,
  "lskc3du5erm5snzxcq5nnsm658qe5wk4y2wbz38qo": 2.48734849
}
