{
  "lskf859xyn687gd7rvecbbrq2u7srcvtztwa9yc56": 241.05097171,
  "lskztxrxns7vrc6ufkmvermu5vhv49cocufk8ehxr": 9.04968872,
  "lsk8aa5t5kfkm8bgug6btdut2ekry4paoeognz4cg": 5.35668433,
  "lskd2pzojbngse68vngezmp5wgvrf23yjqjtdot7j": 0.33478876,
  "lskwwqc6pneqwxxd329kycxp8s7mbvx7u2rk9kv72": 0.01339093,
  "lskeznp4yudpkavth98ebmzw6jz6pym5hzpqgj8tp": 0.01339093,
  "lsk4hc83tf7r9q4czg69dj4xo442fsmwte7qerx2d": 10.04378658,
  "lsk3fw4ttb62k46xkommswj9wbd78kmfzzp78mohg": 11.51687654,
  "lskscse9jsp62sg2yw37t8n65bxswfodkto7vyja4": 0.17409002,
  "lskhghrkypt5jc4aov3jhjdhf5p4egn8c6q9wd5gf": 0.40174945,
  "lskm7dquz6jepotwx4z4uyt2oswaaphdyz98nzy7c": 0.01339093,
  "lskxttp8vcvexx4h3wm5dkdguemha4zncz8p74j9q": 0.13391616,
  "lskhw729t89vkhuoe699462ejrpg5z5duxx8wrodn": 0.81689404,
  "lskmwegwjdhoo8two5yhubsro7zzo5ycx2fabqxcr": 0.08034711
}
