{
  "lskf859xyn687gd7rvecbbrq2u7srcvtztwa9yc56": 67.3443936,
  "lskztxrxns7vrc6ufkmvermu5vhv49cocufk8ehxr": 2.55534473,
  "lskwwqc6pneqwxxd329kycxp8s7mbvx7u2rk9kv72": 0.00748242,
  "lskeznp4yudpkavth98ebmzw6jz6pym5hzpqgj8tp": 0.00374051,
  "lsk3fw4ttb62k46xkommswj9wbd78kmfzzp78mohg": 3.33354611,
  "lskscse9jsp62sg2yw37t8n65bxswfodkto7vyja4": 0.17584211,
  "lskm7dquz6jepotwx4z4uyt2oswaaphdyz98nzy7c": 0.00374051,
  "lskxttp8vcvexx4h3wm5dkdguemha4zncz8p74j9q": 0.03741239,
  "lskhw729t89vkhuoe699462ejrpg5z5duxx8wrodn": 0.28060164,
  "lskmwegwjdhoo8two5yhubsro7zzo5ycx2fabqxcr": 0.06734376,
  "lskzeayrtw5basxrjad2trv6a9doftaw9j3wyqkqn": 0.09353322,
  "lsk98hotayxrzbf8hhf85zd3jdb48v7cda668z7qz": 0.09353322,
  "lskxdbkaqmucdeh5gvwy4jeqmcwczqtm57jt8sg3q": 0.27311753,
  "lsku25nhr8g72hccqg5ovcqe7krtt8vudvnn2my6f": 0.41154894,
  "lsk278wvfc9w56ek4dcnahvvryug2ma7wp6k4ff78": 0.00374051,
  "lskb5mno76fheuvm53wj359kr5epz8eybhxophh8o": 0.18706673,
  "lskp6q5zjvxeogmqnrv29s82h8cm5rr293njqjxdh": 0.33672107,
  "lskottbwnvryko94rwvvppapjtoa5fge3466kpjfr": 1.87067657,
  "lskv2fmavyujo4k4b829crkotvr2fhz2kn88qqp4m": 0.03741239,
  "lsk9vqoookbbjphmbs29kv6za5tf66udpx6cboanw": 0.18706673,
  "lskd7h7qgfzam3juqvfwnh98h26qmj99xdnts9dur": 0.08979131,
  "lsk62evnyy8uw2vrs67mah72879otfnhddbqdt9um": 3.74135454,
  "lsk945efxyh5sdjhcebwomjkachoweptmuw875sjp": 0.94282056,
  "lsk2j9dsvzgark9ypzw2tzcn2vuyppattq54r9oss": 0.77820138,
  "lskpbwgrq6pdop3sxkvr3v9757wekks2p8sbaw6dk": 0.0066,
  "lskumrdgca4a6p3ws2btjf6vyqwjmzctesghvcwen": 15.33955529,
  "lskc3du5erm5snzxcq5nnsm658qe5wk4y2wbz38qo": 0.80439084
}
