{
  "lskf859xyn687gd7rvecbbrq2u7srcvtztwa9yc56": 66.07168524,
  "lskztxrxns7vrc6ufkmvermu5vhv49cocufk8ehxr": 2.50705205,
  "lsk8aa5t5kfkm8bgug6btdut2ekry4paoeognz4cg": 1.46825855,
  "lskd2pzojbngse68vngezmp5wgvrf23yjqjtdot7j": 0.09176498,
  "lskwwqc6pneqwxxd329kycxp8s7mbvx7u2rk9kv72": 0.00367047,
  "lskeznp4yudpkavth98ebmzw6jz6pym5hzpqgj8tp": 0.00367047,
  "lsk4hc83tf7r9q4czg69dj4xo442fsmwte7qerx2d": 2.75298578,
  "lsk3fw4ttb62k46xkommswj9wbd78kmfzzp78mohg": 3.15675737,
  "lskscse9jsp62sg2yw37t8n65bxswfodkto7vyja4": 0.04771781,
  "lskhghrkypt5jc4aov3jhjdhf5p4egn8c6q9wd5gf": 0.11011886,
  "lskm7dquz6jepotwx4z4uyt2oswaaphdyz98nzy7c": 0.00367047,
  "lskxttp8vcvexx4h3wm5dkdguemha4zncz8p74j9q": 0.03670623,
  "lskhw729t89vkhuoe699462ejrpg5z5duxx8wrodn": 0.22390938,
  "lskmwegwjdhoo8two5yhubsro7zzo5ycx2fabqxcr": 0.02202299
}
