{
  "lskf859xyn687gd7rvecbbrq2u7srcvtztwa9yc56": 211.82883141,
  "lskztxrxns7vrc6ufkmvermu5vhv49cocufk8ehxr": 8.03772638,
  "lsk3fw4ttb62k46xkommswj9wbd78kmfzzp78mohg": 10.48552281,
  "lskscse9jsp62sg2yw37t8n65bxswfodkto7vyja4": 0.64725175,
  "lskm7dquz6jepotwx4z4uyt2oswaaphdyz98nzy7c": 0.01176506,
  "lskxttp8vcvexx4h3wm5dkdguemha4zncz8p74j9q": 0.11767833,
  "lskhw729t89vkhuoe699462ejrpg5z5duxx8wrodn": 0.96499437,
  "lskmwegwjdhoo8two5yhubsro7zzo5ycx2fabqxcr": 0.21182587,
  "lsk98hotayxrzbf8hhf85zd3jdb48v7cda668z7qz": 0.29420556,
  "lskxdbkaqmucdeh5gvwy4jeqmcwczqtm57jt8sg3q": 0.8590811,
  "lsku25nhr8g72hccqg5ovcqe7krtt8vudvnn2my6f": 1.29450698,
  "lsk278wvfc9w56ek4dcnahvvryug2ma7wp6k4ff78": 0.01176506,
  "lskb5mno76fheuvm53wj359kr5epz8eybhxophh8o": 0.58841126,
  "lskp6q5zjvxeogmqnrv29s82h8cm5rr293njqjxdh": 0.82377405,
  "lskv2fmavyujo4k4b829crkotvr2fhz2kn88qqp4m": 0.11767833,
  "lskd7h7qgfzam3juqvfwnh98h26qmj99xdnts9dur": 0.45895879,
  "lsk945efxyh5sdjhcebwomjkachoweptmuw875sjp": 2.96560214,
  "lskpbwgrq6pdop3sxkvr3v9757wekks2p8sbaw6dk": 0.0066,
  "lskumrdgca4a6p3ws2btjf6vyqwjmzctesghvcwen": 48.24989877,
  "lskc3du5erm5snzxcq5nnsm658qe5wk4y2wbz38qo": 4.60139025,
  "lsk9xn7w5wzhg85xgng875h8cpajmf8kn9hpmd8cm": 0.23536173,
  "lskdm6dt4xmyvu6cnjoxk9ua5z26ssnamqz7ftqfo": 0.01176506,
  "lskj7nfmsfo5r9ytwxfubxqsudmcm5e7qz5ycet66": 1.18193894
}
