{
  "lskf859xyn687gd7rvecbbrq2u7srcvtztwa9yc56": 146.21848543,
  "lskztxrxns7vrc6ufkmvermu5vhv49cocufk8ehxr": 5.54817792,
  "lsk8aa5t5kfkm8bgug6btdut2ekry4paoeognz4cg": 3.24929743,
  "lskd2pzojbngse68vngezmp5wgvrf23yjqjtdot7j": 0.20307943,
  "lskwwqc6pneqwxxd329kycxp8s7mbvx7u2rk9kv72": 0.00812232,
  "lskeznp4yudpkavth98ebmzw6jz6pym5hzpqgj8tp": 0.00812232,
  "lsk4hc83tf7r9q4czg69dj4xo442fsmwte7qerx2d": 8.12324916,
  "lsk3fw4ttb62k46xkommswj9wbd78kmfzzp78mohg": 6.98599267,
  "lskscse9jsp62sg2yw37t8n65bxswfodkto7vyja4": 0.15434148,
  "lskhghrkypt5jc4aov3jhjdhf5p4egn8c6q9wd5gf": 0.61736592,
  "lskm7dquz6jepotwx4z4uyt2oswaaphdyz98nzy7c": 0.00812232,
  "lskxttp8vcvexx4h3wm5dkdguemha4zncz8p74j9q": 0.08123071,
  "lskhw729t89vkhuoe699462ejrpg5z5duxx8wrodn": 0.4955172,
  "lskmwegwjdhoo8two5yhubsro7zzo5ycx2fabqxcr": 0.06498552,
  "lskzeayrtw5basxrjad2trv6a9doftaw9j3wyqkqn": 0.20307943,
  "lskq7jrtxzjpsof24csvvhrc6f6hc84eqmj8w3euk": 0.48739488,
  "lsk5omwum4qt24du89cjprwkth9zxtau25rcakg5o": 1.2184872,
  "lsk58kg5pnauk9rakd2ht25avqv4a6dkzbs5ngbu2": 0.32492815
}
