{
  "lskf859xyn687gd7rvecbbrq2u7srcvtztwa9yc56": 75.92815297,
  "lskztxrxns7vrc6ufkmvermu5vhv49cocufk8ehxr": 2.88105037,
  "lskeznp4yudpkavth98ebmzw6jz6pym5hzpqgj8tp": 0.00421707,
  "lsk3fw4ttb62k46xkommswj9wbd78kmfzzp78mohg": 3.75844257,
  "lskscse9jsp62sg2yw37t8n65bxswfodkto7vyja4": 0.2193475,
  "lskm7dquz6jepotwx4z4uyt2oswaaphdyz98nzy7c": 0.00421707,
  "lskxttp8vcvexx4h3wm5dkdguemha4zncz8p74j9q": 0.04218097,
  "lskhw729t89vkhuoe699462ejrpg5z5duxx8wrodn": 0.34589407,
  "lskmwegwjdhoo8two5yhubsro7zzo5ycx2fabqxcr": 0.0759277,
  "lsk98hotayxrzbf8hhf85zd3jdb48v7cda668z7qz": 0.10545407,
  "lskxdbkaqmucdeh5gvwy4jeqmcwczqtm57jt8sg3q": 0.3079299,
  "lsku25nhr8g72hccqg5ovcqe7krtt8vudvnn2my6f": 0.46400457,
  "lsk278wvfc9w56ek4dcnahvvryug2ma7wp6k4ff78": 0.00421707,
  "lskb5mno76fheuvm53wj359kr5epz8eybhxophh8o": 0.21090997,
  "lskp6q5zjvxeogmqnrv29s82h8cm5rr293njqjxdh": 0.2952753,
  "lskv2fmavyujo4k4b829crkotvr2fhz2kn88qqp4m": 0.04218097,
  "lskd7h7qgfzam3juqvfwnh98h26qmj99xdnts9dur": 0.1645101,
  "lsk945efxyh5sdjhcebwomjkachoweptmuw875sjp": 1.06299297,
  "lskpbwgrq6pdop3sxkvr3v9757wekks2p8sbaw6dk": 0.0066,
  "lskumrdgca4a6p3ws2btjf6vyqwjmzctesghvcwen": 17.29474507,
  "lskc3du5erm5snzxcq5nnsm658qe5wk4y2wbz38qo": 1.71681867,
  "lsk9xn7w5wzhg85xgng875h8cpajmf8kn9hpmd8cm": 0.06749027,
  "lskdm6dt4xmyvu6cnjoxk9ua5z26ssnamqz7ftqfo": 0.00401627
}
