{
  "lskf859xyn687gd7rvecbbrq2u7srcvtztwa9yc56": 70.86628578,
  "lskztxrxns7vrc6ufkmvermu5vhv49cocufk8ehxr": 2.6889807,
  "lskeznp4yudpkavth98ebmzw6jz6pym5hzpqgj8tp": 0.00393592,
  "lsk3fw4ttb62k46xkommswj9wbd78kmfzzp78mohg": 3.5078802,
  "lskscse9jsp62sg2yw37t8n65bxswfodkto7vyja4": 0.20472436,
  "lskm7dquz6jepotwx4z4uyt2oswaaphdyz98nzy7c": 0.00393592,
  "lskxttp8vcvexx4h3wm5dkdguemha4zncz8p74j9q": 0.0393689,
  "lskhw729t89vkhuoe699462ejrpg5z5duxx8wrodn": 0.3228345,
  "lskmwegwjdhoo8two5yhubsro7zzo5ycx2fabqxcr": 0.07086586,
  "lsk98hotayxrzbf8hhf85zd3jdb48v7cda668z7qz": 0.0984238,
  "lskxdbkaqmucdeh5gvwy4jeqmcwczqtm57jt8sg3q": 0.28740128,
  "lsku25nhr8g72hccqg5ovcqe7krtt8vudvnn2my6f": 0.43307098,
  "lsk278wvfc9w56ek4dcnahvvryug2ma7wp6k4ff78": 0.00393592,
  "lskb5mno76fheuvm53wj359kr5epz8eybhxophh8o": 0.19684932,
  "lskp6q5zjvxeogmqnrv29s82h8cm5rr293njqjxdh": 0.27559032,
  "lskv2fmavyujo4k4b829crkotvr2fhz2kn88qqp4m": 0.0393689,
  "lskd7h7qgfzam3juqvfwnh98h26qmj99xdnts9dur": 0.15354278,
  "lsk945efxyh5sdjhcebwomjkachoweptmuw875sjp": 0.9921269,
  "lskpbwgrq6pdop3sxkvr3v9757wekks2p8sbaw6dk": 0.0066,
  "lskumrdgca4a6p3ws2btjf6vyqwjmzctesghvcwen": 16.14176426,
  "lskc3du5erm5snzxcq5nnsm658qe5wk4y2wbz38qo": 1.6023643,
  "lsk9xn7w5wzhg85xgng875h8cpajmf8kn9hpmd8cm": 0.06299092,
  "lskdm6dt4xmyvu6cnjoxk9ua5z26ssnamqz7ftqfo": 0.00373512
}
