{
  "lskf859xyn687gd7rvecbbrq2u7srcvtztwa9yc56": 232.78401257,
  "lskztxrxns7vrc6ufkmvermu5vhv49cocufk8ehxr": 8.83285835,
  "lsk8aa5t5kfkm8bgug6btdut2ekry4paoeognz4cg": 5.17297691,
  "lskd2pzojbngse68vngezmp5wgvrf23yjqjtdot7j": 0.28122448,
  "lskwwqc6pneqwxxd329kycxp8s7mbvx7u2rk9kv72": 0.02586422,
  "lskeznp4yudpkavth98ebmzw6jz6pym5hzpqgj8tp": 0.01293105,
  "lsk4hc83tf7r9q4czg69dj4xo442fsmwte7qerx2d": 12.93244309,
  "lsk3fw4ttb62k46xkommswj9wbd78kmfzzp78mohg": 11.34175398,
  "lskscse9jsp62sg2yw37t8n65bxswfodkto7vyja4": 0.43447648,
  "lskm7dquz6jepotwx4z4uyt2oswaaphdyz98nzy7c": 0.01293105,
  "lskxttp8vcvexx4h3wm5dkdguemha4zncz8p74j9q": 0.12932335,
  "lskhw729t89vkhuoe699462ejrpg5z5duxx8wrodn": 0.96993206,
  "lskmwegwjdhoo8two5yhubsro7zzo5ycx2fabqxcr": 0.23278322,
  "lskzeayrtw5basxrjad2trv6a9doftaw9j3wyqkqn": 0.32330993,
  "lskq7jrtxzjpsof24csvvhrc6f6hc84eqmj8w3euk": 0.77594548,
  "lsk5omwum4qt24du89cjprwkth9zxtau25rcakg5o": 3.01325779,
  "lsk58kg5pnauk9rakd2ht25avqv4a6dkzbs5ngbu2": 1.29324338,
  "lsk98hotayxrzbf8hhf85zd3jdb48v7cda668z7qz": 0.32330993,
  "lskxdbkaqmucdeh5gvwy4jeqmcwczqtm57jt8sg3q": 0.94406657,
  "lsku25nhr8g72hccqg5ovcqe7krtt8vudvnn2my6f": 1.4225678,
  "lsk278wvfc9w56ek4dcnahvvryug2ma7wp6k4ff78": 0.65955318,
  "lskb5mno76fheuvm53wj359kr5epz8eybhxophh8o": 0.64662106,
  "lskp6q5zjvxeogmqnrv29s82h8cm5rr293njqjxdh": 1.16391874,
  "lskottbwnvryko94rwvvppapjtoa5fge3466kpjfr": 6.46622042,
  "lskwdowv62mv5v96zu9gwo6pw8akxs5a994zh57hg": 0.4138377,
  "lskv2fmavyujo4k4b829crkotvr2fhz2kn88qqp4m": 0.06755255,
  "lskxf4p79sfxy3uop2tx2rysstt8qewqecch5xwd8": 1.29718934,
  "lsk9vqoookbbjphmbs29kv6za5tf66udpx6cboanw": 0.0287534
}
