{
  "lskf859xyn687gd7rvecbbrq2u7srcvtztwa9yc56": 47.65818609,
  "lskztxrxns7vrc6ufkmvermu5vhv49cocufk8ehxr": 1.80836277,
  "lsk8aa5t5kfkm8bgug6btdut2ekry4paoeognz4cg": 1.05907036,
  "lskd2pzojbngse68vngezmp5wgvrf23yjqjtdot7j": 0.0661915,
  "lskwwqc6pneqwxxd329kycxp8s7mbvx7u2rk9kv72": 0.0026472,
  "lskeznp4yudpkavth98ebmzw6jz6pym5hzpqgj8tp": 0.0026472,
  "lsk4hc83tf7r9q4czg69dj4xo442fsmwte7qerx2d": 2.64767662,
  "lsk3fw4ttb62k46xkommswj9wbd78kmfzzp78mohg": 2.27700147,
  "lskscse9jsp62sg2yw37t8n65bxswfodkto7vyja4": 0.04236217,
  "lskhghrkypt5jc4aov3jhjdhf5p4egn8c6q9wd5gf": 0.19723748,
  "lskm7dquz6jepotwx4z4uyt2oswaaphdyz98nzy7c": 0.0026472,
  "lskxttp8vcvexx4h3wm5dkdguemha4zncz8p74j9q": 0.02647622,
  "lskhw729t89vkhuoe699462ejrpg5z5duxx8wrodn": 0.16150799,
  "lskmwegwjdhoo8two5yhubsro7zzo5ycx2fabqxcr": 0.02118086,
  "lskzeayrtw5basxrjad2trv6a9doftaw9j3wyqkqn": 0.0661915,
  "lskq7jrtxzjpsof24csvvhrc6f6hc84eqmj8w3euk": 0.15885987,
  "lsk5omwum4qt24du89cjprwkth9zxtau25rcakg5o": 0.30174498
}
