{
  "lskf859xyn687gd7rvecbbrq2u7srcvtztwa9yc56": 394.83639626,
  "lskztxrxns7vrc6ufkmvermu5vhv49cocufk8ehxr": 14.98184584,
  "lskwwqc6pneqwxxd329kycxp8s7mbvx7u2rk9kv72": 0.04386818,
  "lskeznp4yudpkavth98ebmzw6jz6pym5hzpqgj8tp": 0.02193179,
  "lsk3fw4ttb62k46xkommswj9wbd78kmfzzp78mohg": 19.5443997,
  "lskscse9jsp62sg2yw37t8n65bxswfodkto7vyja4": 1.09676564,
  "lskm7dquz6jepotwx4z4uyt2oswaaphdyz98nzy7c": 0.02193179,
  "lskxttp8vcvexx4h3wm5dkdguemha4zncz8p74j9q": 0.21935138,
  "lskhw729t89vkhuoe699462ejrpg5z5duxx8wrodn": 1.64514857,
  "lskmwegwjdhoo8two5yhubsro7zzo5ycx2fabqxcr": 0.39483393,
  "lsk98hotayxrzbf8hhf85zd3jdb48v7cda668z7qz": 0.54838074,
  "lskxdbkaqmucdeh5gvwy4jeqmcwczqtm57jt8sg3q": 1.60127796,
  "lsku25nhr8g72hccqg5ovcqe7krtt8vudvnn2my6f": 2.41288741,
  "lsk278wvfc9w56ek4dcnahvvryug2ma7wp6k4ff78": 0.02193179,
  "lskb5mno76fheuvm53wj359kr5epz8eybhxophh8o": 1.09676564,
  "lskp6q5zjvxeogmqnrv29s82h8cm5rr293njqjxdh": 1.5354725,
  "lskv2fmavyujo4k4b829crkotvr2fhz2kn88qqp4m": 0.21935138,
  "lsk9vqoookbbjphmbs29kv6za5tf66udpx6cboanw": 1.09676564,
  "lskd7h7qgfzam3juqvfwnh98h26qmj99xdnts9dur": 0.63612196,
  "lsk62evnyy8uw2vrs67mah72879otfnhddbqdt9um": 21.93535277,
  "lsk945efxyh5sdjhcebwomjkachoweptmuw875sjp": 5.52770711,
  "lskpbwgrq6pdop3sxkvr3v9757wekks2p8sbaw6dk": 0.0066,
  "lskumrdgca4a6p3ws2btjf6vyqwjmzctesghvcwen": 89.93495369,
  "lskc3du5erm5snzxcq5nnsm658qe5wk4y2wbz38qo": 8.92768736,
  "lsk9xn7w5wzhg85xgng875h8cpajmf8kn9hpmd8cm": 0.19880666
}
