{
  "lskf859xyn687gd7rvecbbrq2u7srcvtztwa9yc56": 201.95289872,
  "lskztxrxns7vrc6ufkmvermu5vhv49cocufk8ehxr": 7.66298792,
  "lskwwqc6pneqwxxd329kycxp8s7mbvx7u2rk9kv72": 0.02243794,
  "lskeznp4yudpkavth98ebmzw6jz6pym5hzpqgj8tp": 0.01121674,
  "lsk3fw4ttb62k46xkommswj9wbd78kmfzzp78mohg": 9.99666776,
  "lskscse9jsp62sg2yw37t8n65bxswfodkto7vyja4": 0.5497566,
  "lskm7dquz6jepotwx4z4uyt2oswaaphdyz98nzy7c": 0.01121674,
  "lskxttp8vcvexx4h3wm5dkdguemha4zncz8p74j9q": 0.11219556,
  "lskhw729t89vkhuoe699462ejrpg5z5duxx8wrodn": 0.8414674,
  "lskmwegwjdhoo8two5yhubsro7zzo5ycx2fabqxcr": 0.20194802,
  "lsk98hotayxrzbf8hhf85zd3jdb48v7cda668z7qz": 0.2804889,
  "lskxdbkaqmucdeh5gvwy4jeqmcwczqtm57jt8sg3q": 0.81902876,
  "lsku25nhr8g72hccqg5ovcqe7krtt8vudvnn2my6f": 1.23415186,
  "lsk278wvfc9w56ek4dcnahvvryug2ma7wp6k4ff78": 0.01121674,
  "lskb5mno76fheuvm53wj359kr5epz8eybhxophh8o": 0.5609778,
  "lskp6q5zjvxeogmqnrv29s82h8cm5rr293njqjxdh": 0.78536962,
  "lskv2fmavyujo4k4b829crkotvr2fhz2kn88qqp4m": 0.11219556,
  "lsk9vqoookbbjphmbs29kv6za5tf66udpx6cboanw": 0.5609778,
  "lskd7h7qgfzam3juqvfwnh98h26qmj99xdnts9dur": 0.32536548,
  "lsk62evnyy8uw2vrs67mah72879otfnhddbqdt9um": 11.21960288,
  "lsk945efxyh5sdjhcebwomjkachoweptmuw875sjp": 2.82733866,
  "lsk2j9dsvzgark9ypzw2tzcn2vuyppattq54r9oss": 2.33367538,
  "lskpbwgrq6pdop3sxkvr3v9757wekks2p8sbaw6dk": 0.0066,
  "lskumrdgca4a6p3ws2btjf6vyqwjmzctesghvcwen": 46.00037954,
  "lskc3du5erm5snzxcq5nnsm658qe5wk4y2wbz38qo": 4.5663764
}
