{
  "lskf859xyn687gd7rvecbbrq2u7srcvtztwa9yc56": 287.86485273,
  "lskztxrxns7vrc6ufkmvermu5vhv49cocufk8ehxr": 10.9228706,
  "lskwwqc6pneqwxxd329kycxp8s7mbvx7u2rk9kv72": 0.03198319,
  "lskeznp4yudpkavth98ebmzw6jz6pym5hzpqgj8tp": 0.01598988,
  "lsk3fw4ttb62k46xkommswj9wbd78kmfzzp78mohg": 14.24930859,
  "lskscse9jsp62sg2yw37t8n65bxswfodkto7vyja4": 0.79962322,
  "lskm7dquz6jepotwx4z4uyt2oswaaphdyz98nzy7c": 0.01598988,
  "lskxttp8vcvexx4h3wm5dkdguemha4zncz8p74j9q": 0.1599232,
  "lskhw729t89vkhuoe699462ejrpg5z5duxx8wrodn": 1.19943489,
  "lskmwegwjdhoo8two5yhubsro7zzo5ycx2fabqxcr": 0.2878632,
  "lsk98hotayxrzbf8hhf85zd3jdb48v7cda668z7qz": 0.39980989,
  "lskxdbkaqmucdeh5gvwy4jeqmcwczqtm57jt8sg3q": 1.16744968,
  "lsku25nhr8g72hccqg5ovcqe7krtt8vudvnn2my6f": 1.75917296,
  "lsk278wvfc9w56ek4dcnahvvryug2ma7wp6k4ff78": 0.01598988,
  "lskb5mno76fheuvm53wj359kr5epz8eybhxophh8o": 0.79962322,
  "lskp6q5zjvxeogmqnrv29s82h8cm5rr293njqjxdh": 1.11947293,
  "lskv2fmavyujo4k4b829crkotvr2fhz2kn88qqp4m": 0.1599232,
  "lsk9vqoookbbjphmbs29kv6za5tf66udpx6cboanw": 0.79962322,
  "lskd7h7qgfzam3juqvfwnh98h26qmj99xdnts9dur": 0.46377959,
  "lsk62evnyy8uw2vrs67mah72879otfnhddbqdt9um": 15.99249013,
  "lsk945efxyh5sdjhcebwomjkachoweptmuw875sjp": 4.03010617,
  "lskpbwgrq6pdop3sxkvr3v9757wekks2p8sbaw6dk": 0.0066,
  "lskumrdgca4a6p3ws2btjf6vyqwjmzctesghvcwen": 65.56921406,
  "lskc3du5erm5snzxcq5nnsm658qe5wk4y2wbz38qo": 6.50894241,
  "lsk9xn7w5wzhg85xgng875h8cpajmf8kn9hpmd8cm": 0.1665161
}
