{
  "lskf859xyn687gd7rvecbbrq2u7srcvtztwa9yc56": 163.15904543,
  "lskztxrxns7vrc6ufkmvermu5vhv49cocufk8ehxr": 6.19097624,
  "lsk8aa5t5kfkm8bgug6btdut2ekry4paoeognz4cg": 3.62575494,
  "lskd2pzojbngse68vngezmp5wgvrf23yjqjtdot7j": 0.22660824,
  "lskwwqc6pneqwxxd329kycxp8s7mbvx7u2rk9kv72": 0.00906156,
  "lskeznp4yudpkavth98ebmzw6jz6pym5hzpqgj8tp": 0.00906156,
  "lsk4hc83tf7r9q4czg69dj4xo442fsmwte7qerx2d": 9.06438981,
  "lsk3fw4ttb62k46xkommswj9wbd78kmfzzp78mohg": 7.79537517,
  "lskscse9jsp62sg2yw37t8n65bxswfodkto7vyja4": 0.18128726,
  "lskhghrkypt5jc4aov3jhjdhf5p4egn8c6q9wd5gf": 0.76140572,
  "lskm7dquz6jepotwx4z4uyt2oswaaphdyz98nzy7c": 0.00906156,
  "lskxttp8vcvexx4h3wm5dkdguemha4zncz8p74j9q": 0.09064211,
  "lskhw729t89vkhuoe699462ejrpg5z5duxx8wrodn": 0.55292684,
  "lskmwegwjdhoo8two5yhubsro7zzo5ycx2fabqxcr": 0.07251233,
  "lskzeayrtw5basxrjad2trv6a9doftaw9j3wyqkqn": 0.22660824,
  "lskq7jrtxzjpsof24csvvhrc6f6hc84eqmj8w3euk": 0.54386207,
  "lsk5omwum4qt24du89cjprwkth9zxtau25rcakg5o": 1.359657,
  "lsk58kg5pnauk9rakd2ht25avqv4a6dkzbs5ngbu2": 0.36257454,
  "lsk98hotayxrzbf8hhf85zd3jdb48v7cda668z7qz": 0.22660824,
  "lskxdbkaqmucdeh5gvwy4jeqmcwczqtm57jt8sg3q": 0.612361,
  "lsku25nhr8g72hccqg5ovcqe7krtt8vudvnn2my6f": 0.92018228
}
