{
  "lskf859xyn687gd7rvecbbrq2u7srcvtztwa9yc56": 184.28603096,
  "lskztxrxns7vrc6ufkmvermu5vhv49cocufk8ehxr": 6.99262988,
  "lskwwqc6pneqwxxd329kycxp8s7mbvx7u2rk9kv72": 0.02047448,
  "lskeznp4yudpkavth98ebmzw6jz6pym5hzpqgj8tp": 0.01023573,
  "lsk3fw4ttb62k46xkommswj9wbd78kmfzzp78mohg": 9.12215594,
  "lskscse9jsp62sg2yw37t8n65bxswfodkto7vyja4": 0.49358211,
  "lskm7dquz6jepotwx4z4uyt2oswaaphdyz98nzy7c": 0.01023573,
  "lskxttp8vcvexx4h3wm5dkdguemha4zncz8p74j9q": 0.10237797,
  "lskhw729t89vkhuoe699462ejrpg5z5duxx8wrodn": 0.76785671,
  "lskmwegwjdhoo8two5yhubsro7zzo5ycx2fabqxcr": 0.18428366,
  "lsk98hotayxrzbf8hhf85zd3jdb48v7cda668z7qz": 0.25595141,
  "lskxdbkaqmucdeh5gvwy4jeqmcwczqtm57jt8sg3q": 0.74737996,
  "lsku25nhr8g72hccqg5ovcqe7krtt8vudvnn2my6f": 1.12618857,
  "lsk278wvfc9w56ek4dcnahvvryug2ma7wp6k4ff78": 0.01023573,
  "lskb5mno76fheuvm53wj359kr5epz8eybhxophh8o": 0.51190526,
  "lskp6q5zjvxeogmqnrv29s82h8cm5rr293njqjxdh": 0.92142826,
  "lskottbwnvryko94rwvvppapjtoa5fge3466kpjfr": 5.09626603,
  "lskv2fmavyujo4k4b829crkotvr2fhz2kn88qqp4m": 0.10237797,
  "lsk9vqoookbbjphmbs29kv6za5tf66udpx6cboanw": 0.51190526,
  "lskd7h7qgfzam3juqvfwnh98h26qmj99xdnts9dur": 0.24571097,
  "lsk62evnyy8uw2vrs67mah72879otfnhddbqdt9um": 10.23811043,
  "lsk945efxyh5sdjhcebwomjkachoweptmuw875sjp": 2.58000181,
  "lsk2j9dsvzgark9ypzw2tzcn2vuyppattq54r9oss": 2.12952317,
  "lskpbwgrq6pdop3sxkvr3v9757wekks2p8sbaw6dk": 0.0066,
  "lskumrdgca4a6p3ws2btjf6vyqwjmzctesghvcwen": 41.97626039,
  "lskc3du5erm5snzxcq5nnsm658qe5wk4y2wbz38qo": 3.55683193
}
