{
  "lskf859xyn687gd7rvecbbrq2u7srcvtztwa9yc56": 221.6347646,
  "lskztxrxns7vrc6ufkmvermu5vhv49cocufk8ehxr": 8.40980641,
  "lsk8aa5t5kfkm8bgug6btdut2ekry4paoeognz4cg": 4.92521592,
  "lskd2pzojbngse68vngezmp5wgvrf23yjqjtdot7j": 0.28122448,
  "lskwwqc6pneqwxxd329kycxp8s7mbvx7u2rk9kv72": 0.02462545,
  "lskeznp4yudpkavth98ebmzw6jz6pym5hzpqgj8tp": 0.01231171,
  "lsk4hc83tf7r9q4czg69dj4xo442fsmwte7qerx2d": 12.31304047,
  "lsk3fw4ttb62k46xkommswj9wbd78kmfzzp78mohg": 10.79853785,
  "lskscse9jsp62sg2yw37t8n65bxswfodkto7vyja4": 0.41341685,
  "lskm7dquz6jepotwx4z4uyt2oswaaphdyz98nzy7c": 0.01231171,
  "lskxttp8vcvexx4h3wm5dkdguemha4zncz8p74j9q": 0.12312933,
  "lskhw729t89vkhuoe699462ejrpg5z5duxx8wrodn": 0.92347691,
  "lskmwegwjdhoo8two5yhubsro7zzo5ycx2fabqxcr": 0.22163407,
  "lskzeayrtw5basxrjad2trv6a9doftaw9j3wyqkqn": 0.30782488,
  "lskq7jrtxzjpsof24csvvhrc6f6hc84eqmj8w3euk": 0.73878136,
  "lsk5omwum4qt24du89cjprwkth9zxtau25rcakg5o": 2.86893706,
  "lsk58kg5pnauk9rakd2ht25avqv4a6dkzbs5ngbu2": 1.23130317,
  "lsk98hotayxrzbf8hhf85zd3jdb48v7cda668z7qz": 0.30782488,
  "lskxdbkaqmucdeh5gvwy4jeqmcwczqtm57jt8sg3q": 0.8988502,
  "lsku25nhr8g72hccqg5ovcqe7krtt8vudvnn2my6f": 1.35443357,
  "lsk278wvfc9w56ek4dcnahvvryug2ma7wp6k4ff78": 0.62796374,
  "lskb5mno76fheuvm53wj359kr5epz8eybhxophh8o": 0.61565096,
  "lskp6q5zjvxeogmqnrv29s82h8cm5rr293njqjxdh": 1.10817256,
  "lskottbwnvryko94rwvvppapjtoa5fge3466kpjfr": 6.15651911,
  "lskwdowv62mv5v96zu9gwo6pw8akxs5a994zh57hg": 0.39401686,
  "lskv2fmavyujo4k4b829crkotvr2fhz2kn88qqp4m": 0.06445554,
  "lskxf4p79sfxy3uop2tx2rysstt8qewqecch5xwd8": 1.23462968
}
