{
  "lskf859xyn687gd7rvecbbrq2u7srcvtztwa9yc56": 5.09530093,
  "lskztxrxns7vrc6ufkmvermu5vhv49cocufk8ehxr": 0.19333836,
  "lsk8aa5t5kfkm8bgug6btdut2ekry4paoeognz4cg": 0.11322888,
  "lskd2pzojbngse68vngezmp5wgvrf23yjqjtdot7j": 0.00707676,
  "lskwwqc6pneqwxxd329kycxp8s7mbvx7u2rk9kv72": 0.00028297,
  "lskeznp4yudpkavth98ebmzw6jz6pym5hzpqgj8tp": 0.00028297,
  "lsk4hc83tf7r9q4czg69dj4xo442fsmwte7qerx2d": 0.28307221,
  "lsk3fw4ttb62k46xkommswj9wbd78kmfzzp78mohg": 0.24344209,
  "lskscse9jsp62sg2yw37t8n65bxswfodkto7vyja4": 0.003963,
  "lskhghrkypt5jc4aov3jhjdhf5p4egn8c6q9wd5gf": 0.01330429,
  "lskm7dquz6jepotwx4z4uyt2oswaaphdyz98nzy7c": 0.00028297,
  "lskxttp8vcvexx4h3wm5dkdguemha4zncz8p74j9q": 0.00283068,
  "lskhw729t89vkhuoe699462ejrpg5z5duxx8wrodn": 0.0172674,
  "lskmwegwjdhoo8two5yhubsro7zzo5ycx2fabqxcr": 0.00226452,
  "lskzeayrtw5basxrjad2trv6a9doftaw9j3wyqkqn": 0.00707676,
  "lskq7jrtxzjpsof24csvvhrc6f6hc84eqmj8w3euk": 0.01698432
}
