{
  "lskf859xyn687gd7rvecbbrq2u7srcvtztwa9yc56": 160.60005787,
  "lskztxrxns7vrc6ufkmvermu5vhv49cocufk8ehxr": 6.09387782,
  "lskeznp4yudpkavth98ebmzw6jz6pym5hzpqgj8tp": 0.00892017,
  "lsk3fw4ttb62k46xkommswj9wbd78kmfzzp78mohg": 7.9497007,
  "lskscse9jsp62sg2yw37t8n65bxswfodkto7vyja4": 0.46395337,
  "lskm7dquz6jepotwx4z4uyt2oswaaphdyz98nzy7c": 0.00892017,
  "lskxttp8vcvexx4h3wm5dkdguemha4zncz8p74j9q": 0.0892205,
  "lskhw729t89vkhuoe699462ejrpg5z5duxx8wrodn": 0.67253988,
  "lskmwegwjdhoo8two5yhubsro7zzo5ycx2fabqxcr": 0.16059761,
  "lsk98hotayxrzbf8hhf85zd3jdb48v7cda668z7qz": 0.22305489,
  "lskxdbkaqmucdeh5gvwy4jeqmcwczqtm57jt8sg3q": 0.65132126,
  "lsku25nhr8g72hccqg5ovcqe7krtt8vudvnn2my6f": 0.9814439,
  "lsk278wvfc9w56ek4dcnahvvryug2ma7wp6k4ff78": 0.00892017,
  "lskb5mno76fheuvm53wj359kr5epz8eybhxophh8o": 0.44610997,
  "lskp6q5zjvxeogmqnrv29s82h8cm5rr293njqjxdh": 0.62455443,
  "lskv2fmavyujo4k4b829crkotvr2fhz2kn88qqp4m": 0.0892205,
  "lskd7h7qgfzam3juqvfwnh98h26qmj99xdnts9dur": 0.3479655,
  "lsk945efxyh5sdjhcebwomjkachoweptmuw875sjp": 2.24839807,
  "lskpbwgrq6pdop3sxkvr3v9757wekks2p8sbaw6dk": 0.0066,
  "lskumrdgca4a6p3ws2btjf6vyqwjmzctesghvcwen": 36.58112213,
  "lskc3du5erm5snzxcq5nnsm658qe5wk4y2wbz38qo": 3.63134503,
  "lsk9xn7w5wzhg85xgng875h8cpajmf8kn9hpmd8cm": 0.11871814
}
