{
  "lskf859xyn687gd7rvecbbrq2u7srcvtztwa9yc56": 156.95693234,
  "lskztxrxns7vrc6ufkmvermu5vhv49cocufk8ehxr": 5.95564186,
  "lsk8aa5t5kfkm8bgug6btdut2ekry4paoeognz4cg": 3.48792994,
  "lskd2pzojbngse68vngezmp5wgvrf23yjqjtdot7j": 0.21799437,
  "lskwwqc6pneqwxxd329kycxp8s7mbvx7u2rk9kv72": 0.01346692,
  "lskeznp4yudpkavth98ebmzw6jz6pym5hzpqgj8tp": 0.00871851,
  "lsk4hc83tf7r9q4czg69dj4xo442fsmwte7qerx2d": 8.71982838,
  "lsk3fw4ttb62k46xkommswj9wbd78kmfzzp78mohg": 7.64728854,
  "lskscse9jsp62sg2yw37t8n65bxswfodkto7vyja4": 0.26306327,
  "lskm7dquz6jepotwx4z4uyt2oswaaphdyz98nzy7c": 0.00871851,
  "lskxttp8vcvexx4h3wm5dkdguemha4zncz8p74j9q": 0.08719646,
  "lskhw729t89vkhuoe699462ejrpg5z5duxx8wrodn": 0.65398556,
  "lskmwegwjdhoo8two5yhubsro7zzo5ycx2fabqxcr": 0.15695532,
  "lskzeayrtw5basxrjad2trv6a9doftaw9j3wyqkqn": 0.21799437,
  "lskq7jrtxzjpsof24csvvhrc6f6hc84eqmj8w3euk": 0.52318763,
  "lsk5omwum4qt24du89cjprwkth9zxtau25rcakg5o": 2.03171879,
  "lsk58kg5pnauk9rakd2ht25avqv4a6dkzbs5ngbu2": 0.87198093,
  "lsk98hotayxrzbf8hhf85zd3jdb48v7cda668z7qz": 0.21799437,
  "lskxdbkaqmucdeh5gvwy4jeqmcwczqtm57jt8sg3q": 0.63654676,
  "lsku25nhr8g72hccqg5ovcqe7krtt8vudvnn2my6f": 0.95917883,
  "lsk278wvfc9w56ek4dcnahvvryug2ma7wp6k4ff78": 0.44470893,
  "lskb5mno76fheuvm53wj359kr5epz8eybhxophh8o": 0.35899814,
  "lskp6q5zjvxeogmqnrv29s82h8cm5rr293njqjxdh": 0.70001653,
  "lskottbwnvryko94rwvvppapjtoa5fge3466kpjfr": 4.35991363
}
