{
  "lskf859xyn687gd7rvecbbrq2u7srcvtztwa9yc56": 54.06378407,
  "lskztxrxns7vrc6ufkmvermu5vhv49cocufk8ehxr": 1.95456749,
  "lsk8aa5t5kfkm8bgug6btdut2ekry4paoeognz4cg": 1.2014166,
  "lskd2pzojbngse68vngezmp5wgvrf23yjqjtdot7j": 0.0750878,
  "lskwwqc6pneqwxxd329kycxp8s7mbvx7u2rk9kv72": 0.00300326,
  "lskeznp4yudpkavth98ebmzw6jz6pym5hzpqgj8tp": 0.00300326,
  "lsk4hc83tf7r9q4czg69dj4xo442fsmwte7qerx2d": 2.25265682,
  "lsk3fw4ttb62k46xkommswj9wbd78kmfzzp78mohg": 2.58304679,
  "lskscse9jsp62sg2yw37t8n65bxswfodkto7vyja4": 0.03904543,
  "lskhghrkypt5jc4aov3jhjdhf5p4egn8c6q9wd5gf": 0.09010581,
  "lskm7dquz6jepotwx4z4uyt2oswaaphdyz98nzy7c": 0.00300326,
  "lskxttp8vcvexx4h3wm5dkdguemha4zncz8p74j9q": 0.03003513,
  "lskhw729t89vkhuoe699462ejrpg5z5duxx8wrodn": 0.18321586,
  "lskmwegwjdhoo8two5yhubsro7zzo5ycx2fabqxcr": 0.01802054
}
