{
  "lskf859xyn687gd7rvecbbrq2u7srcvtztwa9yc56": 233.3387444,
  "lskztxrxns7vrc6ufkmvermu5vhv49cocufk8ehxr": 8.85390601,
  "lsk8aa5t5kfkm8bgug6btdut2ekry4paoeognz4cg": 5.18530308,
  "lskd2pzojbngse68vngezmp5wgvrf23yjqjtdot7j": 0.32407932,
  "lskwwqc6pneqwxxd329kycxp8s7mbvx7u2rk9kv72": 0.01295982,
  "lskeznp4yudpkavth98ebmzw6jz6pym5hzpqgj8tp": 0.01295982,
  "lsk4hc83tf7r9q4czg69dj4xo442fsmwte7qerx2d": 12.96326217,
  "lsk3fw4ttb62k46xkommswj9wbd78kmfzzp78mohg": 11.14840367,
  "lskscse9jsp62sg2yw37t8n65bxswfodkto7vyja4": 0.27312737,
  "lskhghrkypt5jc4aov3jhjdhf5p4egn8c6q9wd5gf": 1.08891118,
  "lskm7dquz6jepotwx4z4uyt2oswaaphdyz98nzy7c": 0.01295982,
  "lskxttp8vcvexx4h3wm5dkdguemha4zncz8p74j9q": 0.12963034,
  "lskhw729t89vkhuoe699462ejrpg5z5duxx8wrodn": 0.79075707,
  "lskmwegwjdhoo8two5yhubsro7zzo5ycx2fabqxcr": 0.10370293,
  "lskzeayrtw5basxrjad2trv6a9doftaw9j3wyqkqn": 0.32407932,
  "lskq7jrtxzjpsof24csvvhrc6f6hc84eqmj8w3euk": 0.77779412,
  "lsk5omwum4qt24du89cjprwkth9zxtau25rcakg5o": 1.94448709,
  "lsk58kg5pnauk9rakd2ht25avqv4a6dkzbs5ngbu2": 0.51852874,
  "lsk98hotayxrzbf8hhf85zd3jdb48v7cda668z7qz": 0.32407932,
  "lskxdbkaqmucdeh5gvwy4jeqmcwczqtm57jt8sg3q": 0.94631658,
  "lsku25nhr8g72hccqg5ovcqe7krtt8vudvnn2my6f": 1.42595659
}
