{
  "lskf859xyn687gd7rvecbbrq2u7srcvtztwa9yc56": 199.29391136,
  "lskztxrxns7vrc6ufkmvermu5vhv49cocufk8ehxr": 7.5620952,
  "lsk8aa5t5kfkm8bgug6btdut2ekry4paoeognz4cg": 4.42875255,
  "lskd2pzojbngse68vngezmp5wgvrf23yjqjtdot7j": 0.27679599,
  "lskwwqc6pneqwxxd329kycxp8s7mbvx7u2rk9kv72": 0.0221433,
  "lskeznp4yudpkavth98ebmzw6jz6pym5hzpqgj8tp": 0.01107066,
  "lsk4hc83tf7r9q4czg69dj4xo442fsmwte7qerx2d": 11.07188202,
  "lsk3fw4ttb62k46xkommswj9wbd78kmfzzp78mohg": 9.71004198,
  "lskscse9jsp62sg2yw37t8n65bxswfodkto7vyja4": 0.37121766,
  "lskm7dquz6jepotwx4z4uyt2oswaaphdyz98nzy7c": 0.01107066,
  "lskxttp8vcvexx4h3wm5dkdguemha4zncz8p74j9q": 0.11071777,
  "lskhw729t89vkhuoe699462ejrpg5z5duxx8wrodn": 0.83039019,
  "lskmwegwjdhoo8two5yhubsro7zzo5ycx2fabqxcr": 0.19929331,
  "lskzeayrtw5basxrjad2trv6a9doftaw9j3wyqkqn": 0.27679599,
  "lskq7jrtxzjpsof24csvvhrc6f6hc84eqmj8w3euk": 0.66431197,
  "lsk5omwum4qt24du89cjprwkth9zxtau25rcakg5o": 2.57974726,
  "lsk58kg5pnauk9rakd2ht25avqv4a6dkzbs5ngbu2": 1.10718733,
  "lsk98hotayxrzbf8hhf85zd3jdb48v7cda668z7qz": 0.27679599,
  "lskxdbkaqmucdeh5gvwy4jeqmcwczqtm57jt8sg3q": 0.80824584,
  "lsku25nhr8g72hccqg5ovcqe7krtt8vudvnn2my6f": 1.21790617,
  "lsk278wvfc9w56ek4dcnahvvryug2ma7wp6k4ff78": 0.56466486,
  "lskb5mno76fheuvm53wj359kr5epz8eybhxophh8o": 0.55359313,
  "lskp6q5zjvxeogmqnrv29s82h8cm5rr293njqjxdh": 0.99646849,
  "lskottbwnvryko94rwvvppapjtoa5fge3466kpjfr": 5.5359399,
  "lskwdowv62mv5v96zu9gwo6pw8akxs5a994zh57hg": 0.35429982,
  "lskv2fmavyujo4k4b829crkotvr2fhz2kn88qqp4m": 0.05824977,
  "lskxf4p79sfxy3uop2tx2rysstt8qewqecch5xwd8": 1.10927279
}
