{
  "lskf859xyn687gd7rvecbbrq2u7srcvtztwa9yc56": 121.39512052,
  "lskztxrxns7vrc6ufkmvermu5vhv49cocufk8ehxr": 4.60626849,
  "lsk8aa5t5kfkm8bgug6btdut2ekry4paoeognz4cg": 2.69766823,
  "lskwwqc6pneqwxxd329kycxp8s7mbvx7u2rk9kv72": 0.01348719,
  "lskeznp4yudpkavth98ebmzw6jz6pym5hzpqgj8tp": 0.00674342,
  "lsk4hc83tf7r9q4czg69dj4xo442fsmwte7qerx2d": 6.74417272,
  "lsk3fw4ttb62k46xkommswj9wbd78kmfzzp78mohg": 5.91463883,
  "lskscse9jsp62sg2yw37t8n65bxswfodkto7vyja4": 0.23546885,
  "lskm7dquz6jepotwx4z4uyt2oswaaphdyz98nzy7c": 0.00674342,
  "lskxttp8vcvexx4h3wm5dkdguemha4zncz8p74j9q": 0.06744126,
  "lskhw729t89vkhuoe699462ejrpg5z5duxx8wrodn": 0.50581159,
  "lskmwegwjdhoo8two5yhubsro7zzo5ycx2fabqxcr": 0.12139369,
  "lskzeayrtw5basxrjad2trv6a9doftaw9j3wyqkqn": 0.16860235,
  "lskq7jrtxzjpsof24csvvhrc6f6hc84eqmj8w3euk": 0.40464875,
  "lsk5omwum4qt24du89cjprwkth9zxtau25rcakg5o": 1.57139022,
  "lsk58kg5pnauk9rakd2ht25avqv4a6dkzbs5ngbu2": 0.67441594,
  "lsk98hotayxrzbf8hhf85zd3jdb48v7cda668z7qz": 0.16860235,
  "lskxdbkaqmucdeh5gvwy4jeqmcwczqtm57jt8sg3q": 0.49232263,
  "lsku25nhr8g72hccqg5ovcqe7krtt8vudvnn2my6f": 0.74185799,
  "lsk278wvfc9w56ek4dcnahvvryug2ma7wp6k4ff78": 0.34395102,
  "lskb5mno76fheuvm53wj359kr5epz8eybhxophh8o": 0.33720681,
  "lskp6q5zjvxeogmqnrv29s82h8cm5rr293njqjxdh": 0.60697468,
  "lskottbwnvryko94rwvvppapjtoa5fge3466kpjfr": 3.3720852,
  "lskwdowv62mv5v96zu9gwo6pw8akxs5a994zh57hg": 0.21581312,
  "lskv2fmavyujo4k4b829crkotvr2fhz2kn88qqp4m": 0.06744126,
  "lskxf4p79sfxy3uop2tx2rysstt8qewqecch5xwd8": 0.68115971,
  "lsk9vqoookbbjphmbs29kv6za5tf66udpx6cboanw": 0.33720681,
  "lskd7h7qgfzam3juqvfwnh98h26qmj99xdnts9dur": 0.00132632
}
