{
  "lskf859xyn687gd7rvecbbrq2u7srcvtztwa9yc56": 155.45174321,
  "lskztxrxns7vrc6ufkmvermu5vhv49cocufk8ehxr": 5.89852884,
  "lsk8aa5t5kfkm8bgug6btdut2ekry4paoeognz4cg": 3.45448249,
  "lskd2pzojbngse68vngezmp5wgvrf23yjqjtdot7j": 0.21590433,
  "lskwwqc6pneqwxxd329kycxp8s7mbvx7u2rk9kv72": 0.01727195,
  "lskeznp4yudpkavth98ebmzw6jz6pym5hzpqgj8tp": 0.0086352,
  "lsk4hc83tf7r9q4czg69dj4xo442fsmwte7qerx2d": 8.63620641,
  "lsk3fw4ttb62k46xkommswj9wbd78kmfzzp78mohg": 7.57395418,
  "lskscse9jsp62sg2yw37t8n65bxswfodkto7vyja4": 0.28840471,
  "lskm7dquz6jepotwx4z4uyt2oswaaphdyz98nzy7c": 0.0086352,
  "lskxttp8vcvexx4h3wm5dkdguemha4zncz8p74j9q": 0.08636102,
  "lskhw729t89vkhuoe699462ejrpg5z5duxx8wrodn": 0.64771478,
  "lskmwegwjdhoo8two5yhubsro7zzo5ycx2fabqxcr": 0.15545116,
  "lskzeayrtw5basxrjad2trv6a9doftaw9j3wyqkqn": 0.21590433,
  "lskq7jrtxzjpsof24csvvhrc6f6hc84eqmj8w3euk": 0.51817147,
  "lsk5omwum4qt24du89cjprwkth9zxtau25rcakg5o": 2.0122352,
  "lsk58kg5pnauk9rakd2ht25avqv4a6dkzbs5ngbu2": 0.86361983,
  "lsk98hotayxrzbf8hhf85zd3jdb48v7cda668z7qz": 0.21590433,
  "lskxdbkaqmucdeh5gvwy4jeqmcwczqtm57jt8sg3q": 0.63044178,
  "lsku25nhr8g72hccqg5ovcqe7krtt8vudvnn2my6f": 0.94998192,
  "lsk278wvfc9w56ek4dcnahvvryug2ma7wp6k4ff78": 0.44044565,
  "lskb5mno76fheuvm53wj359kr5epz8eybhxophh8o": 0.43180938,
  "lskp6q5zjvxeogmqnrv29s82h8cm5rr293njqjxdh": 0.77725774,
  "lskottbwnvryko94rwvvppapjtoa5fge3466kpjfr": 4.31810234,
  "lskwdowv62mv5v96zu9gwo6pw8akxs5a994zh57hg": 0.27635822,
  "lskv2fmavyujo4k4b829crkotvr2fhz2kn88qqp4m": 0.04607161,
  "lskxf4p79sfxy3uop2tx2rysstt8qewqecch5xwd8": 0.86326983
}
