{
  "lskf859xyn687gd7rvecbbrq2u7srcvtztwa9yc56": 57.55312984,
  "lskztxrxns7vrc6ufkmvermu5vhv49cocufk8ehxr": 2.18382081,
  "lskwwqc6pneqwxxd329kycxp8s7mbvx7u2rk9kv72": 0.00639443,
  "lskeznp4yudpkavth98ebmzw6jz6pym5hzpqgj8tp": 0.0031966,
  "lsk3fw4ttb62k46xkommswj9wbd78kmfzzp78mohg": 2.84887972,
  "lskscse9jsp62sg2yw37t8n65bxswfodkto7vyja4": 0.15667127,
  "lskm7dquz6jepotwx4z4uyt2oswaaphdyz98nzy7c": 0.0031966,
  "lskxttp8vcvexx4h3wm5dkdguemha4zncz8p74j9q": 0.03197382,
  "lskhw729t89vkhuoe699462ejrpg5z5duxx8wrodn": 0.23980387,
  "lskmwegwjdhoo8two5yhubsro7zzo5ycx2fabqxcr": 0.05755176,
  "lsk98hotayxrzbf8hhf85zd3jdb48v7cda668z7qz": 0.07993455,
  "lskxdbkaqmucdeh5gvwy4jeqmcwczqtm57jt8sg3q": 0.23340922,
  "lsku25nhr8g72hccqg5ovcqe7krtt8vudvnn2my6f": 0.35171224,
  "lsk278wvfc9w56ek4dcnahvvryug2ma7wp6k4ff78": 0.0031966,
  "lskb5mno76fheuvm53wj359kr5epz8eybhxophh8o": 0.1598691,
  "lskp6q5zjvxeogmqnrv29s82h8cm5rr293njqjxdh": 0.22381696,
  "lskv2fmavyujo4k4b829crkotvr2fhz2kn88qqp4m": 0.03197382,
  "lsk9vqoookbbjphmbs29kv6za5tf66udpx6cboanw": 0.1598691,
  "lskd7h7qgfzam3juqvfwnh98h26qmj99xdnts9dur": 0.09272363,
  "lsk62evnyy8uw2vrs67mah72879otfnhddbqdt9um": 3.19739536,
  "lsk945efxyh5sdjhcebwomjkachoweptmuw875sjp": 0.80574327,
  "lsk2j9dsvzgark9ypzw2tzcn2vuyppattq54r9oss": 0.66505768,
  "lskpbwgrq6pdop3sxkvr3v9757wekks2p8sbaw6dk": 0.0066,
  "lskumrdgca4a6p3ws2btjf6vyqwjmzctesghvcwen": 13.1093232,
  "lskc3du5erm5snzxcq5nnsm658qe5wk4y2wbz38qo": 1.30133937
}
