{
  "lskf859xyn687gd7rvecbbrq2u7srcvtztwa9yc56": 132.37049854,
  "lskztxrxns7vrc6ufkmvermu5vhv49cocufk8ehxr": 5.022724,
  "lsk3fw4ttb62k46xkommswj9wbd78kmfzzp78mohg": 6.55233843,
  "lskscse9jsp62sg2yw37t8n65bxswfodkto7vyja4": 0.4956651,
  "lskm7dquz6jepotwx4z4uyt2oswaaphdyz98nzy7c": 0.00735148,
  "lskxttp8vcvexx4h3wm5dkdguemha4zncz8p74j9q": 0.07353866,
  "lskhw729t89vkhuoe699462ejrpg5z5duxx8wrodn": 0.0686992,
  "lskmwegwjdhoo8two5yhubsro7zzo5ycx2fabqxcr": 0.13236892,
  "lsk98hotayxrzbf8hhf85zd3jdb48v7cda668z7qz": 0.18384636,
  "lskxdbkaqmucdeh5gvwy4jeqmcwczqtm57jt8sg3q": 0.53683569,
  "lsku25nhr8g72hccqg5ovcqe7krtt8vudvnn2my6f": 0.80892915,
  "lsk278wvfc9w56ek4dcnahvvryug2ma7wp6k4ff78": 0.00735148,
  "lskb5mno76fheuvm53wj359kr5epz8eybhxophh8o": 0.36769511,
  "lskp6q5zjvxeogmqnrv29s82h8cm5rr293njqjxdh": 0.51477267,
  "lskv2fmavyujo4k4b829crkotvr2fhz2kn88qqp4m": 0.03676852,
  "lskd7h7qgfzam3juqvfwnh98h26qmj99xdnts9dur": 0.28680183,
  "lskpbwgrq6pdop3sxkvr3v9757wekks2p8sbaw6dk": 0.0066,
  "lskumrdgca4a6p3ws2btjf6vyqwjmzctesghvcwen": 30.15105729,
  "lskc3du5erm5snzxcq5nnsm658qe5wk4y2wbz38qo": 2.87537931,
  "lskdm6dt4xmyvu6cnjoxk9ua5z26ssnamqz7ftqfo": 0.00735148
}
