{
  "lskf859xyn687gd7rvecbbrq2u7srcvtztwa9yc56": 162.54591614,
  "lskztxrxns7vrc6ufkmvermu5vhv49cocufk8ehxr": 6.16771231,
  "lskwwqc6pneqwxxd329kycxp8s7mbvx7u2rk9kv72": 0.01805772,
  "lskeznp4yudpkavth98ebmzw6jz6pym5hzpqgj8tp": 0.00902874,
  "lsk4hc83tf7r9q4czg69dj4xo442fsmwte7qerx2d": 9.03032559,
  "lsk3fw4ttb62k46xkommswj9wbd78kmfzzp78mohg": 8.04601977,
  "lskscse9jsp62sg2yw37t8n65bxswfodkto7vyja4": 0.41310908,
  "lskm7dquz6jepotwx4z4uyt2oswaaphdyz98nzy7c": 0.00902874,
  "lskxttp8vcvexx4h3wm5dkdguemha4zncz8p74j9q": 0.09030152,
  "lskhw729t89vkhuoe699462ejrpg5z5duxx8wrodn": 0.67727191,
  "lskmwegwjdhoo8two5yhubsro7zzo5ycx2fabqxcr": 0.16254372,
  "lskzeayrtw5basxrjad2trv6a9doftaw9j3wyqkqn": 0.22575435,
  "lskq7jrtxzjpsof24csvvhrc6f6hc84eqmj8w3euk": 0.90303045,
  "lsk5omwum4qt24du89cjprwkth9zxtau25rcakg5o": 2.104066,
  "lsk98hotayxrzbf8hhf85zd3jdb48v7cda668z7qz": 0.22575435,
  "lskxdbkaqmucdeh5gvwy4jeqmcwczqtm57jt8sg3q": 0.65921204,
  "lsku25nhr8g72hccqg5ovcqe7krtt8vudvnn2my6f": 0.9933348,
  "lsk278wvfc9w56ek4dcnahvvryug2ma7wp6k4ff78": 0.00902874,
  "lskb5mno76fheuvm53wj359kr5epz8eybhxophh8o": 0.45151313,
  "lskp6q5zjvxeogmqnrv29s82h8cm5rr293njqjxdh": 0.81272862,
  "lskottbwnvryko94rwvvppapjtoa5fge3466kpjfr": 4.51516172,
  "lskv2fmavyujo4k4b829crkotvr2fhz2kn88qqp4m": 0.09030152,
  "lsk9vqoookbbjphmbs29kv6za5tf66udpx6cboanw": 0.45151313,
  "lskd7h7qgfzam3juqvfwnh98h26qmj99xdnts9dur": 0.18060359,
  "lsk62evnyy8uw2vrs67mah72879otfnhddbqdt9um": 9.03032559,
  "lsk945efxyh5sdjhcebwomjkachoweptmuw875sjp": 2.27564061,
  "lsk2j9dsvzgark9ypzw2tzcn2vuyppattq54r9oss": 1.87830722,
  "lskpbwgrq6pdop3sxkvr3v9757wekks2p8sbaw6dk": 0.0066,
  "lskumrdgca4a6p3ws2btjf6vyqwjmzctesghvcwen": 37.02434732
}
