{
  "lskf859xyn687gd7rvecbbrq2u7srcvtztwa9yc56": 213.11870523,
  "lskztxrxns7vrc6ufkmvermu5vhv49cocufk8ehxr": 8.08667025,
  "lsk8aa5t5kfkm8bgug6btdut2ekry4paoeognz4cg": 4.73596949,
  "lskd2pzojbngse68vngezmp5wgvrf23yjqjtdot7j": 0.29599665,
  "lskwwqc6pneqwxxd329kycxp8s7mbvx7u2rk9kv72": 0.01183648,
  "lskeznp4yudpkavth98ebmzw6jz6pym5hzpqgj8tp": 0.01183648,
  "lsk4hc83tf7r9q4czg69dj4xo442fsmwte7qerx2d": 11.83992546,
  "lsk3fw4ttb62k46xkommswj9wbd78kmfzzp78mohg": 10.18233518,
  "lskscse9jsp62sg2yw37t8n65bxswfodkto7vyja4": 0.17137068,
  "lskhghrkypt5jc4aov3jhjdhf5p4egn8c6q9wd5gf": 0.59174254,
  "lskm7dquz6jepotwx4z4uyt2oswaaphdyz98nzy7c": 0.01183648,
  "lskxttp8vcvexx4h3wm5dkdguemha4zncz8p74j9q": 0.11839808,
  "lskhw729t89vkhuoe699462ejrpg5z5duxx8wrodn": 0.72223448,
  "lskmwegwjdhoo8two5yhubsro7zzo5ycx2fabqxcr": 0.09471682,
  "lskzeayrtw5basxrjad2trv6a9doftaw9j3wyqkqn": 0.29599665,
  "lskq7jrtxzjpsof24csvvhrc6f6hc84eqmj8w3euk": 0.71039478
}
