{
  "lskf859xyn687gd7rvecbbrq2u7srcvtztwa9yc56": 287.72517839,
  "lskztxrxns7vrc6ufkmvermu5vhv49cocufk8ehxr": 10.91756991,
  "lsk8aa5t5kfkm8bgug6btdut2ekry4paoeognz4cg": 6.39389127,
  "lskd2pzojbngse68vngezmp5wgvrf23yjqjtdot7j": 0.28122448,
  "lskwwqc6pneqwxxd329kycxp8s7mbvx7u2rk9kv72": 0.03196865,
  "lskeznp4yudpkavth98ebmzw6jz6pym5hzpqgj8tp": 0.01598299,
  "lsk4hc83tf7r9q4czg69dj4xo442fsmwte7qerx2d": 15.98472985,
  "lsk3fw4ttb62k46xkommswj9wbd78kmfzzp78mohg": 14.01860967,
  "lskscse9jsp62sg2yw37t8n65bxswfodkto7vyja4": 0.53825393,
  "lskm7dquz6jepotwx4z4uyt2oswaaphdyz98nzy7c": 0.01598299,
  "lskxttp8vcvexx4h3wm5dkdguemha4zncz8p74j9q": 0.15984619,
  "lskhw729t89vkhuoe699462ejrpg5z5duxx8wrodn": 1.19885336,
  "lskmwegwjdhoo8two5yhubsro7zzo5ycx2fabqxcr": 0.28772385,
  "lskzeayrtw5basxrjad2trv6a9doftaw9j3wyqkqn": 0.39961703,
  "lskq7jrtxzjpsof24csvvhrc6f6hc84eqmj8w3euk": 0.95908252,
  "lsk5omwum4qt24du89cjprwkth9zxtau25rcakg5o": 3.72444017,
  "lsk58kg5pnauk9rakd2ht25avqv4a6dkzbs5ngbu2": 1.59847178,
  "lsk98hotayxrzbf8hhf85zd3jdb48v7cda668z7qz": 0.39961703,
  "lskxdbkaqmucdeh5gvwy4jeqmcwczqtm57jt8sg3q": 1.16688344,
  "lsku25nhr8g72hccqg5ovcqe7krtt8vudvnn2my6f": 1.75831904,
  "lsk278wvfc9w56ek4dcnahvvryug2ma7wp6k4ff78": 0.81521932,
  "lskb5mno76fheuvm53wj359kr5epz8eybhxophh8o": 0.79923526,
  "lskp6q5zjvxeogmqnrv29s82h8cm5rr293njqjxdh": 1.4386243,
  "lskottbwnvryko94rwvvppapjtoa5fge3466kpjfr": 7.9923638,
  "lskwdowv62mv5v96zu9gwo6pw8akxs5a994zh57hg": 0.51151065,
  "lskv2fmavyujo4k4b829crkotvr2fhz2kn88qqp4m": 0.08281397,
  "lskxf4p79sfxy3uop2tx2rysstt8qewqecch5xwd8": 1.6054703,
  "lsk9vqoookbbjphmbs29kv6za5tf66udpx6cboanw": 0.1813676
}
