{
  "lskf859xyn687gd7rvecbbrq2u7srcvtztwa9yc56": 222.66570025,
  "lskztxrxns7vrc6ufkmvermu5vhv49cocufk8ehxr": 8.44892465,
  "lsk8aa5t5kfkm8bgug6btdut2ekry4paoeognz4cg": 4.94812387,
  "lskd2pzojbngse68vngezmp5wgvrf23yjqjtdot7j": 0.30925478,
  "lskwwqc6pneqwxxd329kycxp8s7mbvx7u2rk9kv72": 0.01236871,
  "lskeznp4yudpkavth98ebmzw6jz6pym5hzpqgj8tp": 0.01236871,
  "lsk4hc83tf7r9q4czg69dj4xo442fsmwte7qerx2d": 12.37031599,
  "lsk3fw4ttb62k46xkommswj9wbd78kmfzzp78mohg": 10.63847028,
  "lskscse9jsp62sg2yw37t8n65bxswfodkto7vyja4": 0.23503514,
  "lskhghrkypt5jc4aov3jhjdhf5p4egn8c6q9wd5gf": 0.96795669,
  "lskm7dquz6jepotwx4z4uyt2oswaaphdyz98nzy7c": 0.01236871,
  "lskxttp8vcvexx4h3wm5dkdguemha4zncz8p74j9q": 0.12369995,
  "lskhw729t89vkhuoe699462ejrpg5z5duxx8wrodn": 0.75458803,
  "lskmwegwjdhoo8two5yhubsro7zzo5ycx2fabqxcr": 0.09896177,
  "lskzeayrtw5basxrjad2trv6a9doftaw9j3wyqkqn": 0.30925478,
  "lskq7jrtxzjpsof24csvvhrc6f6hc84eqmj8w3euk": 0.742218,
  "lsk5omwum4qt24du89cjprwkth9zxtau25rcakg5o": 1.85554681,
  "lsk58kg5pnauk9rakd2ht25avqv4a6dkzbs5ngbu2": 0.49480961
}
