{
  "lskf859xyn687gd7rvecbbrq2u7srcvtztwa9yc56": 188.7872612,
  "lskztxrxns7vrc6ufkmvermu5vhv49cocufk8ehxr": 7.16342557,
  "lsk8aa5t5kfkm8bgug6btdut2ekry4paoeognz4cg": 4.19527046,
  "lskwwqc6pneqwxxd329kycxp8s7mbvx7u2rk9kv72": 0.0209741,
  "lskeznp4yudpkavth98ebmzw6jz6pym5hzpqgj8tp": 0.01048537,
  "lsk4hc83tf7r9q4czg69dj4xo442fsmwte7qerx2d": 10.48818031,
  "lsk3fw4ttb62k46xkommswj9wbd78kmfzzp78mohg": 9.19813338,
  "lskscse9jsp62sg2yw37t8n65bxswfodkto7vyja4": 0.41952482,
  "lskm7dquz6jepotwx4z4uyt2oswaaphdyz98nzy7c": 0.01048537,
  "lskxttp8vcvexx4h3wm5dkdguemha4zncz8p74j9q": 0.10488079,
  "lskhw729t89vkhuoe699462ejrpg5z5duxx8wrodn": 0.78661146,
  "lskmwegwjdhoo8two5yhubsro7zzo5ycx2fabqxcr": 0.18878425,
  "lskzeayrtw5basxrjad2trv6a9doftaw9j3wyqkqn": 0.26220235,
  "lskq7jrtxzjpsof24csvvhrc6f6hc84eqmj8w3euk": 0.95575814,
  "lsk5omwum4qt24du89cjprwkth9zxtau25rcakg5o": 2.44374312,
  "lsk58kg5pnauk9rakd2ht25avqv4a6dkzbs5ngbu2": 1.0488146,
  "lsk98hotayxrzbf8hhf85zd3jdb48v7cda668z7qz": 0.26220235,
  "lskxdbkaqmucdeh5gvwy4jeqmcwczqtm57jt8sg3q": 0.76563397,
  "lsku25nhr8g72hccqg5ovcqe7krtt8vudvnn2my6f": 1.15369934,
  "lsk278wvfc9w56ek4dcnahvvryug2ma7wp6k4ff78": 0.53489434,
  "lskb5mno76fheuvm53wj359kr5epz8eybhxophh8o": 0.52440561,
  "lskp6q5zjvxeogmqnrv29s82h8cm5rr293njqjxdh": 0.94393367,
  "lskottbwnvryko94rwvvppapjtoa5fge3466kpjfr": 5.2440884,
  "lskwdowv62mv5v96zu9gwo6pw8akxs5a994zh57hg": 0.3356203,
  "lskv2fmavyujo4k4b829crkotvr2fhz2kn88qqp4m": 0.10488079,
  "lskxf4p79sfxy3uop2tx2rysstt8qewqecch5xwd8": 1.0593038,
  "lsk9vqoookbbjphmbs29kv6za5tf66udpx6cboanw": 0.52440561,
  "lskd7h7qgfzam3juqvfwnh98h26qmj99xdnts9dur": 0.20976172,
  "lsk62evnyy8uw2vrs67mah72879otfnhddbqdt9um": 10.48818031,
  "lsk945efxyh5sdjhcebwomjkachoweptmuw875sjp": 2.06731249,
  "lsk9ybjgepsn8c6jo5bdpeuvdqrvexo2zsx8z3hhy": 0.69707181
}
