{
  "lskf859xyn687gd7rvecbbrq2u7srcvtztwa9yc56": 70.48499622,
  "lskztxrxns7vrc6ufkmvermu5vhv49cocufk8ehxr": 2.67451398,
  "lsk8aa5t5kfkm8bgug6btdut2ekry4paoeognz4cg": 1.56633284,
  "lskd2pzojbngse68vngezmp5wgvrf23yjqjtdot7j": 0.09789518,
  "lskwwqc6pneqwxxd329kycxp8s7mbvx7u2rk9kv72": 0.00391444,
  "lskeznp4yudpkavth98ebmzw6jz6pym5hzpqgj8tp": 0.00391444,
  "lsk4hc83tf7r9q4czg69dj4xo442fsmwte7qerx2d": 3.91583226,
  "lsk3fw4ttb62k46xkommswj9wbd78kmfzzp78mohg": 3.3676156,
  "lskscse9jsp62sg2yw37t8n65bxswfodkto7vyja4": 0.0548215,
  "lskhghrkypt5jc4aov3jhjdhf5p4egn8c6q9wd5gf": 0.1840427,
  "lskm7dquz6jepotwx4z4uyt2oswaaphdyz98nzy7c": 0.00391444,
  "lskxttp8vcvexx4h3wm5dkdguemha4zncz8p74j9q": 0.03915774,
  "lskhw729t89vkhuoe699462ejrpg5z5duxx8wrodn": 0.2388657,
  "lskmwegwjdhoo8two5yhubsro7zzo5ycx2fabqxcr": 0.03132586,
  "lskzeayrtw5basxrjad2trv6a9doftaw9j3wyqkqn": 0.09789518,
  "lskq7jrtxzjpsof24csvvhrc6f6hc84eqmj8w3euk": 0.23494976
}
