{
  "lskf859xyn687gd7rvecbbrq2u7srcvtztwa9yc56": 235.93542863,
  "lskztxrxns7vrc6ufkmvermu5vhv49cocufk8ehxr": 8.95243621,
  "lsk8aa5t5kfkm8bgug6btdut2ekry4paoeognz4cg": 5.24300728,
  "lskd2pzojbngse68vngezmp5wgvrf23yjqjtdot7j": 0.3276863,
  "lskwwqc6pneqwxxd329kycxp8s7mbvx7u2rk9kv72": 0.02224084,
  "lskeznp4yudpkavth98ebmzw6jz6pym5hzpqgj8tp": 0.01310472,
  "lsk4hc83tf7r9q4czg69dj4xo442fsmwte7qerx2d": 13.10752193,
  "lsk3fw4ttb62k46xkommswj9wbd78kmfzzp78mohg": 11.49529538,
  "lskscse9jsp62sg2yw37t8n65bxswfodkto7vyja4": 0.4078558,
  "lskm7dquz6jepotwx4z4uyt2oswaaphdyz98nzy7c": 0.01310472,
  "lskxttp8vcvexx4h3wm5dkdguemha4zncz8p74j9q": 0.13107222,
  "lskhw729t89vkhuoe699462ejrpg5z5duxx8wrodn": 0.98306183,
  "lskmwegwjdhoo8two5yhubsro7zzo5ycx2fabqxcr": 0.23593309,
  "lskzeayrtw5basxrjad2trv6a9doftaw9j3wyqkqn": 0.3276863,
  "lskq7jrtxzjpsof24csvvhrc6f6hc84eqmj8w3euk": 0.78644775,
  "lsk5omwum4qt24du89cjprwkth9zxtau25rcakg5o": 3.05405006,
  "lsk58kg5pnauk9rakd2ht25avqv4a6dkzbs5ngbu2": 1.31074946,
  "lsk98hotayxrzbf8hhf85zd3jdb48v7cda668z7qz": 0.3276863,
  "lskxdbkaqmucdeh5gvwy4jeqmcwczqtm57jt8sg3q": 0.9568474,
  "lsku25nhr8g72hccqg5ovcqe7krtt8vudvnn2my6f": 1.44182466,
  "lsk278wvfc9w56ek4dcnahvvryug2ma7wp6k4ff78": 0.66848085,
  "lskb5mno76fheuvm53wj359kr5epz8eybhxophh8o": 0.57838213,
  "lskp6q5zjvxeogmqnrv29s82h8cm5rr293njqjxdh": 1.09490756,
  "lskottbwnvryko94rwvvppapjtoa5fge3466kpjfr": 6.55375977,
  "lskwdowv62mv5v96zu9gwo6pw8akxs5a994zh57hg": 0.02847305,
  "lskv2fmavyujo4k4b829crkotvr2fhz2kn88qqp4m": 0.00289146
}
