{
  "lskf859xyn687gd7rvecbbrq2u7srcvtztwa9yc56": 172.18730971,
  "lskztxrxns7vrc6ufkmvermu5vhv49cocufk8ehxr": 6.5335512,
  "lsk3fw4ttb62k46xkommswj9wbd78kmfzzp78mohg": 8.52326906,
  "lskscse9jsp62sg2yw37t8n65bxswfodkto7vyja4": 0.55482427,
  "lskm7dquz6jepotwx4z4uyt2oswaaphdyz98nzy7c": 0.00956402,
  "lskxttp8vcvexx4h3wm5dkdguemha4zncz8p74j9q": 0.09565863,
  "lskhw729t89vkhuoe699462ejrpg5z5duxx8wrodn": 0.78440745,
  "lskmwegwjdhoo8two5yhubsro7zzo5ycx2fabqxcr": 0.1721846,
  "lsk98hotayxrzbf8hhf85zd3jdb48v7cda668z7qz": 0.23914753,
  "lskxdbkaqmucdeh5gvwy4jeqmcwczqtm57jt8sg3q": 0.69831336,
  "lsku25nhr8g72hccqg5ovcqe7krtt8vudvnn2my6f": 1.0522549,
  "lsk278wvfc9w56ek4dcnahvvryug2ma7wp6k4ff78": 0.00956402,
  "lskb5mno76fheuvm53wj359kr5epz8eybhxophh8o": 0.47829532,
  "lskp6q5zjvxeogmqnrv29s82h8cm5rr293njqjxdh": 0.66961523,
  "lskv2fmavyujo4k4b829crkotvr2fhz2kn88qqp4m": 0.04782922,
  "lskd7h7qgfzam3juqvfwnh98h26qmj99xdnts9dur": 0.37307122,
  "lskpbwgrq6pdop3sxkvr3v9757wekks2p8sbaw6dk": 0.0066,
  "lskumrdgca4a6p3ws2btjf6vyqwjmzctesghvcwen": 39.2204424,
  "lskc3du5erm5snzxcq5nnsm658qe5wk4y2wbz38qo": 3.74028848,
  "lsk9xn7w5wzhg85xgng875h8cpajmf8kn9hpmd8cm": 0.1332074,
  "lskdm6dt4xmyvu6cnjoxk9ua5z26ssnamqz7ftqfo": 0.00956402,
  "lskj7nfmsfo5r9ytwxfubxqsudmcm5e7qz5ycet66": 0.46760582
}
