{
  "lskf859xyn687gd7rvecbbrq2u7srcvtztwa9yc56": 37.93502151,
  "lskztxrxns7vrc6ufkmvermu5vhv49cocufk8ehxr": 1.43942289,
  "lskwwqc6pneqwxxd329kycxp8s7mbvx7u2rk9kv72": 0.00421467,
  "lskeznp4yudpkavth98ebmzw6jz6pym5hzpqgj8tp": 0.00210691,
  "lsk3fw4ttb62k46xkommswj9wbd78kmfzzp78mohg": 1.87778346,
  "lskscse9jsp62sg2yw37t8n65bxswfodkto7vyja4": 0.10326739,
  "lskm7dquz6jepotwx4z4uyt2oswaaphdyz98nzy7c": 0.00210691,
  "lskxttp8vcvexx4h3wm5dkdguemha4zncz8p74j9q": 0.02107479,
  "lskhw729t89vkhuoe699462ejrpg5z5duxx8wrodn": 0.15806253,
  "lskmwegwjdhoo8two5yhubsro7zzo5ycx2fabqxcr": 0.03793491,
  "lsk98hotayxrzbf8hhf85zd3jdb48v7cda668z7qz": 0.05268714,
  "lskxdbkaqmucdeh5gvwy4jeqmcwczqtm57jt8sg3q": 0.15384688,
  "lsku25nhr8g72hccqg5ovcqe7krtt8vudvnn2my6f": 0.2318247,
  "lsk278wvfc9w56ek4dcnahvvryug2ma7wp6k4ff78": 0.00210691,
  "lskb5mno76fheuvm53wj359kr5epz8eybhxophh8o": 0.10537441,
  "lskp6q5zjvxeogmqnrv29s82h8cm5rr293njqjxdh": 0.18967477,
  "lskottbwnvryko94rwvvppapjtoa5fge3466kpjfr": 0.42149947,
  "lskv2fmavyujo4k4b829crkotvr2fhz2kn88qqp4m": 0.02107479,
  "lsk9vqoookbbjphmbs29kv6za5tf66udpx6cboanw": 0.10537441,
  "lskd7h7qgfzam3juqvfwnh98h26qmj99xdnts9dur": 0.06007238,
  "lsk62evnyy8uw2vrs67mah72879otfnhddbqdt9um": 2.10750114,
  "lsk945efxyh5sdjhcebwomjkachoweptmuw875sjp": 0.53108964,
  "lsk2j9dsvzgark9ypzw2tzcn2vuyppattq54r9oss": 0.43835959,
  "lskpbwgrq6pdop3sxkvr3v9757wekks2p8sbaw6dk": 0.0066,
  "lskumrdgca4a6p3ws2btjf6vyqwjmzctesghvcwen": 8.64075445,
  "lskc3du5erm5snzxcq5nnsm658qe5wk4y2wbz38qo": 0.85775215
}
