{
  "lskf859xyn687gd7rvecbbrq2u7srcvtztwa9yc56": 105.63773396,
  "lskztxrxns7vrc6ufkmvermu5vhv49cocufk8ehxr": 4.00836379,
  "lsk8aa5t5kfkm8bgug6btdut2ekry4paoeognz4cg": 2.34750425,
  "lskwwqc6pneqwxxd329kycxp8s7mbvx7u2rk9kv72": 0.01173641,
  "lskeznp4yudpkavth98ebmzw6jz6pym5hzpqgj8tp": 0.0058675,
  "lsk4hc83tf7r9q4czg69dj4xo442fsmwte7qerx2d": 5.86876213,
  "lsk3fw4ttb62k46xkommswj9wbd78kmfzzp78mohg": 5.14690422,
  "lskscse9jsp62sg2yw37t8n65bxswfodkto7vyja4": 0.23474951,
  "lskm7dquz6jepotwx4z4uyt2oswaaphdyz98nzy7c": 0.0058675,
  "lskxttp8vcvexx4h3wm5dkdguemha4zncz8p74j9q": 0.05868703,
  "lskhw729t89vkhuoe699462ejrpg5z5duxx8wrodn": 0.44015604,
  "lskmwegwjdhoo8two5yhubsro7zzo5ycx2fabqxcr": 0.1056361,
  "lskzeayrtw5basxrjad2trv6a9doftaw9j3wyqkqn": 0.14671795,
  "lskq7jrtxzjpsof24csvvhrc6f6hc84eqmj8w3euk": 0.49381805,
  "lsk5omwum4qt24du89cjprwkth9zxtau25rcakg5o": 1.36742025,
  "lsk58kg5pnauk9rakd2ht25avqv4a6dkzbs5ngbu2": 0.58687451,
  "lsk98hotayxrzbf8hhf85zd3jdb48v7cda668z7qz": 0.14671795,
  "lskxdbkaqmucdeh5gvwy4jeqmcwczqtm57jt8sg3q": 0.42841792,
  "lsku25nhr8g72hccqg5ovcqe7krtt8vudvnn2my6f": 0.64556354,
  "lsk278wvfc9w56ek4dcnahvvryug2ma7wp6k4ff78": 0.29930545,
  "lskb5mno76fheuvm53wj359kr5epz8eybhxophh8o": 0.29343654,
  "lskp6q5zjvxeogmqnrv29s82h8cm5rr293njqjxdh": 0.52818734,
  "lskottbwnvryko94rwvvppapjtoa5fge3466kpjfr": 2.93438015,
  "lskwdowv62mv5v96zu9gwo6pw8akxs5a994zh57hg": 0.18779938,
  "lskv2fmavyujo4k4b829crkotvr2fhz2kn88qqp4m": 0.05868703,
  "lskxf4p79sfxy3uop2tx2rysstt8qewqecch5xwd8": 0.59274389,
  "lsk9vqoookbbjphmbs29kv6za5tf66udpx6cboanw": 0.29343654,
  "lskd7h7qgfzam3juqvfwnh98h26qmj99xdnts9dur": 0.1173742,
  "lsk62evnyy8uw2vrs67mah72879otfnhddbqdt9um": 5.86876213,
  "lsk945efxyh5sdjhcebwomjkachoweptmuw875sjp": 0.90321997,
  "lsk9ybjgepsn8c6jo5bdpeuvdqrvexo2zsx8z3hhy": 0.23513172
}
