{
  "lskf859xyn687gd7rvecbbrq2u7srcvtztwa9yc56": 108.90450002,
  "lskztxrxns7vrc6ufkmvermu5vhv49cocufk8ehxr": 4.1323202,
  "lskwwqc6pneqwxxd329kycxp8s7mbvx7u2rk9kv72": 0.01209915,
  "lskeznp4yudpkavth98ebmzw6jz6pym5hzpqgj8tp": 0.00604896,
  "lsk3fw4ttb62k46xkommswj9wbd78kmfzzp78mohg": 5.39077075,
  "lskscse9jsp62sg2yw37t8n65bxswfodkto7vyja4": 0.28837774,
  "lskm7dquz6jepotwx4z4uyt2oswaaphdyz98nzy7c": 0.00604896,
  "lskxttp8vcvexx4h3wm5dkdguemha4zncz8p74j9q": 0.06050094,
  "lskhw729t89vkhuoe699462ejrpg5z5duxx8wrodn": 0.45376815,
  "lskmwegwjdhoo8two5yhubsro7zzo5ycx2fabqxcr": 0.10890318,
  "lsk98hotayxrzbf8hhf85zd3jdb48v7cda668z7qz": 0.15125582,
  "lskxdbkaqmucdeh5gvwy4jeqmcwczqtm57jt8sg3q": 0.44166699,
  "lsku25nhr8g72hccqg5ovcqe7krtt8vudvnn2my6f": 0.6655256,
  "lsk278wvfc9w56ek4dcnahvvryug2ma7wp6k4ff78": 0.00604896,
  "lskb5mno76fheuvm53wj359kr5epz8eybhxophh8o": 0.30251233,
  "lskp6q5zjvxeogmqnrv29s82h8cm5rr293njqjxdh": 0.5445214,
  "lskottbwnvryko94rwvvppapjtoa5fge3466kpjfr": 3.02512395,
  "lskv2fmavyujo4k4b829crkotvr2fhz2kn88qqp4m": 0.06050094,
  "lsk9vqoookbbjphmbs29kv6za5tf66udpx6cboanw": 0.30251233,
  "lskd7h7qgfzam3juqvfwnh98h26qmj99xdnts9dur": 0.14520416,
  "lsk62evnyy8uw2vrs67mah72879otfnhddbqdt9um": 6.05024886,
  "lsk945efxyh5sdjhcebwomjkachoweptmuw875sjp": 1.52466145,
  "lsk2j9dsvzgark9ypzw2tzcn2vuyppattq54r9oss": 1.25844967,
  "lskpbwgrq6pdop3sxkvr3v9757wekks2p8sbaw6dk": 0.0066,
  "lskumrdgca4a6p3ws2btjf6vyqwjmzctesghvcwen": 24.80602441,
  "lskc3du5erm5snzxcq5nnsm658qe5wk4y2wbz38qo": 1.85237318
}
