{
  "lskf859xyn687gd7rvecbbrq2u7srcvtztwa9yc56": 194.11917468,
  "lskztxrxns7vrc6ufkmvermu5vhv49cocufk8ehxr": 7.36574251,
  "lsk8aa5t5kfkm8bgug6btdut2ekry4paoeognz4cg": 4.31375643,
  "lskd2pzojbngse68vngezmp5wgvrf23yjqjtdot7j": 0.26960745,
  "lskwwqc6pneqwxxd329kycxp8s7mbvx7u2rk9kv72": 0.01078313,
  "lskeznp4yudpkavth98ebmzw6jz6pym5hzpqgj8tp": 0.01078313,
  "lsk4hc83tf7r9q4czg69dj4xo442fsmwte7qerx2d": 10.78439856,
  "lsk3fw4ttb62k46xkommswj9wbd78kmfzzp78mohg": 9.27458049,
  "lskscse9jsp62sg2yw37t8n65bxswfodkto7vyja4": 0.20308219,
  "lskhghrkypt5jc4aov3jhjdhf5p4egn8c6q9wd5gf": 0.81961298,
  "lskm7dquz6jepotwx4z4uyt2oswaaphdyz98nzy7c": 0.01078313,
  "lskxttp8vcvexx4h3wm5dkdguemha4zncz8p74j9q": 0.10784147,
  "lskhw729t89vkhuoe699462ejrpg5z5duxx8wrodn": 0.657847,
  "lskmwegwjdhoo8two5yhubsro7zzo5ycx2fabqxcr": 0.08627445,
  "lskzeayrtw5basxrjad2trv6a9doftaw9j3wyqkqn": 0.26960745,
  "lskq7jrtxzjpsof24csvvhrc6f6hc84eqmj8w3euk": 0.64706371,
  "lsk5omwum4qt24du89cjprwkth9zxtau25rcakg5o": 1.61765954,
  "lsk58kg5pnauk9rakd2ht25avqv4a6dkzbs5ngbu2": 0.43137343
}
