{
  "lskf859xyn687gd7rvecbbrq2u7srcvtztwa9yc56": 91.3121786,
  "lskztxrxns7vrc6ufkmvermu5vhv49cocufk8ehxr": 3.66770482,
  "lsk3fw4ttb62k46xkommswj9wbd78kmfzzp78mohg": 4.66115826,
  "lskscse9jsp62sg2yw37t8n65bxswfodkto7vyja4": 0.47638391,
  "lskm7dquz6jepotwx4z4uyt2oswaaphdyz98nzy7c": 0.0050713,
  "lskxttp8vcvexx4h3wm5dkdguemha4zncz8p74j9q": 0.05580077,
  "lskmwegwjdhoo8two5yhubsro7zzo5ycx2fabqxcr": 0.09131157,
  "lsk98hotayxrzbf8hhf85zd3jdb48v7cda668z7qz": 0.12682141,
  "lskxdbkaqmucdeh5gvwy4jeqmcwczqtm57jt8sg3q": 0.37032134,
  "lsku25nhr8g72hccqg5ovcqe7krtt8vudvnn2my6f": 0.5580183,
  "lsk278wvfc9w56ek4dcnahvvryug2ma7wp6k4ff78": 0.0050713,
  "lskb5mno76fheuvm53wj359kr5epz8eybhxophh8o": 0.25364386,
  "lskp6q5zjvxeogmqnrv29s82h8cm5rr293njqjxdh": 0.35510171,
  "lskd7h7qgfzam3juqvfwnh98h26qmj99xdnts9dur": 0.27393599,
  "lskpbwgrq6pdop3sxkvr3v9757wekks2p8sbaw6dk": 0.0066,
  "lskumrdgca4a6p3ws2btjf6vyqwjmzctesghvcwen": 20.79888419,
  "lskc3du5erm5snzxcq5nnsm658qe5wk4y2wbz38qo": 1.98350206,
  "lskdm6dt4xmyvu6cnjoxk9ua5z26ssnamqz7ftqfo": 0.0050713
}
