{
  "lskf859xyn687gd7rvecbbrq2u7srcvtztwa9yc56": 102.73769347,
  "lskztxrxns7vrc6ufkmvermu5vhv49cocufk8ehxr": 3.89832357,
  "lsk8aa5t5kfkm8bgug6btdut2ekry4paoeognz4cg": 2.2830589,
  "lskd2pzojbngse68vngezmp5wgvrf23yjqjtdot7j": 0.14269003,
  "lskwwqc6pneqwxxd329kycxp8s7mbvx7u2rk9kv72": 0.00570708,
  "lskeznp4yudpkavth98ebmzw6jz6pym5hzpqgj8tp": 0.00570708,
  "lsk4hc83tf7r9q4czg69dj4xo442fsmwte7qerx2d": 5.70764816,
  "lsk3fw4ttb62k46xkommswj9wbd78kmfzzp78mohg": 5.00560712,
  "lskscse9jsp62sg2yw37t8n65bxswfodkto7vyja4": 0.14743437,
  "lskhghrkypt5jc4aov3jhjdhf5p4egn8c6q9wd5gf": 0.53081014,
  "lskm7dquz6jepotwx4z4uyt2oswaaphdyz98nzy7c": 0.00570708,
  "lskxttp8vcvexx4h3wm5dkdguemha4zncz8p74j9q": 0.0570762,
  "lskhw729t89vkhuoe699462ejrpg5z5duxx8wrodn": 0.34816535,
  "lskmwegwjdhoo8two5yhubsro7zzo5ycx2fabqxcr": 0.10273604,
  "lskzeayrtw5basxrjad2trv6a9doftaw9j3wyqkqn": 0.14269003,
  "lskq7jrtxzjpsof24csvvhrc6f6hc84eqmj8w3euk": 0.34245817,
  "lsk5omwum4qt24du89cjprwkth9zxtau25rcakg5o": 1.32988137,
  "lsk58kg5pnauk9rakd2ht25avqv4a6dkzbs5ngbu2": 0.2283049,
  "lsk98hotayxrzbf8hhf85zd3jdb48v7cda668z7qz": 0.14269003,
  "lskxdbkaqmucdeh5gvwy4jeqmcwczqtm57jt8sg3q": 0.41665687,
  "lsku25nhr8g72hccqg5ovcqe7krtt8vudvnn2my6f": 0.62784033,
  "lsk278wvfc9w56ek4dcnahvvryug2ma7wp6k4ff78": 0.29108905
}
