{
  "lskf859xyn687gd7rvecbbrq2u7srcvtztwa9yc56": 168.1871531,
  "lskztxrxns7vrc6ufkmvermu5vhv49cocufk8ehxr": 6.38176612,
  "lsk8aa5t5kfkm8bgug6btdut2ekry4paoeognz4cg": 3.73749056,
  "lskwwqc6pneqwxxd329kycxp8s7mbvx7u2rk9kv72": 0.0186855,
  "lskeznp4yudpkavth98ebmzw6jz6pym5hzpqgj8tp": 0.00934132,
  "lsk4hc83tf7r9q4czg69dj4xo442fsmwte7qerx2d": 9.34372986,
  "lsk3fw4ttb62k46xkommswj9wbd78kmfzzp78mohg": 8.19445048,
  "lskscse9jsp62sg2yw37t8n65bxswfodkto7vyja4": 0.37374717,
  "lskm7dquz6jepotwx4z4uyt2oswaaphdyz98nzy7c": 0.00934132,
  "lskxttp8vcvexx4h3wm5dkdguemha4zncz8p74j9q": 0.09343639,
  "lskhw729t89vkhuoe699462ejrpg5z5duxx8wrodn": 0.70077791,
  "lskmwegwjdhoo8two5yhubsro7zzo5ycx2fabqxcr": 0.1681845,
  "lskzeayrtw5basxrjad2trv6a9doftaw9j3wyqkqn": 0.23359135,
  "lskq7jrtxzjpsof24csvvhrc6f6hc84eqmj8w3euk": 0.84131354,
  "lsk5omwum4qt24du89cjprwkth9zxtau25rcakg5o": 2.17708657,
  "lsk58kg5pnauk9rakd2ht25avqv4a6dkzbs5ngbu2": 0.93437,
  "lsk98hotayxrzbf8hhf85zd3jdb48v7cda668z7qz": 0.23359135,
  "lskxdbkaqmucdeh5gvwy4jeqmcwczqtm57jt8sg3q": 0.68208947,
  "lsku25nhr8g72hccqg5ovcqe7krtt8vudvnn2my6f": 1.02780984,
  "lsk278wvfc9w56ek4dcnahvvryug2ma7wp6k4ff78": 0.47652774,
  "lskb5mno76fheuvm53wj359kr5epz8eybhxophh8o": 0.46718356,
  "lskp6q5zjvxeogmqnrv29s82h8cm5rr293njqjxdh": 0.84093347,
  "lskottbwnvryko94rwvvppapjtoa5fge3466kpjfr": 4.6718634,
  "lskwdowv62mv5v96zu9gwo6pw8akxs5a994zh57hg": 0.298998,
  "lskv2fmavyujo4k4b829crkotvr2fhz2kn88qqp4m": 0.09343639,
  "lskxf4p79sfxy3uop2tx2rysstt8qewqecch5xwd8": 0.94371465,
  "lsk9vqoookbbjphmbs29kv6za5tf66udpx6cboanw": 0.46718356,
  "lskd7h7qgfzam3juqvfwnh98h26qmj99xdnts9dur": 0.18687292,
  "lsk62evnyy8uw2vrs67mah72879otfnhddbqdt9um": 9.34372986,
  "lsk945efxyh5sdjhcebwomjkachoweptmuw875sjp": 1.77891119,
  "lsk9ybjgepsn8c6jo5bdpeuvdqrvexo2zsx8z3hhy": 0.58262721
}
