{
  "lskf859xyn687gd7rvecbbrq2u7srcvtztwa9yc56": 61.54961792,
  "lskztxrxns7vrc6ufkmvermu5vhv49cocufk8ehxr": 2.33546504,
  "lskwwqc6pneqwxxd329kycxp8s7mbvx7u2rk9kv72": 0.00683783,
  "lskeznp4yudpkavth98ebmzw6jz6pym5hzpqgj8tp": 0.00341815,
  "lsk3fw4ttb62k46xkommswj9wbd78kmfzzp78mohg": 3.04670539,
  "lskscse9jsp62sg2yw37t8n65bxswfodkto7vyja4": 0.16071221,
  "lskm7dquz6jepotwx4z4uyt2oswaaphdyz98nzy7c": 0.00341815,
  "lskxttp8vcvexx4h3wm5dkdguemha4zncz8p74j9q": 0.03419343,
  "lskhw729t89vkhuoe699462ejrpg5z5duxx8wrodn": 0.25645596,
  "lskmwegwjdhoo8two5yhubsro7zzo5ycx2fabqxcr": 0.0615488,
  "lskzeayrtw5basxrjad2trv6a9doftaw9j3wyqkqn": 0.08548473,
  "lsk98hotayxrzbf8hhf85zd3jdb48v7cda668z7qz": 0.08548473,
  "lskxdbkaqmucdeh5gvwy4jeqmcwczqtm57jt8sg3q": 0.24961688,
  "lsku25nhr8g72hccqg5ovcqe7krtt8vudvnn2my6f": 0.37613567,
  "lsk278wvfc9w56ek4dcnahvvryug2ma7wp6k4ff78": 0.00341815,
  "lskb5mno76fheuvm53wj359kr5epz8eybhxophh8o": 0.17096974,
  "lskp6q5zjvxeogmqnrv29s82h8cm5rr293njqjxdh": 0.30774753,
  "lskottbwnvryko94rwvvppapjtoa5fge3466kpjfr": 1.70971096,
  "lskv2fmavyujo4k4b829crkotvr2fhz2kn88qqp4m": 0.03419343,
  "lsk9vqoookbbjphmbs29kv6za5tf66udpx6cboanw": 0.17096974,
  "lskd7h7qgfzam3juqvfwnh98h26qmj99xdnts9dur": 0.06846371,
  "lsk62evnyy8uw2vrs67mah72879otfnhddbqdt9um": 3.41942321,
  "lsk945efxyh5sdjhcebwomjkachoweptmuw875sjp": 0.86169382,
  "lsk2j9dsvzgark9ypzw2tzcn2vuyppattq54r9oss": 0.71123911,
  "lskpbwgrq6pdop3sxkvr3v9757wekks2p8sbaw6dk": 0.0066,
  "lskumrdgca4a6p3ws2btjf6vyqwjmzctesghvcwen": 14.01963384,
  "lskc3du5erm5snzxcq5nnsm658qe5wk4y2wbz38qo": 0.76741856
}
