{
  "lskf859xyn687gd7rvecbbrq2u7srcvtztwa9yc56": 205.91958931,
  "lskztxrxns7vrc6ufkmvermu5vhv49cocufk8ehxr": 7.81350062,
  "lsk3fw4ttb62k46xkommswj9wbd78kmfzzp78mohg": 10.36461794,
  "lskscse9jsp62sg2yw37t8n65bxswfodkto7vyja4": 0.9150322,
  "lskm7dquz6jepotwx4z4uyt2oswaaphdyz98nzy7c": 0.01143697,
  "lskxttp8vcvexx4h3wm5dkdguemha4zncz8p74j9q": 0.11439563,
  "lskmwegwjdhoo8two5yhubsro7zzo5ycx2fabqxcr": 0.20591551,
  "lsk98hotayxrzbf8hhf85zd3jdb48v7cda668z7qz": 0.28599661,
  "lskxdbkaqmucdeh5gvwy4jeqmcwczqtm57jt8sg3q": 0.83511589,
  "lsku25nhr8g72hccqg5ovcqe7krtt8vudvnn2my6f": 1.25839413,
  "lsk278wvfc9w56ek4dcnahvvryug2ma7wp6k4ff78": 0.01143697,
  "lskb5mno76fheuvm53wj359kr5epz8eybhxophh8o": 0.57199503,
  "lskp6q5zjvxeogmqnrv29s82h8cm5rr293njqjxdh": 0.80079473,
  "lskv2fmavyujo4k4b829crkotvr2fhz2kn88qqp4m": 0.05719691,
  "lskd7h7qgfzam3juqvfwnh98h26qmj99xdnts9dur": 0.44615708,
  "lskpbwgrq6pdop3sxkvr3v9757wekks2p8sbaw6dk": 0.0066,
  "lskumrdgca4a6p3ws2btjf6vyqwjmzctesghvcwen": 46.90390489,
  "lskc3du5erm5snzxcq5nnsm658qe5wk4y2wbz38qo": 4.4730299,
  "lskdm6dt4xmyvu6cnjoxk9ua5z26ssnamqz7ftqfo": 0.01143697
}
