{
  "lskf859xyn687gd7rvecbbrq2u7srcvtztwa9yc56": 60.4577512,
  "lskztxrxns7vrc6ufkmvermu5vhv49cocufk8ehxr": 2.29403455,
  "lsk8aa5t5kfkm8bgug6btdut2ekry4paoeognz4cg": 1.34350455,
  "lskd2pzojbngse68vngezmp5wgvrf23yjqjtdot7j": 0.08396795,
  "lskwwqc6pneqwxxd329kycxp8s7mbvx7u2rk9kv72": 0.0033586,
  "lskeznp4yudpkavth98ebmzw6jz6pym5hzpqgj8tp": 0.0033586,
  "lsk4hc83tf7r9q4czg69dj4xo442fsmwte7qerx2d": 2.51907195,
  "lsk3fw4ttb62k46xkommswj9wbd78kmfzzp78mohg": 2.88853615,
  "lskscse9jsp62sg2yw37t8n65bxswfodkto7vyja4": 0.04366335,
  "lskhghrkypt5jc4aov3jhjdhf5p4egn8c6q9wd5gf": 0.10076235,
  "lskm7dquz6jepotwx4z4uyt2oswaaphdyz98nzy7c": 0.0033586,
  "lskxttp8vcvexx4h3wm5dkdguemha4zncz8p74j9q": 0.0335874,
  "lskhw729t89vkhuoe699462ejrpg5z5duxx8wrodn": 0.2048844,
  "lskmwegwjdhoo8two5yhubsro7zzo5ycx2fabqxcr": 0.02015175
}
