{
  "lskf859xyn687gd7rvecbbrq2u7srcvtztwa9yc56": 321.16762715,
  "lskztxrxns7vrc6ufkmvermu5vhv49cocufk8ehxr": 12.1865248,
  "lsk8aa5t5kfkm8bgug6btdut2ekry4paoeognz4cg": 7.13705656,
  "lskd2pzojbngse68vngezmp5wgvrf23yjqjtdot7j": 0.28122448,
  "lskwwqc6pneqwxxd329kycxp8s7mbvx7u2rk9kv72": 0.03568439,
  "lskeznp4yudpkavth98ebmzw6jz6pym5hzpqgj8tp": 0.01784072,
  "lsk4hc83tf7r9q4czg69dj4xo442fsmwte7qerx2d": 17.84264353,
  "lsk3fw4ttb62k46xkommswj9wbd78kmfzzp78mohg": 15.64800009,
  "lskscse9jsp62sg2yw37t8n65bxswfodkto7vyja4": 0.60142284,
  "lskm7dquz6jepotwx4z4uyt2oswaaphdyz98nzy7c": 0.01784072,
  "lskxttp8vcvexx4h3wm5dkdguemha4zncz8p74j9q": 0.17842531,
  "lskhw729t89vkhuoe699462ejrpg5z5duxx8wrodn": 1.33819676,
  "lskmwegwjdhoo8two5yhubsro7zzo5ycx2fabqxcr": 0.321166,
  "lskzeayrtw5basxrjad2trv6a9doftaw9j3wyqkqn": 0.44606483,
  "lskq7jrtxzjpsof24csvvhrc6f6hc84eqmj8w3euk": 1.07055724,
  "lsk5omwum4qt24du89cjprwkth9zxtau25rcakg5o": 4.15733382,
  "lsk58kg5pnauk9rakd2ht25avqv4a6dkzbs5ngbu2": 1.78426298,
  "lsk98hotayxrzbf8hhf85zd3jdb48v7cda668z7qz": 0.44606483,
  "lskxdbkaqmucdeh5gvwy4jeqmcwczqtm57jt8sg3q": 1.3025111,
  "lsku25nhr8g72hccqg5ovcqe7krtt8vudvnn2my6f": 1.96268936,
  "lsk278wvfc9w56ek4dcnahvvryug2ma7wp6k4ff78": 0.90997265,
  "lskb5mno76fheuvm53wj359kr5epz8eybhxophh8o": 0.89213086,
  "lskp6q5zjvxeogmqnrv29s82h8cm5rr293njqjxdh": 1.60583638,
  "lskottbwnvryko94rwvvppapjtoa5fge3466kpjfr": 8.92132064,
  "lskwdowv62mv5v96zu9gwo6pw8akxs5a994zh57hg": 0.57096375,
  "lskv2fmavyujo4k4b829crkotvr2fhz2kn88qqp4m": 0.09210353,
  "lskxf4p79sfxy3uop2tx2rysstt8qewqecch5xwd8": 1.79311958,
  "lsk9vqoookbbjphmbs29kv6za5tf66udpx6cboanw": 0.2742632
}
