{
  "lskf859xyn687gd7rvecbbrq2u7srcvtztwa9yc56": 181.62070345,
  "lskztxrxns7vrc6ufkmvermu5vhv49cocufk8ehxr": 6.89149405,
  "lsk8aa5t5kfkm8bgug6btdut2ekry4paoeognz4cg": 4.0360142,
  "lskd2pzojbngse68vngezmp5wgvrf23yjqjtdot7j": 0.2522507,
  "lskwwqc6pneqwxxd329kycxp8s7mbvx7u2rk9kv72": 0.01008985,
  "lskeznp4yudpkavth98ebmzw6jz6pym5hzpqgj8tp": 0.01008985,
  "lsk4hc83tf7r9q4czg69dj4xo442fsmwte7qerx2d": 10.09003735,
  "lsk3fw4ttb62k46xkommswj9wbd78kmfzzp78mohg": 8.8489632,
  "lskscse9jsp62sg2yw37t8n65bxswfodkto7vyja4": 0.30269995,
  "lskm7dquz6jepotwx4z4uyt2oswaaphdyz98nzy7c": 0.01008985,
  "lskxttp8vcvexx4h3wm5dkdguemha4zncz8p74j9q": 0.1008985,
  "lskhw729t89vkhuoe699462ejrpg5z5duxx8wrodn": 0.6154901,
  "lskmwegwjdhoo8two5yhubsro7zzo5ycx2fabqxcr": 0.18161787,
  "lskzeayrtw5basxrjad2trv6a9doftaw9j3wyqkqn": 0.2522507,
  "lskq7jrtxzjpsof24csvvhrc6f6hc84eqmj8w3euk": 0.60540025,
  "lsk5omwum4qt24du89cjprwkth9zxtau25rcakg5o": 2.3509781,
  "lsk58kg5pnauk9rakd2ht25avqv4a6dkzbs5ngbu2": 1.0090028,
  "lsk98hotayxrzbf8hhf85zd3jdb48v7cda668z7qz": 0.2522507,
  "lskxdbkaqmucdeh5gvwy4jeqmcwczqtm57jt8sg3q": 0.73657117,
  "lsku25nhr8g72hccqg5ovcqe7krtt8vudvnn2my6f": 1.10990165,
  "lsk278wvfc9w56ek4dcnahvvryug2ma7wp6k4ff78": 0.51459125,
  "lskb5mno76fheuvm53wj359kr5epz8eybhxophh8o": 0.2522507,
  "lskp6q5zjvxeogmqnrv29s82h8cm5rr293njqjxdh": 0.8273814,
  "lskottbwnvryko94rwvvppapjtoa5fge3466kpjfr": 1.618954
}
