{
  "lskf859xyn687gd7rvecbbrq2u7srcvtztwa9yc56": 309.22389545,
  "lskztxrxns7vrc6ufkmvermu5vhv49cocufk8ehxr": 11.73332661,
  "lsk8aa5t5kfkm8bgug6btdut2ekry4paoeognz4cg": 6.87164037,
  "lskd2pzojbngse68vngezmp5wgvrf23yjqjtdot7j": 0.28122448,
  "lskwwqc6pneqwxxd329kycxp8s7mbvx7u2rk9kv72": 0.03435734,
  "lskeznp4yudpkavth98ebmzw6jz6pym5hzpqgj8tp": 0.01717723,
  "lsk4hc83tf7r9q4czg69dj4xo442fsmwte7qerx2d": 17.17910293,
  "lsk3fw4ttb62k46xkommswj9wbd78kmfzzp78mohg": 15.06607494,
  "lskscse9jsp62sg2yw37t8n65bxswfodkto7vyja4": 0.5788625,
  "lskm7dquz6jepotwx4z4uyt2oswaaphdyz98nzy7c": 0.01717723,
  "lskxttp8vcvexx4h3wm5dkdguemha4zncz8p74j9q": 0.17178991,
  "lskhw729t89vkhuoe699462ejrpg5z5duxx8wrodn": 1.28843126,
  "lskmwegwjdhoo8two5yhubsro7zzo5ycx2fabqxcr": 0.30922236,
  "lskzeayrtw5basxrjad2trv6a9doftaw9j3wyqkqn": 0.42947633,
  "lskq7jrtxzjpsof24csvvhrc6f6hc84eqmj8w3euk": 1.03074484,
  "lsk5omwum4qt24du89cjprwkth9zxtau25rcakg5o": 4.00272893,
  "lsk58kg5pnauk9rakd2ht25avqv4a6dkzbs5ngbu2": 1.71790898,
  "lsk98hotayxrzbf8hhf85zd3jdb48v7cda668z7qz": 0.42947633,
  "lskxdbkaqmucdeh5gvwy4jeqmcwczqtm57jt8sg3q": 1.25407265,
  "lsku25nhr8g72hccqg5ovcqe7krtt8vudvnn2my6f": 1.88969996,
  "lsk278wvfc9w56ek4dcnahvvryug2ma7wp6k4ff78": 0.87613216,
  "lskb5mno76fheuvm53wj359kr5epz8eybhxophh8o": 0.85895386,
  "lskp6q5zjvxeogmqnrv29s82h8cm5rr293njqjxdh": 1.54611778,
  "lskottbwnvryko94rwvvppapjtoa5fge3466kpjfr": 8.58955034,
  "lskwdowv62mv5v96zu9gwo6pw8akxs5a994zh57hg": 0.5497305,
  "lskv2fmavyujo4k4b829crkotvr2fhz2kn88qqp4m": 0.08878583,
  "lskxf4p79sfxy3uop2tx2rysstt8qewqecch5xwd8": 1.72610198,
  "lsk9vqoookbbjphmbs29kv6za5tf66udpx6cboanw": 0.2410862
}
