{
  "lskf859xyn687gd7rvecbbrq2u7srcvtztwa9yc56": 365.66297511,
  "lskztxrxns7vrc6ufkmvermu5vhv49cocufk8ehxr": 13.87487682,
  "lskwwqc6pneqwxxd329kycxp8s7mbvx7u2rk9kv72": 0.04062681,
  "lskeznp4yudpkavth98ebmzw6jz6pym5hzpqgj8tp": 0.0203112,
  "lsk3fw4ttb62k46xkommswj9wbd78kmfzzp78mohg": 18.10031538,
  "lskscse9jsp62sg2yw37t8n65bxswfodkto7vyja4": 1.01572851,
  "lskm7dquz6jepotwx4z4uyt2oswaaphdyz98nzy7c": 0.0203112,
  "lskxttp8vcvexx4h3wm5dkdguemha4zncz8p74j9q": 0.203144,
  "lskhw729t89vkhuoe699462ejrpg5z5duxx8wrodn": 1.52359298,
  "lskmwegwjdhoo8two5yhubsro7zzo5ycx2fabqxcr": 0.36566071,
  "lsk98hotayxrzbf8hhf85zd3jdb48v7cda668z7qz": 0.50786228,
  "lskxdbkaqmucdeh5gvwy4jeqmcwczqtm57jt8sg3q": 1.48296374,
  "lsku25nhr8g72hccqg5ovcqe7krtt8vudvnn2my6f": 2.23460559,
  "lsk278wvfc9w56ek4dcnahvvryug2ma7wp6k4ff78": 0.0203112,
  "lskb5mno76fheuvm53wj359kr5epz8eybhxophh8o": 1.01572851,
  "lskp6q5zjvxeogmqnrv29s82h8cm5rr293njqjxdh": 1.4220206,
  "lskv2fmavyujo4k4b829crkotvr2fhz2kn88qqp4m": 0.203144,
  "lsk9vqoookbbjphmbs29kv6za5tf66udpx6cboanw": 1.01572851,
  "lskd7h7qgfzam3juqvfwnh98h26qmj99xdnts9dur": 0.58912057,
  "lsk62evnyy8uw2vrs67mah72879otfnhddbqdt9um": 20.31460739,
  "lsk945efxyh5sdjhcebwomjkachoweptmuw875sjp": 5.11927935,
  "lskpbwgrq6pdop3sxkvr3v9757wekks2p8sbaw6dk": 0.0066,
  "lskumrdgca4a6p3ws2btjf6vyqwjmzctesghvcwen": 83.28989679,
  "lskc3du5erm5snzxcq5nnsm658qe5wk4y2wbz38qo": 8.26804397,
  "lsk9xn7w5wzhg85xgng875h8cpajmf8kn9hpmd8cm": 0.1890845
}
