{
  "lskf859xyn687gd7rvecbbrq2u7srcvtztwa9yc56": 197.47271496,
  "lskztxrxns7vrc6ufkmvermu5vhv49cocufk8ehxr": 7.49298989,
  "lskwwqc6pneqwxxd329kycxp8s7mbvx7u2rk9kv72": 0.02194017,
  "lskeznp4yudpkavth98ebmzw6jz6pym5hzpqgj8tp": 0.0109679,
  "lsk3fw4ttb62k46xkommswj9wbd78kmfzzp78mohg": 9.77489868,
  "lskscse9jsp62sg2yw37t8n65bxswfodkto7vyja4": 0.53756063,
  "lskm7dquz6jepotwx4z4uyt2oswaaphdyz98nzy7c": 0.0109679,
  "lskxttp8vcvexx4h3wm5dkdguemha4zncz8p74j9q": 0.10970658,
  "lskhw729t89vkhuoe699462ejrpg5z5duxx8wrodn": 0.82280003,
  "lskmwegwjdhoo8two5yhubsro7zzo5ycx2fabqxcr": 0.19746794,
  "lsk98hotayxrzbf8hhf85zd3jdb48v7cda668z7qz": 0.27426645,
  "lskxdbkaqmucdeh5gvwy4jeqmcwczqtm57jt8sg3q": 0.80085918,
  "lsku25nhr8g72hccqg5ovcqe7krtt8vudvnn2my6f": 1.20677306,
  "lsk278wvfc9w56ek4dcnahvvryug2ma7wp6k4ff78": 0.0109679,
  "lskb5mno76fheuvm53wj359kr5epz8eybhxophh8o": 0.5485329,
  "lskp6q5zjvxeogmqnrv29s82h8cm5rr293njqjxdh": 0.76794674,
  "lskv2fmavyujo4k4b829crkotvr2fhz2kn88qqp4m": 0.10970658,
  "lsk9vqoookbbjphmbs29kv6za5tf66udpx6cboanw": 0.5485329,
  "lskd7h7qgfzam3juqvfwnh98h26qmj99xdnts9dur": 0.31814747,
  "lsk62evnyy8uw2vrs67mah72879otfnhddbqdt9um": 10.97070384,
  "lsk945efxyh5sdjhcebwomjkachoweptmuw875sjp": 2.76461613,
  "lsk2j9dsvzgark9ypzw2tzcn2vuyppattq54r9oss": 2.28190442,
  "lskpbwgrq6pdop3sxkvr3v9757wekks2p8sbaw6dk": 0.0066,
  "lskumrdgca4a6p3ws2btjf6vyqwjmzctesghvcwen": 44.9798933,
  "lskc3du5erm5snzxcq5nnsm658qe5wk4y2wbz38qo": 4.46507453
}
