{
  "lskf859xyn687gd7rvecbbrq2u7srcvtztwa9yc56": 213.7102436,
  "lskztxrxns7vrc6ufkmvermu5vhv49cocufk8ehxr": 8.1091136,
  "lsk8aa5t5kfkm8bgug6btdut2ekry4paoeognz4cg": 4.7491164,
  "lskd2pzojbngse68vngezmp5wgvrf23yjqjtdot7j": 0.29681624,
  "lskwwqc6pneqwxxd329kycxp8s7mbvx7u2rk9kv72": 0.01186976,
  "lskeznp4yudpkavth98ebmzw6jz6pym5hzpqgj8tp": 0.01186976,
  "lsk4hc83tf7r9q4czg69dj4xo442fsmwte7qerx2d": 11.87278903,
  "lsk3fw4ttb62k46xkommswj9wbd78kmfzzp78mohg": 10.21059704,
  "lskscse9jsp62sg2yw37t8n65bxswfodkto7vyja4": 0.18996265,
  "lskhghrkypt5jc4aov3jhjdhf5p4egn8c6q9wd5gf": 0.87858344,
  "lskm7dquz6jepotwx4z4uyt2oswaaphdyz98nzy7c": 0.01186976,
  "lskxttp8vcvexx4h3wm5dkdguemha4zncz8p74j9q": 0.11872728,
  "lskhw729t89vkhuoe699462ejrpg5z5duxx8wrodn": 0.72423793,
  "lskmwegwjdhoo8two5yhubsro7zzo5ycx2fabqxcr": 0.09497936,
  "lskzeayrtw5basxrjad2trv6a9doftaw9j3wyqkqn": 0.29681624,
  "lskq7jrtxzjpsof24csvvhrc6f6hc84eqmj8w3euk": 0.71236424
}
