{
  "lskf859xyn687gd7rvecbbrq2u7srcvtztwa9yc56": 153.42129448,
  "lskztxrxns7vrc6ufkmvermu5vhv49cocufk8ehxr": 5.8214841,
  "lskwwqc6pneqwxxd329kycxp8s7mbvx7u2rk9kv72": 0.01704577,
  "lskeznp4yudpkavth98ebmzw6jz6pym5hzpqgj8tp": 0.00852151,
  "lsk3fw4ttb62k46xkommswj9wbd78kmfzzp78mohg": 7.59435079,
  "lskscse9jsp62sg2yw37t8n65bxswfodkto7vyja4": 0.40059639,
  "lskm7dquz6jepotwx4z4uyt2oswaaphdyz98nzy7c": 0.00852151,
  "lskxttp8vcvexx4h3wm5dkdguemha4zncz8p74j9q": 0.08523145,
  "lskhw729t89vkhuoe699462ejrpg5z5duxx8wrodn": 0.63925538,
  "lskmwegwjdhoo8two5yhubsro7zzo5ycx2fabqxcr": 0.15341972,
  "lskzeayrtw5basxrjad2trv6a9doftaw9j3wyqkqn": 0.17525669,
  "lsk98hotayxrzbf8hhf85zd3jdb48v7cda668z7qz": 0.21308389,
  "lskxdbkaqmucdeh5gvwy4jeqmcwczqtm57jt8sg3q": 0.6222057,
  "lsku25nhr8g72hccqg5ovcqe7krtt8vudvnn2my6f": 0.93757391,
  "lsk278wvfc9w56ek4dcnahvvryug2ma7wp6k4ff78": 0.00852151,
  "lskb5mno76fheuvm53wj359kr5epz8eybhxophh8o": 0.4261683,
  "lskp6q5zjvxeogmqnrv29s82h8cm5rr293njqjxdh": 0.76710443,
  "lskottbwnvryko94rwvvppapjtoa5fge3466kpjfr": 4.26170058,
  "lskv2fmavyujo4k4b829crkotvr2fhz2kn88qqp4m": 0.08523145,
  "lsk9vqoookbbjphmbs29kv6za5tf66udpx6cboanw": 0.4261683,
  "lskd7h7qgfzam3juqvfwnh98h26qmj99xdnts9dur": 0.20455899,
  "lsk62evnyy8uw2vrs67mah72879otfnhddbqdt9um": 8.52340383,
  "lsk945efxyh5sdjhcebwomjkachoweptmuw875sjp": 2.1478958,
  "lsk2j9dsvzgark9ypzw2tzcn2vuyppattq54r9oss": 1.77286669,
  "lskpbwgrq6pdop3sxkvr3v9757wekks2p8sbaw6dk": 0.0066,
  "lskumrdgca4a6p3ws2btjf6vyqwjmzctesghvcwen": 34.94595962,
  "lskc3du5erm5snzxcq5nnsm658qe5wk4y2wbz38qo": 1.83253078
}
