{
  "lskf859xyn687gd7rvecbbrq2u7srcvtztwa9yc56": 173.70904472,
  "lskztxrxns7vrc6ufkmvermu5vhv49cocufk8ehxr": 6.5912914,
  "lsk8aa5t5kfkm8bgug6btdut2ekry4paoeognz4cg": 3.86019849,
  "lskwwqc6pneqwxxd329kycxp8s7mbvx7u2rk9kv72": 0.0192984,
  "lskeznp4yudpkavth98ebmzw6jz6pym5hzpqgj8tp": 0.00964705,
  "lsk4hc83tf7r9q4czg69dj4xo442fsmwte7qerx2d": 9.65050059,
  "lsk3fw4ttb62k46xkommswj9wbd78kmfzzp78mohg": 8.46348836,
  "lskscse9jsp62sg2yw37t8n65bxswfodkto7vyja4": 0.38601809,
  "lskm7dquz6jepotwx4z4uyt2oswaaphdyz98nzy7c": 0.00964705,
  "lskxttp8vcvexx4h3wm5dkdguemha4zncz8p74j9q": 0.09650302,
  "lskhw729t89vkhuoe699462ejrpg5z5duxx8wrodn": 0.72378647,
  "lskmwegwjdhoo8two5yhubsro7zzo5ycx2fabqxcr": 0.17370666,
  "lskzeayrtw5basxrjad2trv6a9doftaw9j3wyqkqn": 0.24126109,
  "lskq7jrtxzjpsof24csvvhrc6f6hc84eqmj8w3euk": 0.96504757,
  "lsk5omwum4qt24du89cjprwkth9zxtau25rcakg5o": 2.24856515,
  "lsk58kg5pnauk9rakd2ht25avqv4a6dkzbs5ngbu2": 0.96504757,
  "lsk98hotayxrzbf8hhf85zd3jdb48v7cda668z7qz": 0.24126109,
  "lskxdbkaqmucdeh5gvwy4jeqmcwczqtm57jt8sg3q": 0.70448548,
  "lsku25nhr8g72hccqg5ovcqe7krtt8vudvnn2my6f": 1.0615526,
  "lsk278wvfc9w56ek4dcnahvvryug2ma7wp6k4ff78": 0.1347555,
  "lskb5mno76fheuvm53wj359kr5epz8eybhxophh8o": 0.48252359,
  "lskp6q5zjvxeogmqnrv29s82h8cm5rr293njqjxdh": 0.86854311,
  "lskottbwnvryko94rwvvppapjtoa5fge3466kpjfr": 4.82524895,
  "lskwdowv62mv5v96zu9gwo6pw8akxs5a994zh57hg": 0.23380055,
  "lskv2fmavyujo4k4b829crkotvr2fhz2kn88qqp4m": 0.09650302,
  "lskxf4p79sfxy3uop2tx2rysstt8qewqecch5xwd8": 0.97469891,
  "lsk9vqoookbbjphmbs29kv6za5tf66udpx6cboanw": 0.48252359,
  "lskd7h7qgfzam3juqvfwnh98h26qmj99xdnts9dur": 0.19300849,
  "lsk62evnyy8uw2vrs67mah72879otfnhddbqdt9um": 9.65050059,
  "lsk945efxyh5sdjhcebwomjkachoweptmuw875sjp": 2.43192439,
  "lsk9ybjgepsn8c6jo5bdpeuvdqrvexo2zsx8z3hhy": 0.10521096,
  "lsk2j9dsvzgark9ypzw2tzcn2vuyppattq54r9oss": 2.00730254,
  "lskpbwgrq6pdop3sxkvr3v9757wekks2p8sbaw6dk": 0.0066,
  "lskumrdgca4a6p3ws2btjf6vyqwjmzctesghvcwen": 17.39303696
}
