{
  "lskf859xyn687gd7rvecbbrq2u7srcvtztwa9yc56": 72.2346924,
  "lskztxrxns7vrc6ufkmvermu5vhv49cocufk8ehxr": 2.74090419,
  "lsk8aa5t5kfkm8bgug6btdut2ekry4paoeognz4cg": 1.60521443,
  "lskwwqc6pneqwxxd329kycxp8s7mbvx7u2rk9kv72": 0.0080247,
  "lskeznp4yudpkavth98ebmzw6jz6pym5hzpqgj8tp": 0.0040115,
  "lsk4hc83tf7r9q4czg69dj4xo442fsmwte7qerx2d": 4.01303786,
  "lsk3fw4ttb62k46xkommswj9wbd78kmfzzp78mohg": 3.51943419,
  "lskscse9jsp62sg2yw37t8n65bxswfodkto7vyja4": 0.16052056,
  "lskm7dquz6jepotwx4z4uyt2oswaaphdyz98nzy7c": 0.0040115,
  "lskxttp8vcvexx4h3wm5dkdguemha4zncz8p74j9q": 0.04012959,
  "lskhw729t89vkhuoe699462ejrpg5z5duxx8wrodn": 0.30097747,
  "lskmwegwjdhoo8two5yhubsro7zzo5ycx2fabqxcr": 0.07223393,
  "lskzeayrtw5basxrjad2trv6a9doftaw9j3wyqkqn": 0.10032562,
  "lskq7jrtxzjpsof24csvvhrc6f6hc84eqmj8w3euk": 0.40130319,
  "lsk5omwum4qt24du89cjprwkth9zxtau25rcakg5o": 0.9350375,
  "lsk58kg5pnauk9rakd2ht25avqv4a6dkzbs5ngbu2": 0.40130319,
  "lsk98hotayxrzbf8hhf85zd3jdb48v7cda668z7qz": 0.10032562,
  "lskxdbkaqmucdeh5gvwy4jeqmcwczqtm57jt8sg3q": 0.29295117,
  "lsku25nhr8g72hccqg5ovcqe7krtt8vudvnn2my6f": 0.44143329,
  "lsk278wvfc9w56ek4dcnahvvryug2ma7wp6k4ff78": 0.20466454,
  "lskb5mno76fheuvm53wj359kr5epz8eybhxophh8o": 0.20065134,
  "lskp6q5zjvxeogmqnrv29s82h8cm5rr293njqjxdh": 0.36117255,
  "lskottbwnvryko94rwvvppapjtoa5fge3466kpjfr": 2.00651813,
  "lskwdowv62mv5v96zu9gwo6pw8akxs5a994zh57hg": 0.12841622,
  "lskv2fmavyujo4k4b829crkotvr2fhz2kn88qqp4m": 0.04012959,
  "lskxf4p79sfxy3uop2tx2rysstt8qewqecch5xwd8": 0.40531639,
  "lsk9vqoookbbjphmbs29kv6za5tf66udpx6cboanw": 0.20065134,
  "lskd7h7qgfzam3juqvfwnh98h26qmj99xdnts9dur": 0.08026023,
  "lsk62evnyy8uw2vrs67mah72879otfnhddbqdt9um": 4.01303786,
  "lsk945efxyh5sdjhcebwomjkachoweptmuw875sjp": 1.01128504,
  "lsk9ybjgepsn8c6jo5bdpeuvdqrvexo2zsx8z3hhy": 0.40130319,
  "lsk2j9dsvzgark9ypzw2tzcn2vuyppattq54r9oss": 0.57069768
}
