{
  "lskf859xyn687gd7rvecbbrq2u7srcvtztwa9yc56": 17.22689052,
  "lskztxrxns7vrc6ufkmvermu5vhv49cocufk8ehxr": 0.65366464,
  "lsk8aa5t5kfkm8bgug6btdut2ekry4paoeognz4cg": 0.38281952,
  "lskd2pzojbngse68vngezmp5wgvrf23yjqjtdot7j": 0.02392602,
  "lskwwqc6pneqwxxd329kycxp8s7mbvx7u2rk9kv72": 0.00095694,
  "lskeznp4yudpkavth98ebmzw6jz6pym5hzpqgj8tp": 0.00095694,
  "lsk4hc83tf7r9q4czg69dj4xo442fsmwte7qerx2d": 0.95704947,
  "lsk3fw4ttb62k46xkommswj9wbd78kmfzzp78mohg": 0.82306235,
  "lskscse9jsp62sg2yw37t8n65bxswfodkto7vyja4": 0.01818391,
  "lskhghrkypt5jc4aov3jhjdhf5p4egn8c6q9wd5gf": 0.07273564,
  "lskm7dquz6jepotwx4z4uyt2oswaaphdyz98nzy7c": 0.00095694,
  "lskxttp8vcvexx4h3wm5dkdguemha4zncz8p74j9q": 0.00957028,
  "lskhw729t89vkhuoe699462ejrpg5z5duxx8wrodn": 0.0583799,
  "lskmwegwjdhoo8two5yhubsro7zzo5ycx2fabqxcr": 0.00765634,
  "lskzeayrtw5basxrjad2trv6a9doftaw9j3wyqkqn": 0.02392602,
  "lskq7jrtxzjpsof24csvvhrc6f6hc84eqmj8w3euk": 0.05742296,
  "lsk5omwum4qt24du89cjprwkth9zxtau25rcakg5o": 0.1435574,
  "lsk58kg5pnauk9rakd2ht25avqv4a6dkzbs5ngbu2": 0.03828176
}
