{
  "lskf859xyn687gd7rvecbbrq2u7srcvtztwa9yc56": 11.23076205,
  "lskztxrxns7vrc6ufkmvermu5vhv49cocufk8ehxr": 0.42614479,
  "lsk8aa5t5kfkm8bgug6btdut2ekry4paoeognz4cg": 0.24957235,
  "lskd2pzojbngse68vngezmp5wgvrf23yjqjtdot7j": 0.01559817,
  "lskwwqc6pneqwxxd329kycxp8s7mbvx7u2rk9kv72": 0.00062371,
  "lskeznp4yudpkavth98ebmzw6jz6pym5hzpqgj8tp": 0.00062371,
  "lsk4hc83tf7r9q4czg69dj4xo442fsmwte7qerx2d": 0.62393112,
  "lsk3fw4ttb62k46xkommswj9wbd78kmfzzp78mohg": 0.53658073,
  "lskscse9jsp62sg2yw37t8n65bxswfodkto7vyja4": 0.01247859,
  "lskhghrkypt5jc4aov3jhjdhf5p4egn8c6q9wd5gf": 0.05240998,
  "lskm7dquz6jepotwx4z4uyt2oswaaphdyz98nzy7c": 0.00062371,
  "lskxttp8vcvexx4h3wm5dkdguemha4zncz8p74j9q": 0.00623917,
  "lskhw729t89vkhuoe699462ejrpg5z5duxx8wrodn": 0.03805974,
  "lskmwegwjdhoo8two5yhubsro7zzo5ycx2fabqxcr": 0.00499123,
  "lskzeayrtw5basxrjad2trv6a9doftaw9j3wyqkqn": 0.01559817,
  "lskq7jrtxzjpsof24csvvhrc6f6hc84eqmj8w3euk": 0.03743577,
  "lsk5omwum4qt24du89cjprwkth9zxtau25rcakg5o": 0.09358956,
  "lsk58kg5pnauk9rakd2ht25avqv4a6dkzbs5ngbu2": 0.02495718,
  "lsk98hotayxrzbf8hhf85zd3jdb48v7cda668z7qz": 0.01559817,
  "lskxdbkaqmucdeh5gvwy4jeqmcwczqtm57jt8sg3q": 0.04554685,
  "lsku25nhr8g72hccqg5ovcqe7krtt8vudvnn2my6f": 0.06863238
}
