{
  "lskf859xyn687gd7rvecbbrq2u7srcvtztwa9yc56": 121.37820618,
  "lskztxrxns7vrc6ufkmvermu5vhv49cocufk8ehxr": 4.60562743,
  "lsk8aa5t5kfkm8bgug6btdut2ekry4paoeognz4cg": 2.6972919,
  "lskd2pzojbngse68vngezmp5wgvrf23yjqjtdot7j": 0.16857928,
  "lskwwqc6pneqwxxd329kycxp8s7mbvx7u2rk9kv72": 0.00674183,
  "lskeznp4yudpkavth98ebmzw6jz6pym5hzpqgj8tp": 0.00674183,
  "lsk4hc83tf7r9q4czg69dj4xo442fsmwte7qerx2d": 6.7432328,
  "lsk3fw4ttb62k46xkommswj9wbd78kmfzzp78mohg": 5.91381465,
  "lskscse9jsp62sg2yw37t8n65bxswfodkto7vyja4": 0.1596228,
  "lskhghrkypt5jc4aov3jhjdhf5p4egn8c6q9wd5gf": 0.62711969,
  "lskm7dquz6jepotwx4z4uyt2oswaaphdyz98nzy7c": 0.00674183,
  "lskxttp8vcvexx4h3wm5dkdguemha4zncz8p74j9q": 0.06743057,
  "lskhw729t89vkhuoe699462ejrpg5z5duxx8wrodn": 0.41133604,
  "lskmwegwjdhoo8two5yhubsro7zzo5ycx2fabqxcr": 0.12137678,
  "lskzeayrtw5basxrjad2trv6a9doftaw9j3wyqkqn": 0.16857928,
  "lskq7jrtxzjpsof24csvvhrc6f6hc84eqmj8w3euk": 0.4045926,
  "lsk5omwum4qt24du89cjprwkth9zxtau25rcakg5o": 1.21317084,
  "lsk58kg5pnauk9rakd2ht25avqv4a6dkzbs5ngbu2": 0.26972726,
  "lsk98hotayxrzbf8hhf85zd3jdb48v7cda668z7qz": 0.16857928,
  "lskxdbkaqmucdeh5gvwy4jeqmcwczqtm57jt8sg3q": 0.49225515,
  "lsku25nhr8g72hccqg5ovcqe7krtt8vudvnn2my6f": 0.74175455,
  "lsk278wvfc9w56ek4dcnahvvryug2ma7wp6k4ff78": 0.12744858
}
