{
  "lskf859xyn687gd7rvecbbrq2u7srcvtztwa9yc56": 70.77931611,
  "lskztxrxns7vrc6ufkmvermu5vhv49cocufk8ehxr": 2.6856809,
  "lsk8aa5t5kfkm8bgug6btdut2ekry4paoeognz4cg": 1.57287293,
  "lskd2pzojbngse68vngezmp5wgvrf23yjqjtdot7j": 0.09830384,
  "lskwwqc6pneqwxxd329kycxp8s7mbvx7u2rk9kv72": 0.00393139,
  "lskeznp4yudpkavth98ebmzw6jz6pym5hzpqgj8tp": 0.00393139,
  "lsk4hc83tf7r9q4czg69dj4xo442fsmwte7qerx2d": 3.9321838,
  "lsk3fw4ttb62k46xkommswj9wbd78kmfzzp78mohg": 3.38167729,
  "lskscse9jsp62sg2yw37t8n65bxswfodkto7vyja4": 0.06291406,
  "lskhghrkypt5jc4aov3jhjdhf5p4egn8c6q9wd5gf": 0.29485995,
  "lskm7dquz6jepotwx4z4uyt2oswaaphdyz98nzy7c": 0.00393139,
  "lskxttp8vcvexx4h3wm5dkdguemha4zncz8p74j9q": 0.03932086,
  "lskhw729t89vkhuoe699462ejrpg5z5duxx8wrodn": 0.23986276,
  "lskmwegwjdhoo8two5yhubsro7zzo5ycx2fabqxcr": 0.03145656,
  "lskzeayrtw5basxrjad2trv6a9doftaw9j3wyqkqn": 0.09830384,
  "lskq7jrtxzjpsof24csvvhrc6f6hc84eqmj8w3euk": 0.23592999,
  "lsk5omwum4qt24du89cjprwkth9zxtau25rcakg5o": 0.49442098,
  "lsk58kg5pnauk9rakd2ht25avqv4a6dkzbs5ngbu2": 0.04108856
}
