{
  "lskf859xyn687gd7rvecbbrq2u7srcvtztwa9yc56": 317.72481168,
  "lskztxrxns7vrc6ufkmvermu5vhv49cocufk8ehxr": 12.05589007,
  "lskwwqc6pneqwxxd329kycxp8s7mbvx7u2rk9kv72": 0.03530067,
  "lskeznp4yudpkavth98ebmzw6jz6pym5hzpqgj8tp": 0.01764842,
  "lsk3fw4ttb62k46xkommswj9wbd78kmfzzp78mohg": 15.7273764,
  "lskscse9jsp62sg2yw37t8n65bxswfodkto7vyja4": 0.88256724,
  "lskm7dquz6jepotwx4z4uyt2oswaaphdyz98nzy7c": 0.01764842,
  "lskxttp8vcvexx4h3wm5dkdguemha4zncz8p74j9q": 0.17651177,
  "lskhw729t89vkhuoe699462ejrpg5z5duxx8wrodn": 1.32385112,
  "lskmwegwjdhoo8two5yhubsro7zzo5ycx2fabqxcr": 0.31772286,
  "lsk98hotayxrzbf8hhf85zd3jdb48v7cda668z7qz": 0.4412817,
  "lskxdbkaqmucdeh5gvwy4jeqmcwczqtm57jt8sg3q": 1.28854803,
  "lsku25nhr8g72hccqg5ovcqe7krtt8vudvnn2my6f": 1.94165034,
  "lsk278wvfc9w56ek4dcnahvvryug2ma7wp6k4ff78": 0.01764842,
  "lskb5mno76fheuvm53wj359kr5epz8eybhxophh8o": 0.88256724,
  "lskp6q5zjvxeogmqnrv29s82h8cm5rr293njqjxdh": 1.23559486,
  "lskv2fmavyujo4k4b829crkotvr2fhz2kn88qqp4m": 0.17651177,
  "lsk9vqoookbbjphmbs29kv6za5tf66udpx6cboanw": 0.88256724,
  "lskd7h7qgfzam3juqvfwnh98h26qmj99xdnts9dur": 0.51188713,
  "lsk62evnyy8uw2vrs67mah72879otfnhddbqdt9um": 17.65137641,
  "lsk945efxyh5sdjhcebwomjkachoweptmuw875sjp": 4.44814532,
  "lskpbwgrq6pdop3sxkvr3v9757wekks2p8sbaw6dk": 0.0066,
  "lskumrdgca4a6p3ws2btjf6vyqwjmzctesghvcwen": 72.37064879,
  "lskc3du5erm5snzxcq5nnsm658qe5wk4y2wbz38qo": 7.18410906,
  "lsk9xn7w5wzhg85xgng875h8cpajmf8kn9hpmd8cm": 0.18808146
}
