{
  "lskf859xyn687gd7rvecbbrq2u7srcvtztwa9yc56": 34.8739491,
  "lskztxrxns7vrc6ufkmvermu5vhv49cocufk8ehxr": 1.32327232,
  "lsk8aa5t5kfkm8bgug6btdut2ekry4paoeognz4cg": 0.7749761,
  "lskd2pzojbngse68vngezmp5wgvrf23yjqjtdot7j": 0.0484356,
  "lskwwqc6pneqwxxd329kycxp8s7mbvx7u2rk9kv72": 0.00193722,
  "lskeznp4yudpkavth98ebmzw6jz6pym5hzpqgj8tp": 0.00193722,
  "lsk4hc83tf7r9q4czg69dj4xo442fsmwte7qerx2d": 1.93744161,
  "lsk3fw4ttb62k46xkommswj9wbd78kmfzzp78mohg": 1.66619939,
  "lskscse9jsp62sg2yw37t8n65bxswfodkto7vyja4": 0.03681133,
  "lskhghrkypt5jc4aov3jhjdhf5p4egn8c6q9wd5gf": 0.14724532,
  "lskm7dquz6jepotwx4z4uyt2oswaaphdyz98nzy7c": 0.00193722,
  "lskxttp8vcvexx4h3wm5dkdguemha4zncz8p74j9q": 0.01937398,
  "lskhw729t89vkhuoe699462ejrpg5z5duxx8wrodn": 0.1181837,
  "lskmwegwjdhoo8two5yhubsro7zzo5ycx2fabqxcr": 0.01549942,
  "lskzeayrtw5basxrjad2trv6a9doftaw9j3wyqkqn": 0.0484356,
  "lskq7jrtxzjpsof24csvvhrc6f6hc84eqmj8w3euk": 0.11624648,
  "lsk5omwum4qt24du89cjprwkth9zxtau25rcakg5o": 0.2906162,
  "lsk58kg5pnauk9rakd2ht25avqv4a6dkzbs5ngbu2": 0.07749722
}
