{
  "lskf859xyn687gd7rvecbbrq2u7srcvtztwa9yc56": 138.86621045,
  "lskztxrxns7vrc6ufkmvermu5vhv49cocufk8ehxr": 5.26919988,
  "lsk8aa5t5kfkm8bgug6btdut2ekry4paoeognz4cg": 3.08591372,
  "lskwwqc6pneqwxxd329kycxp8s7mbvx7u2rk9kv72": 0.01542768,
  "lskeznp4yudpkavth98ebmzw6jz6pym5hzpqgj8tp": 0.00771217,
  "lsk4hc83tf7r9q4czg69dj4xo442fsmwte7qerx2d": 7.71478799,
  "lsk3fw4ttb62k46xkommswj9wbd78kmfzzp78mohg": 6.76586882,
  "lskscse9jsp62sg2yw37t8n65bxswfodkto7vyja4": 0.30858994,
  "lskm7dquz6jepotwx4z4uyt2oswaaphdyz98nzy7c": 0.00771217,
  "lskxttp8vcvexx4h3wm5dkdguemha4zncz8p74j9q": 0.07714667,
  "lskhw729t89vkhuoe699462ejrpg5z5duxx8wrodn": 0.57860828,
  "lskmwegwjdhoo8two5yhubsro7zzo5ycx2fabqxcr": 0.13886468,
  "lskzeayrtw5basxrjad2trv6a9doftaw9j3wyqkqn": 0.19286836,
  "lskq7jrtxzjpsof24csvvhrc6f6hc84eqmj8w3euk": 0.77147665,
  "lsk5omwum4qt24du89cjprwkth9zxtau25rcakg5o": 1.79754482,
  "lsk58kg5pnauk9rakd2ht25avqv4a6dkzbs5ngbu2": 0.77147665,
  "lsk98hotayxrzbf8hhf85zd3jdb48v7cda668z7qz": 0.19286836,
  "lskxdbkaqmucdeh5gvwy4jeqmcwczqtm57jt8sg3q": 0.56317897,
  "lsku25nhr8g72hccqg5ovcqe7krtt8vudvnn2my6f": 0.84862437,
  "lsk278wvfc9w56ek4dcnahvvryug2ma7wp6k4ff78": 0.13282062,
  "lskb5mno76fheuvm53wj359kr5epz8eybhxophh8o": 0.38573813,
  "lskp6q5zjvxeogmqnrv29s82h8cm5rr293njqjxdh": 0.69432937,
  "lskottbwnvryko94rwvvppapjtoa5fge3466kpjfr": 3.85739313,
  "lskwdowv62mv5v96zu9gwo6pw8akxs5a994zh57hg": 0.23380055,
  "lskv2fmavyujo4k4b829crkotvr2fhz2kn88qqp4m": 0.07714667,
  "lskxf4p79sfxy3uop2tx2rysstt8qewqecch5xwd8": 0.77919215,
  "lsk9vqoookbbjphmbs29kv6za5tf66udpx6cboanw": 0.38573813,
  "lskd7h7qgfzam3juqvfwnh98h26qmj99xdnts9dur": 0.15429483,
  "lsk62evnyy8uw2vrs67mah72879otfnhddbqdt9um": 7.71478799,
  "lsk945efxyh5sdjhcebwomjkachoweptmuw875sjp": 1.94412528,
  "lsk9ybjgepsn8c6jo5bdpeuvdqrvexo2zsx8z3hhy": 0.10521096,
  "lsk2j9dsvzgark9ypzw2tzcn2vuyppattq54r9oss": 1.60467494,
  "lskpbwgrq6pdop3sxkvr3v9757wekks2p8sbaw6dk": 0.0066,
  "lskumrdgca4a6p3ws2btjf6vyqwjmzctesghvcwen": 9.45661398
}
