{
  "lskf859xyn687gd7rvecbbrq2u7srcvtztwa9yc56": 60.10955919,
  "lskztxrxns7vrc6ufkmvermu5vhv49cocufk8ehxr": 2.18397093,
  "lsk8aa5t5kfkm8bgug6btdut2ekry4paoeognz4cg": 1.33576704,
  "lskd2pzojbngse68vngezmp5wgvrf23yjqjtdot7j": 0.08348458,
  "lskwwqc6pneqwxxd329kycxp8s7mbvx7u2rk9kv72": 0.00333912,
  "lskeznp4yudpkavth98ebmzw6jz6pym5hzpqgj8tp": 0.00333912,
  "lsk4hc83tf7r9q4czg69dj4xo442fsmwte7qerx2d": 2.504564,
  "lsk3fw4ttb62k46xkommswj9wbd78kmfzzp78mohg": 2.87190039,
  "lskscse9jsp62sg2yw37t8n65bxswfodkto7vyja4": 0.04341175,
  "lskhghrkypt5jc4aov3jhjdhf5p4egn8c6q9wd5gf": 0.10018203,
  "lskm7dquz6jepotwx4z4uyt2oswaaphdyz98nzy7c": 0.00333912,
  "lskxttp8vcvexx4h3wm5dkdguemha4zncz8p74j9q": 0.03339387,
  "lskhw729t89vkhuoe699462ejrpg5z5duxx8wrodn": 0.2037043,
  "lskmwegwjdhoo8two5yhubsro7zzo5ycx2fabqxcr": 0.0200357
}
