{
  "lskf859xyn687gd7rvecbbrq2u7srcvtztwa9yc56": 43.00379175,
  "lskztxrxns7vrc6ufkmvermu5vhv49cocufk8ehxr": 1.63175429,
  "lsk8aa5t5kfkm8bgug6btdut2ekry4paoeognz4cg": 0.95563974,
  "lskwwqc6pneqwxxd329kycxp8s7mbvx7u2rk9kv72": 0.00477763,
  "lskeznp4yudpkavth98ebmzw6jz6pym5hzpqgj8tp": 0.00238874,
  "lsk4hc83tf7r9q4czg69dj4xo442fsmwte7qerx2d": 2.38909899,
  "lsk3fw4ttb62k46xkommswj9wbd78kmfzzp78mohg": 2.09523992,
  "lskscse9jsp62sg2yw37t8n65bxswfodkto7vyja4": 0.09556385,
  "lskm7dquz6jepotwx4z4uyt2oswaaphdyz98nzy7c": 0.00238874,
  "lskxttp8vcvexx4h3wm5dkdguemha4zncz8p74j9q": 0.02389069,
  "lskhw729t89vkhuoe699462ejrpg5z5duxx8wrodn": 0.17918198,
  "lskmwegwjdhoo8two5yhubsro7zzo5ycx2fabqxcr": 0.04300295,
  "lskzeayrtw5basxrjad2trv6a9doftaw9j3wyqkqn": 0.05972726,
  "lskq7jrtxzjpsof24csvvhrc6f6hc84eqmj8w3euk": 0.14585279,
  "lsk5omwum4qt24du89cjprwkth9zxtau25rcakg5o": 0.55665981,
  "lsk58kg5pnauk9rakd2ht25avqv4a6dkzbs5ngbu2": 0.23890925,
  "lsk98hotayxrzbf8hhf85zd3jdb48v7cda668z7qz": 0.05972726,
  "lskxdbkaqmucdeh5gvwy4jeqmcwczqtm57jt8sg3q": 0.17440339,
  "lsku25nhr8g72hccqg5ovcqe7krtt8vudvnn2my6f": 0.26280089,
  "lsk278wvfc9w56ek4dcnahvvryug2ma7wp6k4ff78": 0.12184343,
  "lskb5mno76fheuvm53wj359kr5epz8eybhxophh8o": 0.11945454,
  "lskp6q5zjvxeogmqnrv29s82h8cm5rr293njqjxdh": 0.21501842,
  "lskottbwnvryko94rwvvppapjtoa5fge3466kpjfr": 1.19454901,
  "lskwdowv62mv5v96zu9gwo6pw8akxs5a994zh57hg": 0.07645064,
  "lskv2fmavyujo4k4b829crkotvr2fhz2kn88qqp4m": 0.02389069,
  "lskxf4p79sfxy3uop2tx2rysstt8qewqecch5xwd8": 0.24129893,
  "lsk9vqoookbbjphmbs29kv6za5tf66udpx6cboanw": 0.11945454,
  "lskd7h7qgfzam3juqvfwnh98h26qmj99xdnts9dur": 0.04778152,
  "lsk62evnyy8uw2vrs67mah72879otfnhddbqdt9um": 2.38909899,
  "lsk945efxyh5sdjhcebwomjkachoweptmuw875sjp": 0.0263455
}
