{
  "lskf859xyn687gd7rvecbbrq2u7srcvtztwa9yc56": 4.70257229,
  "lskztxrxns7vrc6ufkmvermu5vhv49cocufk8ehxr": 0.17843644,
  "lskeznp4yudpkavth98ebmzw6jz6pym5hzpqgj8tp": 0.00026119,
  "lsk3fw4ttb62k46xkommswj9wbd78kmfzzp78mohg": 0.23277724,
  "lskscse9jsp62sg2yw37t8n65bxswfodkto7vyja4": 0.01358515,
  "lskm7dquz6jepotwx4z4uyt2oswaaphdyz98nzy7c": 0.00026119,
  "lskxttp8vcvexx4h3wm5dkdguemha4zncz8p74j9q": 0.00261248,
  "lskhw729t89vkhuoe699462ejrpg5z5duxx8wrodn": 0.01959399,
  "lskmwegwjdhoo8two5yhubsro7zzo5ycx2fabqxcr": 0.00470251,
  "lsk98hotayxrzbf8hhf85zd3jdb48v7cda668z7qz": 0.00653133,
  "lskxdbkaqmucdeh5gvwy4jeqmcwczqtm57jt8sg3q": 0.01907152,
  "lsku25nhr8g72hccqg5ovcqe7krtt8vudvnn2my6f": 0.02873793,
  "lsk278wvfc9w56ek4dcnahvvryug2ma7wp6k4ff78": 0.00026119,
  "lskb5mno76fheuvm53wj359kr5epz8eybhxophh8o": 0.01306266,
  "lskp6q5zjvxeogmqnrv29s82h8cm5rr293njqjxdh": 0.01828775,
  "lskv2fmavyujo4k4b829crkotvr2fhz2kn88qqp4m": 0.00261248,
  "lskd7h7qgfzam3juqvfwnh98h26qmj99xdnts9dur": 0.01018888,
  "lsk945efxyh5sdjhcebwomjkachoweptmuw875sjp": 0.06583592,
  "lskpbwgrq6pdop3sxkvr3v9757wekks2p8sbaw6dk": 0.0066,
  "lskumrdgca4a6p3ws2btjf6vyqwjmzctesghvcwen": 1.07114139,
  "lskc3du5erm5snzxcq5nnsm658qe5wk4y2wbz38qo": 0.10633038,
  "lsk9xn7w5wzhg85xgng875h8cpajmf8kn9hpmd8cm": 0.00313497
}
