{
  "lskf859xyn687gd7rvecbbrq2u7srcvtztwa9yc56": 68.9320868,
  "lskztxrxns7vrc6ufkmvermu5vhv49cocufk8ehxr": 2.61558877,
  "lsk8aa5t5kfkm8bgug6btdut2ekry4paoeognz4cg": 1.53182363,
  "lskwwqc6pneqwxxd329kycxp8s7mbvx7u2rk9kv72": 0.00765847,
  "lskeznp4yudpkavth98ebmzw6jz6pym5hzpqgj8tp": 0.00382894,
  "lsk4hc83tf7r9q4czg69dj4xo442fsmwte7qerx2d": 3.82955951,
  "lsk3fw4ttb62k46xkommswj9wbd78kmfzzp78mohg": 3.35852378,
  "lskscse9jsp62sg2yw37t8n65bxswfodkto7vyja4": 0.15318199,
  "lskm7dquz6jepotwx4z4uyt2oswaaphdyz98nzy7c": 0.00382894,
  "lskxttp8vcvexx4h3wm5dkdguemha4zncz8p74j9q": 0.03829519,
  "lskhw729t89vkhuoe699462ejrpg5z5duxx8wrodn": 0.28721626,
  "lskmwegwjdhoo8two5yhubsro7zzo5ycx2fabqxcr": 0.06893102,
  "lskzeayrtw5basxrjad2trv6a9doftaw9j3wyqkqn": 0.09573835,
  "lskq7jrtxzjpsof24csvvhrc6f6hc84eqmj8w3euk": 0.28989851,
  "lsk5omwum4qt24du89cjprwkth9zxtau25rcakg5o": 0.89228669,
  "lsk58kg5pnauk9rakd2ht25avqv4a6dkzbs5ngbu2": 0.38295497,
  "lsk98hotayxrzbf8hhf85zd3jdb48v7cda668z7qz": 0.09573835,
  "lskxdbkaqmucdeh5gvwy4jeqmcwczqtm57jt8sg3q": 0.27955674,
  "lsku25nhr8g72hccqg5ovcqe7krtt8vudvnn2my6f": 0.42125134,
  "lsk278wvfc9w56ek4dcnahvvryug2ma7wp6k4ff78": 0.19530671,
  "lskb5mno76fheuvm53wj359kr5epz8eybhxophh8o": 0.19147718,
  "lskp6q5zjvxeogmqnrv29s82h8cm5rr293njqjxdh": 0.34465964,
  "lskottbwnvryko94rwvvppapjtoa5fge3466kpjfr": 1.91477917,
  "lskwdowv62mv5v96zu9gwo6pw8akxs5a994zh57hg": 0.1225451,
  "lskv2fmavyujo4k4b829crkotvr2fhz2kn88qqp4m": 0.03829519,
  "lskxf4p79sfxy3uop2tx2rysstt8qewqecch5xwd8": 0.38678497,
  "lsk9vqoookbbjphmbs29kv6za5tf66udpx6cboanw": 0.19147718,
  "lskd7h7qgfzam3juqvfwnh98h26qmj99xdnts9dur": 0.07659052,
  "lsk62evnyy8uw2vrs67mah72879otfnhddbqdt9um": 3.82955951,
  "lsk945efxyh5sdjhcebwomjkachoweptmuw875sjp": 0.38934129,
  "lsk9ybjgepsn8c6jo5bdpeuvdqrvexo2zsx8z3hhy": 0.03121218
}
