{
  "lskf859xyn687gd7rvecbbrq2u7srcvtztwa9yc56": 35.09411539,
  "lskztxrxns7vrc6ufkmvermu5vhv49cocufk8ehxr": 1.33162638,
  "lsk3fw4ttb62k46xkommswj9wbd78kmfzzp78mohg": 1.73715802,
  "lskscse9jsp62sg2yw37t8n65bxswfodkto7vyja4": 0.11194666,
  "lskm7dquz6jepotwx4z4uyt2oswaaphdyz98nzy7c": 0.00194924,
  "lskxttp8vcvexx4h3wm5dkdguemha4zncz8p74j9q": 0.01949652,
  "lskhw729t89vkhuoe699462ejrpg5z5duxx8wrodn": 0.15987299,
  "lskmwegwjdhoo8two5yhubsro7zzo5ycx2fabqxcr": 0.0350936,
  "lsk98hotayxrzbf8hhf85zd3jdb48v7cda668z7qz": 0.04874144,
  "lskxdbkaqmucdeh5gvwy4jeqmcwczqtm57jt8sg3q": 0.14232571,
  "lsku25nhr8g72hccqg5ovcqe7krtt8vudvnn2my6f": 0.21446336,
  "lsk278wvfc9w56ek4dcnahvvryug2ma7wp6k4ff78": 0.00194924,
  "lskb5mno76fheuvm53wj359kr5epz8eybhxophh8o": 0.097483,
  "lskp6q5zjvxeogmqnrv29s82h8cm5rr293njqjxdh": 0.13647688,
  "lskv2fmavyujo4k4b829crkotvr2fhz2kn88qqp4m": 0.01949652,
  "lskd7h7qgfzam3juqvfwnh98h26qmj99xdnts9dur": 0.07603697,
  "lskpbwgrq6pdop3sxkvr3v9757wekks2p8sbaw6dk": 0.0066,
  "lskumrdgca4a6p3ws2btjf6vyqwjmzctesghvcwen": 7.99365906,
  "lskc3du5erm5snzxcq5nnsm658qe5wk4y2wbz38qo": 0.76232157,
  "lsk9xn7w5wzhg85xgng875h8cpajmf8kn9hpmd8cm": 0.03899319,
  "lskdm6dt4xmyvu6cnjoxk9ua5z26ssnamqz7ftqfo": 0.00194924,
  "lskj7nfmsfo5r9ytwxfubxqsudmcm5e7qz5ycet66": 0.97483628
}
