{
  "lskf859xyn687gd7rvecbbrq2u7srcvtztwa9yc56": 158.70307152,
  "lskztxrxns7vrc6ufkmvermu5vhv49cocufk8ehxr": 6.02189817,
  "lsk3fw4ttb62k46xkommswj9wbd78kmfzzp78mohg": 7.85579989,
  "lskscse9jsp62sg2yw37t8n65bxswfodkto7vyja4": 0.54664097,
  "lskm7dquz6jepotwx4z4uyt2oswaaphdyz98nzy7c": 0.00881515,
  "lskxttp8vcvexx4h3wm5dkdguemha4zncz8p74j9q": 0.0881671,
  "lskhw729t89vkhuoe699462ejrpg5z5duxx8wrodn": 0.7229789,
  "lskmwegwjdhoo8two5yhubsro7zzo5ycx2fabqxcr": 0.15870139,
  "lsk98hotayxrzbf8hhf85zd3jdb48v7cda668z7qz": 0.22041992,
  "lskxdbkaqmucdeh5gvwy4jeqmcwczqtm57jt8sg3q": 0.64362695,
  "lsku25nhr8g72hccqg5ovcqe7krtt8vudvnn2my6f": 0.96985112,
  "lsk278wvfc9w56ek4dcnahvvryug2ma7wp6k4ff78": 0.00881515,
  "lskb5mno76fheuvm53wj359kr5epz8eybhxophh8o": 0.44083984,
  "lskp6q5zjvxeogmqnrv29s82h8cm5rr293njqjxdh": 0.61717838,
  "lskv2fmavyujo4k4b829crkotvr2fhz2kn88qqp4m": 0.04408199,
  "lskd7h7qgfzam3juqvfwnh98h26qmj99xdnts9dur": 0.34385447,
  "lskpbwgrq6pdop3sxkvr3v9757wekks2p8sbaw6dk": 0.0066,
  "lskumrdgca4a6p3ws2btjf6vyqwjmzctesghvcwen": 36.1490318,
  "lskc3du5erm5snzxcq5nnsm658qe5wk4y2wbz38qo": 3.44737979,
  "lskdm6dt4xmyvu6cnjoxk9ua5z26ssnamqz7ftqfo": 0.00881515
}
