{
  "lskf859xyn687gd7rvecbbrq2u7srcvtztwa9yc56": 240.64445253,
  "lskztxrxns7vrc6ufkmvermu5vhv49cocufk8ehxr": 9.13111888,
  "lskwwqc6pneqwxxd329kycxp8s7mbvx7u2rk9kv72": 0.02673694,
  "lskeznp4yudpkavth98ebmzw6jz6pym5hzpqgj8tp": 0.01336707,
  "lsk3fw4ttb62k46xkommswj9wbd78kmfzzp78mohg": 11.91189903,
  "lskscse9jsp62sg2yw37t8n65bxswfodkto7vyja4": 0.66845593,
  "lskm7dquz6jepotwx4z4uyt2oswaaphdyz98nzy7c": 0.01336707,
  "lskxttp8vcvexx4h3wm5dkdguemha4zncz8p74j9q": 0.13369011,
  "lskhw729t89vkhuoe699462ejrpg5z5duxx8wrodn": 1.00268364,
  "lskmwegwjdhoo8two5yhubsro7zzo5ycx2fabqxcr": 0.24064327,
  "lsk98hotayxrzbf8hhf85zd3jdb48v7cda668z7qz": 0.33422656,
  "lskxdbkaqmucdeh5gvwy4jeqmcwczqtm57jt8sg3q": 0.97594531,
  "lsku25nhr8g72hccqg5ovcqe7krtt8vudvnn2my6f": 1.47060408,
  "lsk278wvfc9w56ek4dcnahvvryug2ma7wp6k4ff78": 0.01336707,
  "lskb5mno76fheuvm53wj359kr5epz8eybhxophh8o": 0.66845593,
  "lskp6q5zjvxeogmqnrv29s82h8cm5rr293njqjxdh": 0.93583825,
  "lskv2fmavyujo4k4b829crkotvr2fhz2kn88qqp4m": 0.13369011,
  "lsk9vqoookbbjphmbs29kv6za5tf66udpx6cboanw": 0.66845593,
  "lskd7h7qgfzam3juqvfwnh98h26qmj99xdnts9dur": 0.38770255,
  "lsk62evnyy8uw2vrs67mah72879otfnhddbqdt9um": 13.36913508,
  "lsk945efxyh5sdjhcebwomjkachoweptmuw875sjp": 3.369021,
  "lskpbwgrq6pdop3sxkvr3v9757wekks2p8sbaw6dk": 0.0066,
  "lskumrdgca4a6p3ws2btjf6vyqwjmzctesghvcwen": 54.81345681,
  "lskc3du5erm5snzxcq5nnsm658qe5wk4y2wbz38qo": 5.44123701,
  "lsk9xn7w5wzhg85xgng875h8cpajmf8kn9hpmd8cm": 0.13241274
}
