{
  "lskf859xyn687gd7rvecbbrq2u7srcvtztwa9yc56": 6.04577512,
  "lskztxrxns7vrc6ufkmvermu5vhv49cocufk8ehxr": 0.22940344,
  "lsk8aa5t5kfkm8bgug6btdut2ekry4paoeognz4cg": 0.13435044,
  "lskd2pzojbngse68vngezmp5wgvrf23yjqjtdot7j": 0.00839678,
  "lskwwqc6pneqwxxd329kycxp8s7mbvx7u2rk9kv72": 0.00033586,
  "lskeznp4yudpkavth98ebmzw6jz6pym5hzpqgj8tp": 0.00033586,
  "lsk4hc83tf7r9q4czg69dj4xo442fsmwte7qerx2d": 0.25190718,
  "lsk3fw4ttb62k46xkommswj9wbd78kmfzzp78mohg": 0.2888536,
  "lskscse9jsp62sg2yw37t8n65bxswfodkto7vyja4": 0.00436632,
  "lskhghrkypt5jc4aov3jhjdhf5p4egn8c6q9wd5gf": 0.01007622,
  "lskm7dquz6jepotwx4z4uyt2oswaaphdyz98nzy7c": 0.00033586,
  "lskxttp8vcvexx4h3wm5dkdguemha4zncz8p74j9q": 0.00335874,
  "lskhw729t89vkhuoe699462ejrpg5z5duxx8wrodn": 0.02048844,
  "lskmwegwjdhoo8two5yhubsro7zzo5ycx2fabqxcr": 0.00201516
}
