{
  "lskf859xyn687gd7rvecbbrq2u7srcvtztwa9yc56": 182.6536456,
  "lskztxrxns7vrc6ufkmvermu5vhv49cocufk8ehxr": 6.93068871,
  "lskwwqc6pneqwxxd329kycxp8s7mbvx7u2rk9kv72": 0.0202937,
  "lskeznp4yudpkavth98ebmzw6jz6pym5hzpqgj8tp": 0.01014481,
  "lsk3fw4ttb62k46xkommswj9wbd78kmfzzp78mohg": 9.0413548,
  "lskscse9jsp62sg2yw37t8n65bxswfodkto7vyja4": 0.49722011,
  "lskm7dquz6jepotwx4z4uyt2oswaaphdyz98nzy7c": 0.01014481,
  "lskxttp8vcvexx4h3wm5dkdguemha4zncz8p74j9q": 0.1014738,
  "lskhw729t89vkhuoe699462ejrpg5z5duxx8wrodn": 0.76105411,
  "lskmwegwjdhoo8two5yhubsro7zzo5ycx2fabqxcr": 0.18264921,
  "lsk98hotayxrzbf8hhf85zd3jdb48v7cda668z7qz": 0.2536845,
  "lskxdbkaqmucdeh5gvwy4jeqmcwczqtm57jt8sg3q": 0.7407598,
  "lsku25nhr8g72hccqg5ovcqe7krtt8vudvnn2my6f": 1.11621241,
  "lsk278wvfc9w56ek4dcnahvvryug2ma7wp6k4ff78": 0.01014481,
  "lskb5mno76fheuvm53wj359kr5epz8eybhxophh8o": 0.507369,
  "lskp6q5zjvxeogmqnrv29s82h8cm5rr293njqjxdh": 0.71031721,
  "lskv2fmavyujo4k4b829crkotvr2fhz2kn88qqp4m": 0.1014738,
  "lsk9vqoookbbjphmbs29kv6za5tf66udpx6cboanw": 0.507369,
  "lskd7h7qgfzam3juqvfwnh98h26qmj99xdnts9dur": 0.29427251,
  "lsk62evnyy8uw2vrs67mah72879otfnhddbqdt9um": 10.1474224,
  "lsk945efxyh5sdjhcebwomjkachoweptmuw875sjp": 2.5571493,
  "lsk2j9dsvzgark9ypzw2tzcn2vuyppattq54r9oss": 2.11066201,
  "lskpbwgrq6pdop3sxkvr3v9757wekks2p8sbaw6dk": 0.0066,
  "lskumrdgca4a6p3ws2btjf6vyqwjmzctesghvcwen": 41.60443881,
  "lskc3du5erm5snzxcq5nnsm658qe5wk4y2wbz38qo": 4.12999911
}
