{
  "lskf859xyn687gd7rvecbbrq2u7srcvtztwa9yc56": 139.12154652,
  "lskztxrxns7vrc6ufkmvermu5vhv49cocufk8ehxr": 5.2788884,
  "lsk8aa5t5kfkm8bgug6btdut2ekry4paoeognz4cg": 3.09158822,
  "lskd2pzojbngse68vngezmp5wgvrf23yjqjtdot7j": 0.19322266,
  "lskwwqc6pneqwxxd329kycxp8s7mbvx7u2rk9kv72": 0.00772739,
  "lskeznp4yudpkavth98ebmzw6jz6pym5hzpqgj8tp": 0.00772739,
  "lsk4hc83tf7r9q4czg69dj4xo442fsmwte7qerx2d": 7.72897383,
  "lsk3fw4ttb62k46xkommswj9wbd78kmfzzp78mohg": 6.77830944,
  "lskscse9jsp62sg2yw37t8n65bxswfodkto7vyja4": 0.18328054,
  "lskhghrkypt5jc4aov3jhjdhf5p4egn8c6q9wd5gf": 0.71879354,
  "lskm7dquz6jepotwx4z4uyt2oswaaphdyz98nzy7c": 0.00772739,
  "lskxttp8vcvexx4h3wm5dkdguemha4zncz8p74j9q": 0.07728789,
  "lskhw729t89vkhuoe699462ejrpg5z5duxx8wrodn": 0.47146603,
  "lskmwegwjdhoo8two5yhubsro7zzo5ycx2fabqxcr": 0.13911995,
  "lskzeayrtw5basxrjad2trv6a9doftaw9j3wyqkqn": 0.19322266,
  "lskq7jrtxzjpsof24csvvhrc6f6hc84eqmj8w3euk": 0.46373695,
  "lsk5omwum4qt24du89cjprwkth9zxtau25rcakg5o": 1.44284846,
  "lsk58kg5pnauk9rakd2ht25avqv4a6dkzbs5ngbu2": 0.30915662,
  "lsk98hotayxrzbf8hhf85zd3jdb48v7cda668z7qz": 0.19322266,
  "lskxdbkaqmucdeh5gvwy4jeqmcwczqtm57jt8sg3q": 0.56421401,
  "lsku25nhr8g72hccqg5ovcqe7krtt8vudvnn2my6f": 0.85018593,
  "lsk278wvfc9w56ek4dcnahvvryug2ma7wp6k4ff78": 0.17772117
}
