{
  "lskf859xyn687gd7rvecbbrq2u7srcvtztwa9yc56": 162.06247544,
  "lskztxrxns7vrc6ufkmvermu5vhv49cocufk8ehxr": 6.14936925,
  "lsk8aa5t5kfkm8bgug6btdut2ekry4paoeognz4cg": 0.06393177,
  "lskwwqc6pneqwxxd329kycxp8s7mbvx7u2rk9kv72": 0.01800479,
  "lskeznp4yudpkavth98ebmzw6jz6pym5hzpqgj8tp": 0.00900139,
  "lsk4hc83tf7r9q4czg69dj4xo442fsmwte7qerx2d": 9.00346914,
  "lsk3fw4ttb62k46xkommswj9wbd78kmfzzp78mohg": 7.99631263,
  "lskscse9jsp62sg2yw37t8n65bxswfodkto7vyja4": 0.36884092,
  "lskm7dquz6jepotwx4z4uyt2oswaaphdyz98nzy7c": 0.00900139,
  "lskxttp8vcvexx4h3wm5dkdguemha4zncz8p74j9q": 0.09003162,
  "lskhw729t89vkhuoe699462ejrpg5z5duxx8wrodn": 0.67525869,
  "lskmwegwjdhoo8two5yhubsro7zzo5ycx2fabqxcr": 0.16206038,
  "lskzeayrtw5basxrjad2trv6a9doftaw9j3wyqkqn": 0.22508429,
  "lskq7jrtxzjpsof24csvvhrc6f6hc84eqmj8w3euk": 0.90034461,
  "lsk5omwum4qt24du89cjprwkth9zxtau25rcakg5o": 2.09780732,
  "lsk58kg5pnauk9rakd2ht25avqv4a6dkzbs5ngbu2": 0.22931017,
  "lsk98hotayxrzbf8hhf85zd3jdb48v7cda668z7qz": 0.22508429,
  "lskxdbkaqmucdeh5gvwy4jeqmcwczqtm57jt8sg3q": 0.65725055,
  "lsku25nhr8g72hccqg5ovcqe7krtt8vudvnn2my6f": 0.99037933,
  "lsk278wvfc9w56ek4dcnahvvryug2ma7wp6k4ff78": 0.00900139,
  "lskb5mno76fheuvm53wj359kr5epz8eybhxophh8o": 0.45017032,
  "lskp6q5zjvxeogmqnrv29s82h8cm5rr293njqjxdh": 0.81031053,
  "lskottbwnvryko94rwvvppapjtoa5fge3466kpjfr": 4.50173291,
  "lskv2fmavyujo4k4b829crkotvr2fhz2kn88qqp4m": 0.09003162,
  "lskxf4p79sfxy3uop2tx2rysstt8qewqecch5xwd8": 0.01614276,
  "lsk9vqoookbbjphmbs29kv6za5tf66udpx6cboanw": 0.45017032,
  "lskd7h7qgfzam3juqvfwnh98h26qmj99xdnts9dur": 0.18006634,
  "lsk62evnyy8uw2vrs67mah72879otfnhddbqdt9um": 9.00346914,
  "lsk945efxyh5sdjhcebwomjkachoweptmuw875sjp": 2.2688725,
  "lsk2j9dsvzgark9ypzw2tzcn2vuyppattq54r9oss": 1.87271872,
  "lskpbwgrq6pdop3sxkvr3v9757wekks2p8sbaw6dk": 0.0066,
  "lskumrdgca4a6p3ws2btjf6vyqwjmzctesghvcwen": 36.91422863
}
