{
  "lskf859xyn687gd7rvecbbrq2u7srcvtztwa9yc56": 159.85865442,
  "lskztxrxns7vrc6ufkmvermu5vhv49cocufk8ehxr": 6.06574567,
  "lsk8aa5t5kfkm8bgug6btdut2ekry4paoeognz4cg": 3.55241445,
  "lskd2pzojbngse68vngezmp5wgvrf23yjqjtdot7j": 0.22202324,
  "lskwwqc6pneqwxxd329kycxp8s7mbvx7u2rk9kv72": 0.00887875,
  "lskeznp4yudpkavth98ebmzw6jz6pym5hzpqgj8tp": 0.00887875,
  "lsk4hc83tf7r9q4czg69dj4xo442fsmwte7qerx2d": 8.88103463,
  "lsk3fw4ttb62k46xkommswj9wbd78kmfzzp78mohg": 7.63768864,
  "lskscse9jsp62sg2yw37t8n65bxswfodkto7vyja4": 0.14209508,
  "lskhghrkypt5jc4aov3jhjdhf5p4egn8c6q9wd5gf": 0.65719434,
  "lskm7dquz6jepotwx4z4uyt2oswaaphdyz98nzy7c": 0.00887875,
  "lskxttp8vcvexx4h3wm5dkdguemha4zncz8p74j9q": 0.08880989,
  "lskhw729t89vkhuoe699462ejrpg5z5duxx8wrodn": 0.54174147,
  "lskmwegwjdhoo8two5yhubsro7zzo5ycx2fabqxcr": 0.07104605,
  "lskzeayrtw5basxrjad2trv6a9doftaw9j3wyqkqn": 0.22202324,
  "lskq7jrtxzjpsof24csvvhrc6f6hc84eqmj8w3euk": 0.53285974
}
