{
  "lskf859xyn687gd7rvecbbrq2u7srcvtztwa9yc56": 332.31511007,
  "lskztxrxns7vrc6ufkmvermu5vhv49cocufk8ehxr": 12.60950974,
  "lsk8aa5t5kfkm8bgug6btdut2ekry4paoeognz4cg": 7.3847783,
  "lskd2pzojbngse68vngezmp5wgvrf23yjqjtdot7j": 0.28122448,
  "lskwwqc6pneqwxxd329kycxp8s7mbvx7u2rk9kv72": 0.03692297,
  "lskeznp4yudpkavth98ebmzw6jz6pym5hzpqgj8tp": 0.01845994,
  "lsk4hc83tf7r9q4czg69dj4xo442fsmwte7qerx2d": 18.46194809,
  "lsk3fw4ttb62k46xkommswj9wbd78kmfzzp78mohg": 16.19113023,
  "lskscse9jsp62sg2yw37t8n65bxswfodkto7vyja4": 0.62247912,
  "lskm7dquz6jepotwx4z4uyt2oswaaphdyz98nzy7c": 0.01845994,
  "lskxttp8vcvexx4h3wm5dkdguemha4zncz8p74j9q": 0.18461835,
  "lskhw729t89vkhuoe699462ejrpg5z5duxx8wrodn": 1.38464456,
  "lskmwegwjdhoo8two5yhubsro7zzo5ycx2fabqxcr": 0.33231336,
  "lskzeayrtw5basxrjad2trv6a9doftaw9j3wyqkqn": 0.46154743,
  "lskq7jrtxzjpsof24csvvhrc6f6hc84eqmj8w3euk": 1.10771548,
  "lsk5omwum4qt24du89cjprwkth9zxtau25rcakg5o": 4.30163168,
  "lsk58kg5pnauk9rakd2ht25avqv4a6dkzbs5ngbu2": 1.84619338,
  "lsk98hotayxrzbf8hhf85zd3jdb48v7cda668z7qz": 0.46154743,
  "lskxdbkaqmucdeh5gvwy4jeqmcwczqtm57jt8sg3q": 1.34772032,
  "lsku25nhr8g72hccqg5ovcqe7krtt8vudvnn2my6f": 2.0308128,
  "lsk278wvfc9w56ek4dcnahvvryug2ma7wp6k4ff78": 0.94155707,
  "lskb5mno76fheuvm53wj359kr5epz8eybhxophh8o": 0.92309606,
  "lskp6q5zjvxeogmqnrv29s82h8cm5rr293njqjxdh": 1.66157374,
  "lskottbwnvryko94rwvvppapjtoa5fge3466kpjfr": 9.23097292,
  "lskwdowv62mv5v96zu9gwo6pw8akxs5a994zh57hg": 0.59078145,
  "lskv2fmavyujo4k4b829crkotvr2fhz2kn88qqp4m": 0.09520005,
  "lskxf4p79sfxy3uop2tx2rysstt8qewqecch5xwd8": 1.85566934,
  "lsk9vqoookbbjphmbs29kv6za5tf66udpx6cboanw": 0.3052284
}
