{
  "lskf859xyn687gd7rvecbbrq2u7srcvtztwa9yc56": 201.20784505,
  "lskztxrxns7vrc6ufkmvermu5vhv49cocufk8ehxr": 7.63471784,
  "lsk8aa5t5kfkm8bgug6btdut2ekry4paoeognz4cg": 4.47128355,
  "lskd2pzojbngse68vngezmp5wgvrf23yjqjtdot7j": 0.279453,
  "lskwwqc6pneqwxxd329kycxp8s7mbvx7u2rk9kv72": 0.01117713,
  "lskeznp4yudpkavth98ebmzw6jz6pym5hzpqgj8tp": 0.01117713,
  "lsk4hc83tf7r9q4czg69dj4xo442fsmwte7qerx2d": 11.17821062,
  "lsk3fw4ttb62k46xkommswj9wbd78kmfzzp78mohg": 9.80328992,
  "lskscse9jsp62sg2yw37t8n65bxswfodkto7vyja4": 0.29513865,
  "lskhghrkypt5jc4aov3jhjdhf5p4egn8c6q9wd5gf": 1.03957123,
  "lskm7dquz6jepotwx4z4uyt2oswaaphdyz98nzy7c": 0.01117713,
  "lskxttp8vcvexx4h3wm5dkdguemha4zncz8p74j9q": 0.11178092,
  "lskhw729t89vkhuoe699462ejrpg5z5duxx8wrodn": 0.68186899,
  "lskmwegwjdhoo8two5yhubsro7zzo5ycx2fabqxcr": 0.20120479,
  "lskzeayrtw5basxrjad2trv6a9doftaw9j3wyqkqn": 0.279453,
  "lskq7jrtxzjpsof24csvvhrc6f6hc84eqmj8w3euk": 0.6706909,
  "lsk5omwum4qt24du89cjprwkth9zxtau25rcakg5o": 2.60452193,
  "lsk58kg5pnauk9rakd2ht25avqv4a6dkzbs5ngbu2": 0.60070194,
  "lsk98hotayxrzbf8hhf85zd3jdb48v7cda668z7qz": 0.279453,
  "lskxdbkaqmucdeh5gvwy4jeqmcwczqtm57jt8sg3q": 0.8160067,
  "lsku25nhr8g72hccqg5ovcqe7krtt8vudvnn2my6f": 1.22960123,
  "lsk278wvfc9w56ek4dcnahvvryug2ma7wp6k4ff78": 0.57008711,
  "lskb5mno76fheuvm53wj359kr5epz8eybhxophh8o": 0.01154026
}
