{
  "lskf859xyn687gd7rvecbbrq2u7srcvtztwa9yc56": 14.4694532,
  "lskztxrxns7vrc6ufkmvermu5vhv49cocufk8ehxr": 0.5490352,
  "lskeznp4yudpkavth98ebmzw6jz6pym5hzpqgj8tp": 0.00080368,
  "lsk3fw4ttb62k46xkommswj9wbd78kmfzzp78mohg": 0.71623768,
  "lskscse9jsp62sg2yw37t8n65bxswfodkto7vyja4": 0.04180048,
  "lskm7dquz6jepotwx4z4uyt2oswaaphdyz98nzy7c": 0.00080368,
  "lskxttp8vcvexx4h3wm5dkdguemha4zncz8p74j9q": 0.0080384,
  "lskhw729t89vkhuoe699462ejrpg5z5duxx8wrodn": 0.0602892,
  "lskmwegwjdhoo8two5yhubsro7zzo5ycx2fabqxcr": 0.01446928,
  "lsk98hotayxrzbf8hhf85zd3jdb48v7cda668z7qz": 0.0200964,
  "lskxdbkaqmucdeh5gvwy4jeqmcwczqtm57jt8sg3q": 0.0586816,
  "lsku25nhr8g72hccqg5ovcqe7krtt8vudvnn2my6f": 0.0884244,
  "lsk278wvfc9w56ek4dcnahvvryug2ma7wp6k4ff78": 0.00080368,
  "lskb5mno76fheuvm53wj359kr5epz8eybhxophh8o": 0.0401928,
  "lskp6q5zjvxeogmqnrv29s82h8cm5rr293njqjxdh": 0.05627,
  "lskv2fmavyujo4k4b829crkotvr2fhz2kn88qqp4m": 0.0080384,
  "lskd7h7qgfzam3juqvfwnh98h26qmj99xdnts9dur": 0.0313504,
  "lsk945efxyh5sdjhcebwomjkachoweptmuw875sjp": 0.20257208,
  "lskpbwgrq6pdop3sxkvr3v9757wekks2p8sbaw6dk": 0.0066,
  "lskumrdgca4a6p3ws2btjf6vyqwjmzctesghvcwen": 3.29581968,
  "lskc3du5erm5snzxcq5nnsm658qe5wk4y2wbz38qo": 0.3271704,
  "lsk9xn7w5wzhg85xgng875h8cpajmf8kn9hpmd8cm": 0.00964608
}
