{
  "lskf859xyn687gd7rvecbbrq2u7srcvtztwa9yc56": 231.85508838,
  "lskztxrxns7vrc6ufkmvermu5vhv49cocufk8ehxr": 8.79760964,
  "lsk8aa5t5kfkm8bgug6btdut2ekry4paoeognz4cg": 5.15233324,
  "lskwwqc6pneqwxxd329kycxp8s7mbvx7u2rk9kv72": 0.02575954,
  "lskeznp4yudpkavth98ebmzw6jz6pym5hzpqgj8tp": 0.01287871,
  "lsk4hc83tf7r9q4czg69dj4xo442fsmwte7qerx2d": 12.8808364,
  "lsk3fw4ttb62k46xkommswj9wbd78kmfzzp78mohg": 11.29649309,
  "lskscse9jsp62sg2yw37t8n65bxswfodkto7vyja4": 0.47072215,
  "lskm7dquz6jepotwx4z4uyt2oswaaphdyz98nzy7c": 0.01287871,
  "lskxttp8vcvexx4h3wm5dkdguemha4zncz8p74j9q": 0.12880685,
  "lskhw729t89vkhuoe699462ejrpg5z5duxx8wrodn": 0.96606024,
  "lskmwegwjdhoo8two5yhubsro7zzo5ycx2fabqxcr": 0.23185219,
  "lskzeayrtw5basxrjad2trv6a9doftaw9j3wyqkqn": 0.32201773,
  "lskq7jrtxzjpsof24csvvhrc6f6hc84eqmj8w3euk": 0.7728471,
  "lsk5omwum4qt24du89cjprwkth9zxtau25rcakg5o": 3.00123212,
  "lsk58kg5pnauk9rakd2ht25avqv4a6dkzbs5ngbu2": 1.28808075,
  "lsk98hotayxrzbf8hhf85zd3jdb48v7cda668z7qz": 0.32201773,
  "lskxdbkaqmucdeh5gvwy4jeqmcwczqtm57jt8sg3q": 0.94029724,
  "lsku25nhr8g72hccqg5ovcqe7krtt8vudvnn2my6f": 1.41689081,
  "lsk278wvfc9w56ek4dcnahvvryug2ma7wp6k4ff78": 0.65692014,
  "lskb5mno76fheuvm53wj359kr5epz8eybhxophh8o": 0.64403881,
  "lskp6q5zjvxeogmqnrv29s82h8cm5rr293njqjxdh": 1.15927314,
  "lskottbwnvryko94rwvvppapjtoa5fge3466kpjfr": 6.44041645,
  "lskwdowv62mv5v96zu9gwo6pw8akxs5a994zh57hg": 0.4121855,
  "lskv2fmavyujo4k4b829crkotvr2fhz2kn88qqp4m": 0.12880685,
  "lskxf4p79sfxy3uop2tx2rysstt8qewqecch5xwd8": 1.300962,
  "lsk9vqoookbbjphmbs29kv6za5tf66udpx6cboanw": 0.64403881,
  "lskd7h7qgfzam3juqvfwnh98h26qmj99xdnts9dur": 0.07630885,
  "lsk62evnyy8uw2vrs67mah72879otfnhddbqdt9um": 1.14227664
}
