{
  "lskf859xyn687gd7rvecbbrq2u7srcvtztwa9yc56": 5.12697159,
  "lskztxrxns7vrc6ufkmvermu5vhv49cocufk8ehxr": 0.19454001,
  "lskwwqc6pneqwxxd329kycxp8s7mbvx7u2rk9kv72": 0.00056955,
  "lskeznp4yudpkavth98ebmzw6jz6pym5hzpqgj8tp": 0.00028471,
  "lsk3fw4ttb62k46xkommswj9wbd78kmfzzp78mohg": 0.25378506,
  "lskscse9jsp62sg2yw37t8n65bxswfodkto7vyja4": 0.01395667,
  "lskm7dquz6jepotwx4z4uyt2oswaaphdyz98nzy7c": 0.00028471,
  "lskxttp8vcvexx4h3wm5dkdguemha4zncz8p74j9q": 0.00284823,
  "lskhw729t89vkhuoe699462ejrpg5z5duxx8wrodn": 0.02136237,
  "lskmwegwjdhoo8two5yhubsro7zzo5ycx2fabqxcr": 0.00512691,
  "lsk98hotayxrzbf8hhf85zd3jdb48v7cda668z7qz": 0.00712074,
  "lskxdbkaqmucdeh5gvwy4jeqmcwczqtm57jt8sg3q": 0.02079268,
  "lsku25nhr8g72hccqg5ovcqe7krtt8vudvnn2my6f": 0.03133146,
  "lsk278wvfc9w56ek4dcnahvvryug2ma7wp6k4ff78": 0.00028471,
  "lskb5mno76fheuvm53wj359kr5epz8eybhxophh8o": 0.01424149,
  "lskp6q5zjvxeogmqnrv29s82h8cm5rr293njqjxdh": 0.02563477,
  "lskottbwnvryko94rwvvppapjtoa5fge3466kpjfr": 0.05696623,
  "lskv2fmavyujo4k4b829crkotvr2fhz2kn88qqp4m": 0.00284823,
  "lsk9vqoookbbjphmbs29kv6za5tf66udpx6cboanw": 0.01424149,
  "lskd7h7qgfzam3juqvfwnh98h26qmj99xdnts9dur": 0.00721562,
  "lsk62evnyy8uw2vrs67mah72879otfnhddbqdt9um": 0.2848317,
  "lsk945efxyh5sdjhcebwomjkachoweptmuw875sjp": 0.07177752,
  "lsk2j9dsvzgark9ypzw2tzcn2vuyppattq54r9oss": 0.05924491,
  "lskpbwgrq6pdop3sxkvr3v9757wekks2p8sbaw6dk": 0.0066,
  "lskumrdgca4a6p3ws2btjf6vyqwjmzctesghvcwen": 1.16781013,
  "lskc3du5erm5snzxcq5nnsm658qe5wk4y2wbz38qo": 0.11592643
}
