{
  "lskf859xyn687gd7rvecbbrq2u7srcvtztwa9yc56": 76.38292713,
  "lskztxrxns7vrc6ufkmvermu5vhv49cocufk8ehxr": 2.89830688,
  "lsk8aa5t5kfkm8bgug6btdut2ekry4paoeognz4cg": 1.69739708,
  "lskd2pzojbngse68vngezmp5wgvrf23yjqjtdot7j": 0.10608699,
  "lskwwqc6pneqwxxd329kycxp8s7mbvx7u2rk9kv72": 0.00424262,
  "lskeznp4yudpkavth98ebmzw6jz6pym5hzpqgj8tp": 0.00424262,
  "lsk4hc83tf7r9q4czg69dj4xo442fsmwte7qerx2d": 4.24349488,
  "lsk3fw4ttb62k46xkommswj9wbd78kmfzzp78mohg": 3.64940617,
  "lskscse9jsp62sg2yw37t8n65bxswfodkto7vyja4": 0.06365186,
  "lskhghrkypt5jc4aov3jhjdhf5p4egn8c6q9wd5gf": 0.25005842,
  "lskm7dquz6jepotwx4z4uyt2oswaaphdyz98nzy7c": 0.00424262,
  "lskxttp8vcvexx4h3wm5dkdguemha4zncz8p74j9q": 0.04243369,
  "lskhw729t89vkhuoe699462ejrpg5z5duxx8wrodn": 0.25885196,
  "lskmwegwjdhoo8two5yhubsro7zzo5ycx2fabqxcr": 0.03394658,
  "lskzeayrtw5basxrjad2trv6a9doftaw9j3wyqkqn": 0.10608699,
  "lskq7jrtxzjpsof24csvvhrc6f6hc84eqmj8w3euk": 0.25460911
}
