{
  "lskf859xyn687gd7rvecbbrq2u7srcvtztwa9yc56": 189.96731834,
  "lskztxrxns7vrc6ufkmvermu5vhv49cocufk8ehxr": 7.20820208,
  "lsk8aa5t5kfkm8bgug6btdut2ekry4paoeognz4cg": 4.22149532,
  "lskd2pzojbngse68vngezmp5wgvrf23yjqjtdot7j": 0.26384067,
  "lskwwqc6pneqwxxd329kycxp8s7mbvx7u2rk9kv72": 0.01055092,
  "lskeznp4yudpkavth98ebmzw6jz6pym5hzpqgj8tp": 0.01055092,
  "lsk4hc83tf7r9q4czg69dj4xo442fsmwte7qerx2d": 10.5537379,
  "lsk3fw4ttb62k46xkommswj9wbd78kmfzzp78mohg": 9.0762138,
  "lskscse9jsp62sg2yw37t8n65bxswfodkto7vyja4": 0.16572487,
  "lskhghrkypt5jc4aov3jhjdhf5p4egn8c6q9wd5gf": 0.78097372,
  "lskm7dquz6jepotwx4z4uyt2oswaaphdyz98nzy7c": 0.01055092,
  "lskxttp8vcvexx4h3wm5dkdguemha4zncz8p74j9q": 0.10553669,
  "lskhw729t89vkhuoe699462ejrpg5z5duxx8wrodn": 0.64377636,
  "lskmwegwjdhoo8two5yhubsro7zzo5ycx2fabqxcr": 0.08442745,
  "lskzeayrtw5basxrjad2trv6a9doftaw9j3wyqkqn": 0.26384067,
  "lskq7jrtxzjpsof24csvvhrc6f6hc84eqmj8w3euk": 0.63322183
}
