{
  "lskf859xyn687gd7rvecbbrq2u7srcvtztwa9yc56": 91.3871252,
  "lskztxrxns7vrc6ufkmvermu5vhv49cocufk8ehxr": 3.46763233,
  "lskwwqc6pneqwxxd329kycxp8s7mbvx7u2rk9kv72": 0.0101528,
  "lskeznp4yudpkavth98ebmzw6jz6pym5hzpqgj8tp": 0.0050764,
  "lsk4hc83tf7r9q4czg69dj4xo442fsmwte7qerx2d": 5.07706113,
  "lsk3fw4ttb62k46xkommswj9wbd78kmfzzp78mohg": 4.52366073,
  "lskscse9jsp62sg2yw37t8n65bxswfodkto7vyja4": 0.2386216,
  "lskm7dquz6jepotwx4z4uyt2oswaaphdyz98nzy7c": 0.0050764,
  "lskxttp8vcvexx4h3wm5dkdguemha4zncz8p74j9q": 0.0507696,
  "lskhw729t89vkhuoe699462ejrpg5z5duxx8wrodn": 0.38077793,
  "lskmwegwjdhoo8two5yhubsro7zzo5ycx2fabqxcr": 0.0913864,
  "lskzeayrtw5basxrjad2trv6a9doftaw9j3wyqkqn": 0.12692433,
  "lskq7jrtxzjpsof24csvvhrc6f6hc84eqmj8w3euk": 0.50770473,
  "lsk5omwum4qt24du89cjprwkth9zxtau25rcakg5o": 1.1829552,
  "lsk98hotayxrzbf8hhf85zd3jdb48v7cda668z7qz": 0.12692433,
  "lskxdbkaqmucdeh5gvwy4jeqmcwczqtm57jt8sg3q": 0.3706248,
  "lsku25nhr8g72hccqg5ovcqe7krtt8vudvnn2my6f": 0.5584768,
  "lsk278wvfc9w56ek4dcnahvvryug2ma7wp6k4ff78": 0.0050764,
  "lskb5mno76fheuvm53wj359kr5epz8eybhxophh8o": 0.25385113,
  "lskp6q5zjvxeogmqnrv29s82h8cm5rr293njqjxdh": 0.4569348,
  "lskottbwnvryko94rwvvppapjtoa5fge3466kpjfr": 2.5385304,
  "lskv2fmavyujo4k4b829crkotvr2fhz2kn88qqp4m": 0.0507696,
  "lsk9vqoookbbjphmbs29kv6za5tf66udpx6cboanw": 0.25385113,
  "lskd7h7qgfzam3juqvfwnh98h26qmj99xdnts9dur": 0.10153953,
  "lsk62evnyy8uw2vrs67mah72879otfnhddbqdt9um": 5.07706113,
  "lsk945efxyh5sdjhcebwomjkachoweptmuw875sjp": 1.27941833,
  "lsk2j9dsvzgark9ypzw2tzcn2vuyppattq54r9oss": 1.0560284,
  "lskpbwgrq6pdop3sxkvr3v9757wekks2p8sbaw6dk": 0.0066,
  "lskumrdgca4a6p3ws2btjf6vyqwjmzctesghvcwen": 20.815956
}
