{
  "lskf859xyn687gd7rvecbbrq2u7srcvtztwa9yc56": 298.87266131,
  "lskztxrxns7vrc6ufkmvermu5vhv49cocufk8ehxr": 11.34055486,
  "lsk8aa5t5kfkm8bgug6btdut2ekry4paoeognz4cg": 6.64161302,
  "lskd2pzojbngse68vngezmp5wgvrf23yjqjtdot7j": 0.28122448,
  "lskwwqc6pneqwxxd329kycxp8s7mbvx7u2rk9kv72": 0.03320723,
  "lskeznp4yudpkavth98ebmzw6jz6pym5hzpqgj8tp": 0.01660222,
  "lsk4hc83tf7r9q4czg69dj4xo442fsmwte7qerx2d": 16.60403441,
  "lsk3fw4ttb62k46xkommswj9wbd78kmfzzp78mohg": 14.56173981,
  "lskscse9jsp62sg2yw37t8n65bxswfodkto7vyja4": 0.55931022,
  "lskm7dquz6jepotwx4z4uyt2oswaaphdyz98nzy7c": 0.01660222,
  "lskxttp8vcvexx4h3wm5dkdguemha4zncz8p74j9q": 0.16603923,
  "lskhw729t89vkhuoe699462ejrpg5z5duxx8wrodn": 1.24530116,
  "lskmwegwjdhoo8two5yhubsro7zzo5ycx2fabqxcr": 0.29887122,
  "lskzeayrtw5basxrjad2trv6a9doftaw9j3wyqkqn": 0.41509963,
  "lskq7jrtxzjpsof24csvvhrc6f6hc84eqmj8w3euk": 0.99624076,
  "lsk5omwum4qt24du89cjprwkth9zxtau25rcakg5o": 3.86873804,
  "lsk58kg5pnauk9rakd2ht25avqv4a6dkzbs5ngbu2": 1.66040218,
  "lsk98hotayxrzbf8hhf85zd3jdb48v7cda668z7qz": 0.41509963,
  "lskxdbkaqmucdeh5gvwy4jeqmcwczqtm57jt8sg3q": 1.21209266,
  "lsku25nhr8g72hccqg5ovcqe7krtt8vudvnn2my6f": 1.82644248,
  "lsk278wvfc9w56ek4dcnahvvryug2ma7wp6k4ff78": 0.84680375,
  "lskb5mno76fheuvm53wj359kr5epz8eybhxophh8o": 0.83020046,
  "lskp6q5zjvxeogmqnrv29s82h8cm5rr293njqjxdh": 1.49436166,
  "lskottbwnvryko94rwvvppapjtoa5fge3466kpjfr": 8.30201608,
  "lskwdowv62mv5v96zu9gwo6pw8akxs5a994zh57hg": 0.53132835,
  "lskv2fmavyujo4k4b829crkotvr2fhz2kn88qqp4m": 0.08591049,
  "lskxf4p79sfxy3uop2tx2rysstt8qewqecch5xwd8": 1.66802006,
  "lsk9vqoookbbjphmbs29kv6za5tf66udpx6cboanw": 0.2123328
}
