{
  "lskf859xyn687gd7rvecbbrq2u7srcvtztwa9yc56": 41.07746832,
  "lskztxrxns7vrc6ufkmvermu5vhv49cocufk8ehxr": 1.55866144,
  "lsk3fw4ttb62k46xkommswj9wbd78kmfzzp78mohg": 2.03333424,
  "lskscse9jsp62sg2yw37t8n65bxswfodkto7vyja4": 0.16202719,
  "lskm7dquz6jepotwx4z4uyt2oswaaphdyz98nzy7c": 0.00228159,
  "lskxttp8vcvexx4h3wm5dkdguemha4zncz8p74j9q": 0.02282015,
  "lskmwegwjdhoo8two5yhubsro7zzo5ycx2fabqxcr": 0.04107712,
  "lsk98hotayxrzbf8hhf85zd3jdb48v7cda668z7qz": 0.05705168,
  "lskxdbkaqmucdeh5gvwy4jeqmcwczqtm57jt8sg3q": 0.16659119,
  "lsku25nhr8g72hccqg5ovcqe7krtt8vudvnn2my6f": 0.25102896,
  "lsk278wvfc9w56ek4dcnahvvryug2ma7wp6k4ff78": 0.00228159,
  "lskb5mno76fheuvm53wj359kr5epz8eybhxophh8o": 0.11410351,
  "lskp6q5zjvxeogmqnrv29s82h8cm5rr293njqjxdh": 0.1597456,
  "lskv2fmavyujo4k4b829crkotvr2fhz2kn88qqp4m": 0.01140959,
  "lskd7h7qgfzam3juqvfwnh98h26qmj99xdnts9dur": 0.0890008,
  "lskpbwgrq6pdop3sxkvr3v9757wekks2p8sbaw6dk": 0.0066,
  "lskumrdgca4a6p3ws2btjf6vyqwjmzctesghvcwen": 9.35653391,
  "lskc3du5erm5snzxcq5nnsm658qe5wk4y2wbz38qo": 0.89229295,
  "lskdm6dt4xmyvu6cnjoxk9ua5z26ssnamqz7ftqfo": 0.00228159
}
