{
  "lskf859xyn687gd7rvecbbrq2u7srcvtztwa9yc56": 80.59651712,
  "lskztxrxns7vrc6ufkmvermu5vhv49cocufk8ehxr": 3.0581888,
  "lskwwqc6pneqwxxd329kycxp8s7mbvx7u2rk9kv72": 0.00895407,
  "lskeznp4yudpkavth98ebmzw6jz6pym5hzpqgj8tp": 0.00447607,
  "lsk3fw4ttb62k46xkommswj9wbd78kmfzzp78mohg": 3.98952651,
  "lskscse9jsp62sg2yw37t8n65bxswfodkto7vyja4": 0.21044533,
  "lskm7dquz6jepotwx4z4uyt2oswaaphdyz98nzy7c": 0.00447607,
  "lskxttp8vcvexx4h3wm5dkdguemha4zncz8p74j9q": 0.04477471,
  "lskhw729t89vkhuoe699462ejrpg5z5duxx8wrodn": 0.33581804,
  "lskmwegwjdhoo8two5yhubsro7zzo5ycx2fabqxcr": 0.08059552,
  "lskzeayrtw5basxrjad2trv6a9doftaw9j3wyqkqn": 0.11193857,
  "lsk98hotayxrzbf8hhf85zd3jdb48v7cda668z7qz": 0.11193857,
  "lskxdbkaqmucdeh5gvwy4jeqmcwczqtm57jt8sg3q": 0.32686224,
  "lsku25nhr8g72hccqg5ovcqe7krtt8vudvnn2my6f": 0.49253335,
  "lsk278wvfc9w56ek4dcnahvvryug2ma7wp6k4ff78": 0.00447607,
  "lskb5mno76fheuvm53wj359kr5epz8eybhxophh8o": 0.2238775,
  "lskp6q5zjvxeogmqnrv29s82h8cm5rr293njqjxdh": 0.40298177,
  "lskottbwnvryko94rwvvppapjtoa5fge3466kpjfr": 2.2387912,
  "lskv2fmavyujo4k4b829crkotvr2fhz2kn88qqp4m": 0.04477471,
  "lsk9vqoookbbjphmbs29kv6za5tf66udpx6cboanw": 0.2238775,
  "lskd7h7qgfzam3juqvfwnh98h26qmj99xdnts9dur": 0.09385923,
  "lsk62evnyy8uw2vrs67mah72879otfnhddbqdt9um": 4.47758409,
  "lsk945efxyh5sdjhcebwomjkachoweptmuw875sjp": 1.12835014,
  "lsk2j9dsvzgark9ypzw2tzcn2vuyppattq54r9oss": 0.93133647,
  "lskpbwgrq6pdop3sxkvr3v9757wekks2p8sbaw6dk": 0.0066,
  "lskumrdgca4a6p3ws2btjf6vyqwjmzctesghvcwen": 18.35809392,
  "lskc3du5erm5snzxcq5nnsm658qe5wk4y2wbz38qo": 0.99492304
}
