{
  "lskf859xyn687gd7rvecbbrq2u7srcvtztwa9yc56": 127.986348,
  "lskztxrxns7vrc6ufkmvermu5vhv49cocufk8ehxr": 4.8563695,
  "lsk3fw4ttb62k46xkommswj9wbd78kmfzzp78mohg": 6.3353225,
  "lskscse9jsp62sg2yw37t8n65bxswfodkto7vyja4": 0.4408395,
  "lskm7dquz6jepotwx4z4uyt2oswaaphdyz98nzy7c": 0.007109,
  "lskxttp8vcvexx4h3wm5dkdguemha4zncz8p74j9q": 0.0711025,
  "lskhw729t89vkhuoe699462ejrpg5z5duxx8wrodn": 0.5830475,
  "lskmwegwjdhoo8two5yhubsro7zzo5ycx2fabqxcr": 0.127985,
  "lsk98hotayxrzbf8hhf85zd3jdb48v7cda668z7qz": 0.177758,
  "lskxdbkaqmucdeh5gvwy4jeqmcwczqtm57jt8sg3q": 0.519054,
  "lsku25nhr8g72hccqg5ovcqe7krtt8vudvnn2my6f": 0.782138,
  "lsk278wvfc9w56ek4dcnahvvryug2ma7wp6k4ff78": 0.007109,
  "lskb5mno76fheuvm53wj359kr5epz8eybhxophh8o": 0.355516,
  "lskp6q5zjvxeogmqnrv29s82h8cm5rr293njqjxdh": 0.4977245,
  "lskv2fmavyujo4k4b829crkotvr2fhz2kn88qqp4m": 0.03555,
  "lskd7h7qgfzam3juqvfwnh98h26qmj99xdnts9dur": 0.277302,
  "lskpbwgrq6pdop3sxkvr3v9757wekks2p8sbaw6dk": 0.0066,
  "lskumrdgca4a6p3ws2btjf6vyqwjmzctesghvcwen": 29.152445,
  "lskc3du5erm5snzxcq5nnsm658qe5wk4y2wbz38qo": 2.780145,
  "lskdm6dt4xmyvu6cnjoxk9ua5z26ssnamqz7ftqfo": 0.007109
}
