{
  "lskf859xyn687gd7rvecbbrq2u7srcvtztwa9yc56": 168.94197936,
  "lskztxrxns7vrc6ufkmvermu5vhv49cocufk8ehxr": 6.41040772,
  "lsk3fw4ttb62k46xkommswj9wbd78kmfzzp78mohg": 8.36262568,
  "lskscse9jsp62sg2yw37t8n65bxswfodkto7vyja4": 0.58190812,
  "lskm7dquz6jepotwx4z4uyt2oswaaphdyz98nzy7c": 0.00938386,
  "lskxttp8vcvexx4h3wm5dkdguemha4zncz8p74j9q": 0.0938553,
  "lskhw729t89vkhuoe699462ejrpg5z5duxx8wrodn": 0.7696227,
  "lskmwegwjdhoo8two5yhubsro7zzo5ycx2fabqxcr": 0.16894018,
  "lsk98hotayxrzbf8hhf85zd3jdb48v7cda668z7qz": 0.23464056,
  "lskxdbkaqmucdeh5gvwy4jeqmcwczqtm57jt8sg3q": 0.68515126,
  "lsku25nhr8g72hccqg5ovcqe7krtt8vudvnn2my6f": 1.03242216,
  "lsk278wvfc9w56ek4dcnahvvryug2ma7wp6k4ff78": 0.00938386,
  "lskb5mno76fheuvm53wj359kr5epz8eybhxophh8o": 0.46928112,
  "lskp6q5zjvxeogmqnrv29s82h8cm5rr293njqjxdh": 0.65699634,
  "lskv2fmavyujo4k4b829crkotvr2fhz2kn88qqp4m": 0.04692598,
  "lskd7h7qgfzam3juqvfwnh98h26qmj99xdnts9dur": 0.36603862,
  "lskpbwgrq6pdop3sxkvr3v9757wekks2p8sbaw6dk": 0.0066,
  "lskumrdgca4a6p3ws2btjf6vyqwjmzctesghvcwen": 38.4812274,
  "lskc3du5erm5snzxcq5nnsm658qe5wk4y2wbz38qo": 3.66979138,
  "lskdm6dt4xmyvu6cnjoxk9ua5z26ssnamqz7ftqfo": 0.00938386
}
