{
  "lskf859xyn687gd7rvecbbrq2u7srcvtztwa9yc56": 129.23723201,
  "lskztxrxns7vrc6ufkmvermu5vhv49cocufk8ehxr": 4.90383337,
  "lskwwqc6pneqwxxd329kycxp8s7mbvx7u2rk9kv72": 0.01435879,
  "lskeznp4yudpkavth98ebmzw6jz6pym5hzpqgj8tp": 0.007178,
  "lsk3fw4ttb62k46xkommswj9wbd78kmfzzp78mohg": 6.39724253,
  "lskscse9jsp62sg2yw37t8n65bxswfodkto7vyja4": 0.35181051,
  "lskm7dquz6jepotwx4z4uyt2oswaaphdyz98nzy7c": 0.007178,
  "lskxttp8vcvexx4h3wm5dkdguemha4zncz8p74j9q": 0.071798,
  "lskhw729t89vkhuoe699462ejrpg5z5duxx8wrodn": 0.5384871,
  "lskmwegwjdhoo8two5yhubsro7zzo5ycx2fabqxcr": 0.12923501,
  "lsk98hotayxrzbf8hhf85zd3jdb48v7cda668z7qz": 0.17949519,
  "lskxdbkaqmucdeh5gvwy4jeqmcwczqtm57jt8sg3q": 0.52412696,
  "lsku25nhr8g72hccqg5ovcqe7krtt8vudvnn2my6f": 0.78978057,
  "lsk278wvfc9w56ek4dcnahvvryug2ma7wp6k4ff78": 0.007178,
  "lskb5mno76fheuvm53wj359kr5epz8eybhxophh8o": 0.35899052,
  "lskp6q5zjvxeogmqnrv29s82h8cm5rr293njqjxdh": 0.54625658,
  "lskottbwnvryko94rwvvppapjtoa5fge3466kpjfr": 0.4556889,
  "lskv2fmavyujo4k4b829crkotvr2fhz2kn88qqp4m": 0.071798,
  "lsk9vqoookbbjphmbs29kv6za5tf66udpx6cboanw": 0.35899052,
  "lskd7h7qgfzam3juqvfwnh98h26qmj99xdnts9dur": 0.20716901,
  "lsk62evnyy8uw2vrs67mah72879otfnhddbqdt9um": 7.17984503,
  "lsk945efxyh5sdjhcebwomjkachoweptmuw875sjp": 1.8093197,
  "lsk2j9dsvzgark9ypzw2tzcn2vuyppattq54r9oss": 1.4934062,
  "lskpbwgrq6pdop3sxkvr3v9757wekks2p8sbaw6dk": 0.0066,
  "lskumrdgca4a6p3ws2btjf6vyqwjmzctesghvcwen": 29.43736776,
  "lskc3du5erm5snzxcq5nnsm658qe5wk4y2wbz38qo": 2.92219523
}
