{
  "lskf859xyn687gd7rvecbbrq2u7srcvtztwa9yc56": 189.41456342,
  "lskztxrxns7vrc6ufkmvermu5vhv49cocufk8ehxr": 7.18722755,
  "lskwwqc6pneqwxxd329kycxp8s7mbvx7u2rk9kv72": 0.02104329,
  "lskeznp4yudpkavth98ebmzw6jz6pym5hzpqgj8tp": 0.01052074,
  "lsk4hc83tf7r9q4czg69dj4xo442fsmwte7qerx2d": 6.52438648,
  "lsk3fw4ttb62k46xkommswj9wbd78kmfzzp78mohg": 9.37601766,
  "lskscse9jsp62sg2yw37t8n65bxswfodkto7vyja4": 0.49458039,
  "lskm7dquz6jepotwx4z4uyt2oswaaphdyz98nzy7c": 0.01052074,
  "lskxttp8vcvexx4h3wm5dkdguemha4zncz8p74j9q": 0.10522847,
  "lskhw729t89vkhuoe699462ejrpg5z5duxx8wrodn": 0.78922422,
  "lskmwegwjdhoo8two5yhubsro7zzo5ycx2fabqxcr": 0.18941219,
  "lskzeayrtw5basxrjad2trv6a9doftaw9j3wyqkqn": 0.26307278,
  "lskq7jrtxzjpsof24csvvhrc6f6hc84eqmj8w3euk": 0.65063087,
  "lsk5omwum4qt24du89cjprwkth9zxtau25rcakg5o": 1.55073601,
  "lsk98hotayxrzbf8hhf85zd3jdb48v7cda668z7qz": 0.26307278,
  "lskxdbkaqmucdeh5gvwy4jeqmcwczqtm57jt8sg3q": 0.76817916,
  "lsku25nhr8g72hccqg5ovcqe7krtt8vudvnn2my6f": 1.15753109,
  "lsk278wvfc9w56ek4dcnahvvryug2ma7wp6k4ff78": 0.01052074,
  "lskb5mno76fheuvm53wj359kr5epz8eybhxophh8o": 0.52614793,
  "lskp6q5zjvxeogmqnrv29s82h8cm5rr293njqjxdh": 0.94707061,
  "lskottbwnvryko94rwvvppapjtoa5fge3466kpjfr": 5.2615139,
  "lskv2fmavyujo4k4b829crkotvr2fhz2kn88qqp4m": 0.10522847,
  "lsk9vqoookbbjphmbs29kv6za5tf66udpx6cboanw": 0.52614793,
  "lskd7h7qgfzam3juqvfwnh98h26qmj99xdnts9dur": 0.21045859,
  "lsk62evnyy8uw2vrs67mah72879otfnhddbqdt9um": 10.52302968,
  "lsk945efxyh5sdjhcebwomjkachoweptmuw875sjp": 2.65180124,
  "lsk2j9dsvzgark9ypzw2tzcn2vuyppattq54r9oss": 2.18878862,
  "lskpbwgrq6pdop3sxkvr3v9757wekks2p8sbaw6dk": 0.0066,
  "lskumrdgca4a6p3ws2btjf6vyqwjmzctesghvcwen": 43.14442628,
  "lskc3du5erm5snzxcq5nnsm658qe5wk4y2wbz38qo": 1.62884972
}
