{
  "lskf859xyn687gd7rvecbbrq2u7srcvtztwa9yc56": 162.04484862,
  "lskztxrxns7vrc6ufkmvermu5vhv49cocufk8ehxr": 6.14870144,
  "lsk3fw4ttb62k46xkommswj9wbd78kmfzzp78mohg": 8.02121662,
  "lskscse9jsp62sg2yw37t8n65bxswfodkto7vyja4": 0.4951347,
  "lskm7dquz6jepotwx4z4uyt2oswaaphdyz98nzy7c": 0.00900032,
  "lskxttp8vcvexx4h3wm5dkdguemha4zncz8p74j9q": 0.09002174,
  "lskhw729t89vkhuoe699462ejrpg5z5duxx8wrodn": 0.73820158,
  "lskmwegwjdhoo8two5yhubsro7zzo5ycx2fabqxcr": 0.16204222,
  "lsk98hotayxrzbf8hhf85zd3jdb48v7cda668z7qz": 0.22506176,
  "lskxdbkaqmucdeh5gvwy4jeqmcwczqtm57jt8sg3q": 0.65718016,
  "lsku25nhr8g72hccqg5ovcqe7krtt8vudvnn2my6f": 0.99027264,
  "lsk278wvfc9w56ek4dcnahvvryug2ma7wp6k4ff78": 0.00900032,
  "lskb5mno76fheuvm53wj359kr5epz8eybhxophh8o": 0.45012352,
  "lskp6q5zjvxeogmqnrv29s82h8cm5rr293njqjxdh": 0.63017086,
  "lskv2fmavyujo4k4b829crkotvr2fhz2kn88qqp4m": 0.09002174,
  "lskd7h7qgfzam3juqvfwnh98h26qmj99xdnts9dur": 0.35109374,
  "lsk945efxyh5sdjhcebwomjkachoweptmuw875sjp": 2.2686272,
  "lskpbwgrq6pdop3sxkvr3v9757wekks2p8sbaw6dk": 0.0066,
  "lskumrdgca4a6p3ws2btjf6vyqwjmzctesghvcwen": 36.91021438,
  "lskc3du5erm5snzxcq5nnsm658qe5wk4y2wbz38qo": 3.51997246,
  "lsk9xn7w5wzhg85xgng875h8cpajmf8kn9hpmd8cm": 0.18004734,
  "lskdm6dt4xmyvu6cnjoxk9ua5z26ssnamqz7ftqfo": 0.00900032
}
