{
  "lskf859xyn687gd7rvecbbrq2u7srcvtztwa9yc56": 15.2246563,
  "lskztxrxns7vrc6ufkmvermu5vhv49cocufk8ehxr": 0.57769084,
  "lsk8aa5t5kfkm8bgug6btdut2ekry4paoeognz4cg": 0.33832546,
  "lskwwqc6pneqwxxd329kycxp8s7mbvx7u2rk9kv72": 0.00169127,
  "lskeznp4yudpkavth98ebmzw6jz6pym5hzpqgj8tp": 0.00084544,
  "lsk4hc83tf7r9q4czg69dj4xo442fsmwte7qerx2d": 0.84581403,
  "lsk3fw4ttb62k46xkommswj9wbd78kmfzzp78mohg": 0.74177897,
  "lskscse9jsp62sg2yw37t8n65bxswfodkto7vyja4": 0.03383238,
  "lskm7dquz6jepotwx4z4uyt2oswaaphdyz98nzy7c": 0.00084544,
  "lskxttp8vcvexx4h3wm5dkdguemha4zncz8p74j9q": 0.00845791,
  "lskhw729t89vkhuoe699462ejrpg5z5duxx8wrodn": 0.06343602,
  "lskmwegwjdhoo8two5yhubsro7zzo5ycx2fabqxcr": 0.01522453,
  "lskzeayrtw5basxrjad2trv6a9doftaw9j3wyqkqn": 0.02114534,
  "lskq7jrtxzjpsof24csvvhrc6f6hc84eqmj8w3euk": 0.08458136,
  "lsk5omwum4qt24du89cjprwkth9zxtau25rcakg5o": 0.1970747,
  "lsk58kg5pnauk9rakd2ht25avqv4a6dkzbs5ngbu2": 0.08458136,
  "lsk98hotayxrzbf8hhf85zd3jdb48v7cda668z7qz": 0.02114534,
  "lskxdbkaqmucdeh5gvwy4jeqmcwczqtm57jt8sg3q": 0.06174436,
  "lsku25nhr8g72hccqg5ovcqe7krtt8vudvnn2my6f": 0.09303927,
  "lsk278wvfc9w56ek4dcnahvvryug2ma7wp6k4ff78": 0.04313651,
  "lskb5mno76fheuvm53wj359kr5epz8eybhxophh8o": 0.04229068,
  "lskp6q5zjvxeogmqnrv29s82h8cm5rr293njqjxdh": 0.07612308,
  "lskottbwnvryko94rwvvppapjtoa5fge3466kpjfr": 0.42290682,
  "lskwdowv62mv5v96zu9gwo6pw8akxs5a994zh57hg": 0.02706576,
  "lskv2fmavyujo4k4b829crkotvr2fhz2kn88qqp4m": 0.00845791,
  "lskxf4p79sfxy3uop2tx2rysstt8qewqecch5xwd8": 0.08542719,
  "lsk9vqoookbbjphmbs29kv6za5tf66udpx6cboanw": 0.04229068,
  "lskd7h7qgfzam3juqvfwnh98h26qmj99xdnts9dur": 0.01691619,
  "lsk62evnyy8uw2vrs67mah72879otfnhddbqdt9um": 0.84581403,
  "lsk945efxyh5sdjhcebwomjkachoweptmuw875sjp": 0.21314506,
  "lsk9ybjgepsn8c6jo5bdpeuvdqrvexo2zsx8z3hhy": 0.08458136,
  "lsk2j9dsvzgark9ypzw2tzcn2vuyppattq54r9oss": 0.17592936,
  "lskpbwgrq6pdop3sxkvr3v9757wekks2p8sbaw6dk": 0.0066
}
