{
  "lskf859xyn687gd7rvecbbrq2u7srcvtztwa9yc56": 175.83662204,
  "lskztxrxns7vrc6ufkmvermu5vhv49cocufk8ehxr": 6.67202009,
  "lsk8aa5t5kfkm8bgug6btdut2ekry4paoeognz4cg": 3.90747811,
  "lskwwqc6pneqwxxd329kycxp8s7mbvx7u2rk9kv72": 0.01953377,
  "lskeznp4yudpkavth98ebmzw6jz6pym5hzpqgj8tp": 0.0097648,
  "lsk4hc83tf7r9q4czg69dj4xo442fsmwte7qerx2d": 9.76869937,
  "lsk3fw4ttb62k46xkommswj9wbd78kmfzzp78mohg": 8.56714962,
  "lskscse9jsp62sg2yw37t8n65bxswfodkto7vyja4": 0.39074578,
  "lskm7dquz6jepotwx4z4uyt2oswaaphdyz98nzy7c": 0.0097648,
  "lskxttp8vcvexx4h3wm5dkdguemha4zncz8p74j9q": 0.09768482,
  "lskhw729t89vkhuoe699462ejrpg5z5duxx8wrodn": 0.73265185,
  "lskmwegwjdhoo8two5yhubsro7zzo5ycx2fabqxcr": 0.175835,
  "lskzeayrtw5basxrjad2trv6a9doftaw9j3wyqkqn": 0.24421708,
  "lskq7jrtxzjpsof24csvvhrc6f6hc84eqmj8w3euk": 0.97686903,
  "lsk5omwum4qt24du89cjprwkth9zxtau25rcakg5o": 2.2761068,
  "lsk58kg5pnauk9rakd2ht25avqv4a6dkzbs5ngbu2": 0.97686903,
  "lsk98hotayxrzbf8hhf85zd3jdb48v7cda668z7qz": 0.24421708,
  "lskxdbkaqmucdeh5gvwy4jeqmcwczqtm57jt8sg3q": 0.71311401,
  "lsku25nhr8g72hccqg5ovcqe7krtt8vudvnn2my6f": 1.07455436,
  "lsk278wvfc9w56ek4dcnahvvryug2ma7wp6k4ff78": 0.49820323,
  "lskb5mno76fheuvm53wj359kr5epz8eybhxophh8o": 0.48843426,
  "lskp6q5zjvxeogmqnrv29s82h8cm5rr293njqjxdh": 0.87918101,
  "lskottbwnvryko94rwvvppapjtoa5fge3466kpjfr": 4.88434765,
  "lskwdowv62mv5v96zu9gwo6pw8akxs5a994zh57hg": 0.3125956,
  "lskv2fmavyujo4k4b829crkotvr2fhz2kn88qqp4m": 0.09768482,
  "lskxf4p79sfxy3uop2tx2rysstt8qewqecch5xwd8": 0.986638,
  "lsk9vqoookbbjphmbs29kv6za5tf66udpx6cboanw": 0.48843426,
  "lskd7h7qgfzam3juqvfwnh98h26qmj99xdnts9dur": 0.19537284,
  "lsk62evnyy8uw2vrs67mah72879otfnhddbqdt9um": 9.76869937,
  "lsk945efxyh5sdjhcebwomjkachoweptmuw875sjp": 2.46171118,
  "lsk9ybjgepsn8c6jo5bdpeuvdqrvexo2zsx8z3hhy": 0.97686903,
  "lsk2j9dsvzgark9ypzw2tzcn2vuyppattq54r9oss": 1.76787552
}
