{
  "lskf859xyn687gd7rvecbbrq2u7srcvtztwa9yc56": 168.76793266,
  "lskztxrxns7vrc6ufkmvermu5vhv49cocufk8ehxr": 6.40380347,
  "lsk8aa5t5kfkm8bgug6btdut2ekry4paoeognz4cg": 3.75039626,
  "lskd2pzojbngse68vngezmp5wgvrf23yjqjtdot7j": 0.23439752,
  "lskwwqc6pneqwxxd329kycxp8s7mbvx7u2rk9kv72": 0.00937444,
  "lskeznp4yudpkavth98ebmzw6jz6pym5hzpqgj8tp": 0.00937444,
  "lsk4hc83tf7r9q4czg69dj4xo442fsmwte7qerx2d": 7.03199501,
  "lsk3fw4ttb62k46xkommswj9wbd78kmfzzp78mohg": 8.06335435,
  "lskscse9jsp62sg2yw37t8n65bxswfodkto7vyja4": 0.12188662,
  "lskhghrkypt5jc4aov3jhjdhf5p4egn8c6q9wd5gf": 0.30246822,
  "lskm7dquz6jepotwx4z4uyt2oswaaphdyz98nzy7c": 0.00937444,
  "lskxttp8vcvexx4h3wm5dkdguemha4zncz8p74j9q": 0.09375834,
  "lskhw729t89vkhuoe699462ejrpg5z5duxx8wrodn": 0.57193463,
  "lskmwegwjdhoo8two5yhubsro7zzo5ycx2fabqxcr": 0.05625344,
  "lskzeayrtw5basxrjad2trv6a9doftaw9j3wyqkqn": 0.07366975
}
