{
  "lskf859xyn687gd7rvecbbrq2u7srcvtztwa9yc56": 113.08133132,
  "lskztxrxns7vrc6ufkmvermu5vhv49cocufk8ehxr": 4.29080651,
  "lsk8aa5t5kfkm8bgug6btdut2ekry4paoeognz4cg": 2.51291695,
  "lskwwqc6pneqwxxd329kycxp8s7mbvx7u2rk9kv72": 0.01256232,
  "lskeznp4yudpkavth98ebmzw6jz6pym5hzpqgj8tp": 0.00627982,
  "lsk4hc83tf7r9q4czg69dj4xo442fsmwte7qerx2d": 6.28229508,
  "lsk3fw4ttb62k46xkommswj9wbd78kmfzzp78mohg": 5.50957289,
  "lskscse9jsp62sg2yw37t8n65bxswfodkto7vyja4": 0.25129036,
  "lskm7dquz6jepotwx4z4uyt2oswaaphdyz98nzy7c": 0.00627982,
  "lskxttp8vcvexx4h3wm5dkdguemha4zncz8p74j9q": 0.06282161,
  "lskhw729t89vkhuoe699462ejrpg5z5duxx8wrodn": 0.47117167,
  "lskmwegwjdhoo8two5yhubsro7zzo5ycx2fabqxcr": 0.11308023,
  "lskzeayrtw5basxrjad2trv6a9doftaw9j3wyqkqn": 0.15705702,
  "lskq7jrtxzjpsof24csvvhrc6f6hc84eqmj8w3euk": 0.62822879,
  "lsk5omwum4qt24du89cjprwkth9zxtau25rcakg5o": 1.4637745,
  "lsk58kg5pnauk9rakd2ht25avqv4a6dkzbs5ngbu2": 0.62822879,
  "lsk98hotayxrzbf8hhf85zd3jdb48v7cda668z7qz": 0.15705702,
  "lskxdbkaqmucdeh5gvwy4jeqmcwczqtm57jt8sg3q": 0.45860677,
  "lsku25nhr8g72hccqg5ovcqe7krtt8vudvnn2my6f": 0.69105091,
  "lsk278wvfc9w56ek4dcnahvvryug2ma7wp6k4ff78": 0.32039664,
  "lskb5mno76fheuvm53wj359kr5epz8eybhxophh8o": 0.31411414,
  "lskp6q5zjvxeogmqnrv29s82h8cm5rr293njqjxdh": 0.56540527,
  "lskottbwnvryko94rwvvppapjtoa5fge3466kpjfr": 3.14114625,
  "lskwdowv62mv5v96zu9gwo6pw8akxs5a994zh57hg": 0.20103174,
  "lskv2fmavyujo4k4b829crkotvr2fhz2kn88qqp4m": 0.06282161,
  "lskxf4p79sfxy3uop2tx2rysstt8qewqecch5xwd8": 0.63451129,
  "lsk9vqoookbbjphmbs29kv6za5tf66udpx6cboanw": 0.31411414,
  "lskd7h7qgfzam3juqvfwnh98h26qmj99xdnts9dur": 0.12564513,
  "lsk62evnyy8uw2vrs67mah72879otfnhddbqdt9um": 6.28229508,
  "lsk945efxyh5sdjhcebwomjkachoweptmuw875sjp": 1.58313764,
  "lsk9ybjgepsn8c6jo5bdpeuvdqrvexo2zsx8z3hhy": 0.62822879,
  "lsk2j9dsvzgark9ypzw2tzcn2vuyppattq54r9oss": 1.04270328
}
