{
  "lskf859xyn687gd7rvecbbrq2u7srcvtztwa9yc56": 11.24748916,
  "lskztxrxns7vrc6ufkmvermu5vhv49cocufk8ehxr": 0.42677964,
  "lsk8aa5t5kfkm8bgug6btdut2ekry4paoeognz4cg": 0.249944,
  "lskd2pzojbngse68vngezmp5wgvrf23yjqjtdot7j": 0.01562148,
  "lskwwqc6pneqwxxd329kycxp8s7mbvx7u2rk9kv72": 0.00062472,
  "lskeznp4yudpkavth98ebmzw6jz6pym5hzpqgj8tp": 0.00062472,
  "lsk4hc83tf7r9q4czg69dj4xo442fsmwte7qerx2d": 0.62486036,
  "lsk3fw4ttb62k46xkommswj9wbd78kmfzzp78mohg": 0.54800256,
  "lskscse9jsp62sg2yw37t8n65bxswfodkto7vyja4": 0.01874572,
  "lskm7dquz6jepotwx4z4uyt2oswaaphdyz98nzy7c": 0.00062472,
  "lskxttp8vcvexx4h3wm5dkdguemha4zncz8p74j9q": 0.00624848,
  "lskhw729t89vkhuoe699462ejrpg5z5duxx8wrodn": 0.04686444,
  "lskmwegwjdhoo8two5yhubsro7zzo5ycx2fabqxcr": 0.01124736,
  "lskzeayrtw5basxrjad2trv6a9doftaw9j3wyqkqn": 0.01562148,
  "lskq7jrtxzjpsof24csvvhrc6f6hc84eqmj8w3euk": 0.03749148,
  "lsk5omwum4qt24du89cjprwkth9zxtau25rcakg5o": 0.14559244,
  "lsk58kg5pnauk9rakd2ht25avqv4a6dkzbs5ngbu2": 0.06248592,
  "lsk98hotayxrzbf8hhf85zd3jdb48v7cda668z7qz": 0.01562148,
  "lskxdbkaqmucdeh5gvwy4jeqmcwczqtm57jt8sg3q": 0.0456148,
  "lsku25nhr8g72hccqg5ovcqe7krtt8vudvnn2my6f": 0.06873444,
  "lsk278wvfc9w56ek4dcnahvvryug2ma7wp6k4ff78": 0.03186768,
  "lskb5mno76fheuvm53wj359kr5epz8eybhxophh8o": 0.01562148,
  "lskp6q5zjvxeogmqnrv29s82h8cm5rr293njqjxdh": 0.05123836,
  "lskottbwnvryko94rwvvppapjtoa5fge3466kpjfr": 0.31243016
}
