{
  "lskf859xyn687gd7rvecbbrq2u7srcvtztwa9yc56": 182.65949756,
  "lskztxrxns7vrc6ufkmvermu5vhv49cocufk8ehxr": 6.93091124,
  "lsk8aa5t5kfkm8bgug6btdut2ekry4paoeognz4cg": 4.05909733,
  "lskwwqc6pneqwxxd329kycxp8s7mbvx7u2rk9kv72": 0.02029273,
  "lskeznp4yudpkavth98ebmzw6jz6pym5hzpqgj8tp": 0.0101441,
  "lsk4hc83tf7r9q4czg69dj4xo442fsmwte7qerx2d": 10.14774788,
  "lsk3fw4ttb62k46xkommswj9wbd78kmfzzp78mohg": 8.89957413,
  "lskscse9jsp62sg2yw37t8n65bxswfodkto7vyja4": 0.40590789,
  "lskm7dquz6jepotwx4z4uyt2oswaaphdyz98nzy7c": 0.0101441,
  "lskxttp8vcvexx4h3wm5dkdguemha4zncz8p74j9q": 0.10147531,
  "lskhw729t89vkhuoe699462ejrpg5z5duxx8wrodn": 0.76107995,
  "lskmwegwjdhoo8two5yhubsro7zzo5ycx2fabqxcr": 0.18265691,
  "lskzeayrtw5basxrjad2trv6a9doftaw9j3wyqkqn": 0.25369225,
  "lskq7jrtxzjpsof24csvvhrc6f6hc84eqmj8w3euk": 1.01477221,
  "lsk5omwum4qt24du89cjprwkth9zxtau25rcakg5o": 2.3644236,
  "lsk58kg5pnauk9rakd2ht25avqv4a6dkzbs5ngbu2": 1.01477221,
  "lsk98hotayxrzbf8hhf85zd3jdb48v7cda668z7qz": 0.25369225,
  "lskxdbkaqmucdeh5gvwy4jeqmcwczqtm57jt8sg3q": 0.7407844,
  "lsku25nhr8g72hccqg5ovcqe7krtt8vudvnn2my6f": 1.11624976,
  "lsk278wvfc9w56ek4dcnahvvryug2ma7wp6k4ff78": 0.13525255,
  "lskb5mno76fheuvm53wj359kr5epz8eybhxophh8o": 0.50738591,
  "lskp6q5zjvxeogmqnrv29s82h8cm5rr293njqjxdh": 0.91329528,
  "lskottbwnvryko94rwvvppapjtoa5fge3466kpjfr": 5.07387248,
  "lskwdowv62mv5v96zu9gwo6pw8akxs5a994zh57hg": 0.23380055,
  "lskv2fmavyujo4k4b829crkotvr2fhz2kn88qqp4m": 0.10147531,
  "lskxf4p79sfxy3uop2tx2rysstt8qewqecch5xwd8": 1.02492083,
  "lsk9vqoookbbjphmbs29kv6za5tf66udpx6cboanw": 0.50738591,
  "lskd7h7qgfzam3juqvfwnh98h26qmj99xdnts9dur": 0.2029533,
  "lsk62evnyy8uw2vrs67mah72879otfnhddbqdt9um": 10.14774788,
  "lsk945efxyh5sdjhcebwomjkachoweptmuw875sjp": 2.5572306,
  "lsk9ybjgepsn8c6jo5bdpeuvdqrvexo2zsx8z3hhy": 0.10521096,
  "lsk2j9dsvzgark9ypzw2tzcn2vuyppattq54r9oss": 2.11072983,
  "lskpbwgrq6pdop3sxkvr3v9757wekks2p8sbaw6dk": 0.0066,
  "lskumrdgca4a6p3ws2btjf6vyqwjmzctesghvcwen": 19.43175112
}
