{
  "lskf859xyn687gd7rvecbbrq2u7srcvtztwa9yc56": 248.90724667,
  "lskztxrxns7vrc6ufkmvermu5vhv49cocufk8ehxr": 9.44464416,
  "lsk8aa5t5kfkm8bgug6btdut2ekry4paoeognz4cg": 5.53127147,
  "lskd2pzojbngse68vngezmp5wgvrf23yjqjtdot7j": 0.34570074,
  "lskwwqc6pneqwxxd329kycxp8s7mbvx7u2rk9kv72": 0.01382456,
  "lskeznp4yudpkavth98ebmzw6jz6pym5hzpqgj8tp": 0.01382456,
  "lsk4hc83tf7r9q4czg69dj4xo442fsmwte7qerx2d": 13.82817777,
  "lsk3fw4ttb62k46xkommswj9wbd78kmfzzp78mohg": 11.89223167,
  "lskscse9jsp62sg2yw37t8n65bxswfodkto7vyja4": 0.21811536,
  "lskhghrkypt5jc4aov3jhjdhf5p4egn8c6q9wd5gf": 1.02328149,
  "lskm7dquz6jepotwx4z4uyt2oswaaphdyz98nzy7c": 0.01382456,
  "lskxttp8vcvexx4h3wm5dkdguemha4zncz8p74j9q": 0.13828092,
  "lskhw729t89vkhuoe699462ejrpg5z5duxx8wrodn": 0.84351658,
  "lskmwegwjdhoo8two5yhubsro7zzo5ycx2fabqxcr": 0.11062219,
  "lskzeayrtw5basxrjad2trv6a9doftaw9j3wyqkqn": 0.34570074,
  "lskq7jrtxzjpsof24csvvhrc6f6hc84eqmj8w3euk": 0.8296874
}
