{
  "lskf859xyn687gd7rvecbbrq2u7srcvtztwa9yc56": 11.28091382,
  "lskztxrxns7vrc6ufkmvermu5vhv49cocufk8ehxr": 0.36662964,
  "lsk8aa5t5kfkm8bgug6btdut2ekry4paoeognz4cg": 0.25068682,
  "lskd2pzojbngse68vngezmp5wgvrf23yjqjtdot7j": 0.01566786,
  "lskwwqc6pneqwxxd329kycxp8s7mbvx7u2rk9kv72": 0.0006266,
  "lskeznp4yudpkavth98ebmzw6jz6pym5hzpqgj8tp": 0.0006266,
  "lsk4hc83tf7r9q4czg69dj4xo442fsmwte7qerx2d": 0.4700379,
  "lsk3fw4ttb62k46xkommswj9wbd78kmfzzp78mohg": 0.53897688,
  "lskscse9jsp62sg2yw37t8n65bxswfodkto7vyja4": 0.00814712,
  "lskhghrkypt5jc4aov3jhjdhf5p4egn8c6q9wd5gf": 0.0188014,
  "lskm7dquz6jepotwx4z4uyt2oswaaphdyz98nzy7c": 0.0006266,
  "lskxttp8vcvexx4h3wm5dkdguemha4zncz8p74j9q": 0.00626706,
  "lskhw729t89vkhuoe699462ejrpg5z5duxx8wrodn": 0.03822964,
  "lskmwegwjdhoo8two5yhubsro7zzo5ycx2fabqxcr": 0.00376014
}
