{
  "lskf859xyn687gd7rvecbbrq2u7srcvtztwa9yc56": 230.92260543,
  "lskztxrxns7vrc6ufkmvermu5vhv49cocufk8ehxr": 8.76222882,
  "lskwwqc6pneqwxxd329kycxp8s7mbvx7u2rk9kv72": 0.02565682,
  "lskeznp4yudpkavth98ebmzw6jz6pym5hzpqgj8tp": 0.01282707,
  "lsk3fw4ttb62k46xkommswj9wbd78kmfzzp78mohg": 11.43066765,
  "lskscse9jsp62sg2yw37t8n65bxswfodkto7vyja4": 0.64145089,
  "lskm7dquz6jepotwx4z4uyt2oswaaphdyz98nzy7c": 0.01282707,
  "lskxttp8vcvexx4h3wm5dkdguemha4zncz8p74j9q": 0.12828917,
  "lskhw729t89vkhuoe699462ejrpg5z5duxx8wrodn": 0.96217602,
  "lskmwegwjdhoo8two5yhubsro7zzo5ycx2fabqxcr": 0.23092151,
  "lsk98hotayxrzbf8hhf85zd3jdb48v7cda668z7qz": 0.3207241,
  "lskxdbkaqmucdeh5gvwy4jeqmcwczqtm57jt8sg3q": 0.93651793,
  "lsku25nhr8g72hccqg5ovcqe7krtt8vudvnn2my6f": 1.41119284,
  "lsk278wvfc9w56ek4dcnahvvryug2ma7wp6k4ff78": 0.01282707,
  "lskb5mno76fheuvm53wj359kr5epz8eybhxophh8o": 0.64145089,
  "lskp6q5zjvxeogmqnrv29s82h8cm5rr293njqjxdh": 0.89803111,
  "lskv2fmavyujo4k4b829crkotvr2fhz2kn88qqp4m": 0.12828917,
  "lsk9vqoookbbjphmbs29kv6za5tf66udpx6cboanw": 0.64145089,
  "lskd7h7qgfzam3juqvfwnh98h26qmj99xdnts9dur": 0.37203963,
  "lsk62evnyy8uw2vrs67mah72879otfnhddbqdt9um": 12.82903256,
  "lsk945efxyh5sdjhcebwomjkachoweptmuw875sjp": 3.23291522,
  "lskpbwgrq6pdop3sxkvr3v9757wekks2p8sbaw6dk": 0.0066,
  "lskumrdgca4a6p3ws2btjf6vyqwjmzctesghvcwen": 52.59903619,
  "lskc3du5erm5snzxcq5nnsm658qe5wk4y2wbz38qo": 5.22141531,
  "lsk9xn7w5wzhg85xgng875h8cpajmf8kn9hpmd8cm": 0.12539146
}
