{
  "lskf859xyn687gd7rvecbbrq2u7srcvtztwa9yc56": 197.28549269,
  "lskztxrxns7vrc6ufkmvermu5vhv49cocufk8ehxr": 7.48588564,
  "lskeznp4yudpkavth98ebmzw6jz6pym5hzpqgj8tp": 0.01095735,
  "lsk3fw4ttb62k46xkommswj9wbd78kmfzzp78mohg": 9.76562886,
  "lskscse9jsp62sg2yw37t8n65bxswfodkto7vyja4": 0.56993407,
  "lskm7dquz6jepotwx4z4uyt2oswaaphdyz98nzy7c": 0.01095735,
  "lskxttp8vcvexx4h3wm5dkdguemha4zncz8p74j9q": 0.10959999,
  "lskhw729t89vkhuoe699462ejrpg5z5duxx8wrodn": 0.89874184,
  "lskmwegwjdhoo8two5yhubsro7zzo5ycx2fabqxcr": 0.19728371,
  "lsk98hotayxrzbf8hhf85zd3jdb48v7cda668z7qz": 0.27400472,
  "lskxdbkaqmucdeh5gvwy4jeqmcwczqtm57jt8sg3q": 0.8001004,
  "lsku25nhr8g72hccqg5ovcqe7krtt8vudvnn2my6f": 1.20563204,
  "lsk278wvfc9w56ek4dcnahvvryug2ma7wp6k4ff78": 0.01095735,
  "lskb5mno76fheuvm53wj359kr5epz8eybhxophh8o": 0.54801218,
  "lskp6q5zjvxeogmqnrv29s82h8cm5rr293njqjxdh": 0.7672195,
  "lskv2fmavyujo4k4b829crkotvr2fhz2kn88qqp4m": 0.10959999,
  "lskd7h7qgfzam3juqvfwnh98h26qmj99xdnts9dur": 0.42745004,
  "lsk945efxyh5sdjhcebwomjkachoweptmuw875sjp": 2.76199339,
  "lskpbwgrq6pdop3sxkvr3v9757wekks2p8sbaw6dk": 0.0066,
  "lskumrdgca4a6p3ws2btjf6vyqwjmzctesghvcwen": 44.93724837,
  "lskc3du5erm5snzxcq5nnsm658qe5wk4y2wbz38qo": 4.11779623,
  "lsk9xn7w5wzhg85xgng875h8cpajmf8kn9hpmd8cm": 0.19468692,
  "lskdm6dt4xmyvu6cnjoxk9ua5z26ssnamqz7ftqfo": 0.01075655
}
