{
  "lskf859xyn687gd7rvecbbrq2u7srcvtztwa9yc56": 181.67821629,
  "lskztxrxns7vrc6ufkmvermu5vhv49cocufk8ehxr": 6.89367727,
  "lskwwqc6pneqwxxd329kycxp8s7mbvx7u2rk9kv72": 0.02018492,
  "lskeznp4yudpkavth98ebmzw6jz6pym5hzpqgj8tp": 0.01009104,
  "lsk3fw4ttb62k46xkommswj9wbd78kmfzzp78mohg": 8.99306771,
  "lskscse9jsp62sg2yw37t8n65bxswfodkto7vyja4": 0.47437767,
  "lskm7dquz6jepotwx4z4uyt2oswaaphdyz98nzy7c": 0.01009104,
  "lskxttp8vcvexx4h3wm5dkdguemha4zncz8p74j9q": 0.10092933,
  "lskhw729t89vkhuoe699462ejrpg5z5duxx8wrodn": 0.75699254,
  "lskmwegwjdhoo8two5yhubsro7zzo5ycx2fabqxcr": 0.18167624,
  "lskzeayrtw5basxrjad2trv6a9doftaw9j3wyqkqn": 0.17525669,
  "lsk98hotayxrzbf8hhf85zd3jdb48v7cda668z7qz": 0.25232961,
  "lskxdbkaqmucdeh5gvwy4jeqmcwczqtm57jt8sg3q": 0.73680297,
  "lsku25nhr8g72hccqg5ovcqe7krtt8vudvnn2my6f": 1.11025467,
  "lsk278wvfc9w56ek4dcnahvvryug2ma7wp6k4ff78": 0.01009104,
  "lskb5mno76fheuvm53wj359kr5epz8eybhxophh8o": 0.50465974,
  "lskp6q5zjvxeogmqnrv29s82h8cm5rr293njqjxdh": 0.90838869,
  "lskottbwnvryko94rwvvppapjtoa5fge3466kpjfr": 5.04661498,
  "lskv2fmavyujo4k4b829crkotvr2fhz2kn88qqp4m": 0.10092933,
  "lsk9vqoookbbjphmbs29kv6za5tf66udpx6cboanw": 0.50465974,
  "lskd7h7qgfzam3juqvfwnh98h26qmj99xdnts9dur": 0.24223444,
  "lsk62evnyy8uw2vrs67mah72879otfnhddbqdt9um": 10.09323263,
  "lsk945efxyh5sdjhcebwomjkachoweptmuw875sjp": 2.54349215,
  "lsk2j9dsvzgark9ypzw2tzcn2vuyppattq54r9oss": 2.09939044,
  "lskpbwgrq6pdop3sxkvr3v9757wekks2p8sbaw6dk": 0.0066,
  "lskumrdgca4a6p3ws2btjf6vyqwjmzctesghvcwen": 41.38225853,
  "lskc3du5erm5snzxcq5nnsm658qe5wk4y2wbz38qo": 2.17004364
}
