{
  "lskf859xyn687gd7rvecbbrq2u7srcvtztwa9yc56": 30.41035601,
  "lskztxrxns7vrc6ufkmvermu5vhv49cocufk8ehxr": 1.15390347,
  "lsk3fw4ttb62k46xkommswj9wbd78kmfzzp78mohg": 1.53065446,
  "lskscse9jsp62sg2yw37t8n65bxswfodkto7vyja4": 0.13684625,
  "lskm7dquz6jepotwx4z4uyt2oswaaphdyz98nzy7c": 0.00168905,
  "lskxttp8vcvexx4h3wm5dkdguemha4zncz8p74j9q": 0.01689394,
  "lskmwegwjdhoo8two5yhubsro7zzo5ycx2fabqxcr": 0.03040966,
  "lsk98hotayxrzbf8hhf85zd3jdb48v7cda668z7qz": 0.04223621,
  "lskxdbkaqmucdeh5gvwy4jeqmcwczqtm57jt8sg3q": 0.12333053,
  "lsku25nhr8g72hccqg5ovcqe7krtt8vudvnn2my6f": 0.18584044,
  "lsk278wvfc9w56ek4dcnahvvryug2ma7wp6k4ff78": 0.00168905,
  "lskb5mno76fheuvm53wj359kr5epz8eybhxophh8o": 0.08447254,
  "lskp6q5zjvxeogmqnrv29s82h8cm5rr293njqjxdh": 0.11826184,
  "lskv2fmavyujo4k4b829crkotvr2fhz2kn88qqp4m": 0.00844691,
  "lskd7h7qgfzam3juqvfwnh98h26qmj99xdnts9dur": 0.06588872,
  "lskpbwgrq6pdop3sxkvr3v9757wekks2p8sbaw6dk": 0.0066,
  "lskumrdgca4a6p3ws2btjf6vyqwjmzctesghvcwen": 6.92680318,
  "lskc3du5erm5snzxcq5nnsm658qe5wk4y2wbz38qo": 0.6605804,
  "lskdm6dt4xmyvu6cnjoxk9ua5z26ssnamqz7ftqfo": 0.00168905
}
