{
  "lskf859xyn687gd7rvecbbrq2u7srcvtztwa9yc56": 56.43322454,
  "lskztxrxns7vrc6ufkmvermu5vhv49cocufk8ehxr": 2.14132688,
  "lsk3fw4ttb62k46xkommswj9wbd78kmfzzp78mohg": 2.84047164,
  "lskscse9jsp62sg2yw37t8n65bxswfodkto7vyja4": 0.24140748,
  "lskm7dquz6jepotwx4z4uyt2oswaaphdyz98nzy7c": 0.00313406,
  "lskxttp8vcvexx4h3wm5dkdguemha4zncz8p74j9q": 0.03135132,
  "lskmwegwjdhoo8two5yhubsro7zzo5ycx2fabqxcr": 0.05643192,
  "lsk98hotayxrzbf8hhf85zd3jdb48v7cda668z7qz": 0.07837846,
  "lskxdbkaqmucdeh5gvwy4jeqmcwczqtm57jt8sg3q": 0.22886726,
  "lsku25nhr8g72hccqg5ovcqe7krtt8vudvnn2my6f": 0.34486914,
  "lsk278wvfc9w56ek4dcnahvvryug2ma7wp6k4ff78": 0.00313406,
  "lskb5mno76fheuvm53wj359kr5epz8eybhxophh8o": 0.1567583,
  "lskp6q5zjvxeogmqnrv29s82h8cm5rr293njqjxdh": 0.21946232,
  "lskv2fmavyujo4k4b829crkotvr2fhz2kn88qqp4m": 0.01567566,
  "lskd7h7qgfzam3juqvfwnh98h26qmj99xdnts9dur": 0.12227138,
  "lskpbwgrq6pdop3sxkvr3v9757wekks2p8sbaw6dk": 0.0066,
  "lskumrdgca4a6p3ws2btjf6vyqwjmzctesghvcwen": 12.85423386,
  "lskc3du5erm5snzxcq5nnsm658qe5wk4y2wbz38qo": 1.22585402,
  "lskdm6dt4xmyvu6cnjoxk9ua5z26ssnamqz7ftqfo": 0.00313406
}
