{
  "lskf859xyn687gd7rvecbbrq2u7srcvtztwa9yc56": 175.52913354,
  "lskztxrxns7vrc6ufkmvermu5vhv49cocufk8ehxr": 6.66035257,
  "lsk8aa5t5kfkm8bgug6btdut2ekry4paoeognz4cg": 3.90064562,
  "lskd2pzojbngse68vngezmp5wgvrf23yjqjtdot7j": 0.24378875,
  "lskwwqc6pneqwxxd329kycxp8s7mbvx7u2rk9kv72": 0.00974878,
  "lskeznp4yudpkavth98ebmzw6jz6pym5hzpqgj8tp": 0.00974878,
  "lsk4hc83tf7r9q4czg69dj4xo442fsmwte7qerx2d": 9.75161713,
  "lsk3fw4ttb62k46xkommswj9wbd78kmfzzp78mohg": 8.38639013,
  "lskscse9jsp62sg2yw37t8n65bxswfodkto7vyja4": 0.19925999,
  "lskhghrkypt5jc4aov3jhjdhf5p4egn8c6q9wd5gf": 0.81913303,
  "lskm7dquz6jepotwx4z4uyt2oswaaphdyz98nzy7c": 0.00974878,
  "lskxttp8vcvexx4h3wm5dkdguemha4zncz8p74j9q": 0.09751439,
  "lskhw729t89vkhuoe699462ejrpg5z5duxx8wrodn": 0.59484755,
  "lskmwegwjdhoo8two5yhubsro7zzo5ycx2fabqxcr": 0.07801017,
  "lskzeayrtw5basxrjad2trv6a9doftaw9j3wyqkqn": 0.24378875,
  "lskq7jrtxzjpsof24csvvhrc6f6hc84eqmj8w3euk": 0.58509564,
  "lsk5omwum4qt24du89cjprwkth9zxtau25rcakg5o": 1.46274089,
  "lsk58kg5pnauk9rakd2ht25avqv4a6dkzbs5ngbu2": 0.39006355,
  "lsk98hotayxrzbf8hhf85zd3jdb48v7cda668z7qz": 0.24378875,
  "lskxdbkaqmucdeh5gvwy4jeqmcwczqtm57jt8sg3q": 0.71186667,
  "lsku25nhr8g72hccqg5ovcqe7krtt8vudvnn2my6f": 1.07267683
}
