{
  "lskf859xyn687gd7rvecbbrq2u7srcvtztwa9yc56": 175.62444585,
  "lskztxrxns7vrc6ufkmvermu5vhv49cocufk8ehxr": 6.66397057,
  "lsk8aa5t5kfkm8bgug6btdut2ekry4paoeognz4cg": 3.90276291,
  "lskd2pzojbngse68vngezmp5wgvrf23yjqjtdot7j": 0.24392059,
  "lskwwqc6pneqwxxd329kycxp8s7mbvx7u2rk9kv72": 0.00975575,
  "lskeznp4yudpkavth98ebmzw6jz6pym5hzpqgj8tp": 0.00975575,
  "lsk4hc83tf7r9q4czg69dj4xo442fsmwte7qerx2d": 9.75691348,
  "lsk3fw4ttb62k46xkommswj9wbd78kmfzzp78mohg": 8.39094388,
  "lskscse9jsp62sg2yw37t8n65bxswfodkto7vyja4": 0.18538095,
  "lskhghrkypt5jc4aov3jhjdhf5p4egn8c6q9wd5gf": 0.74843109,
  "lskm7dquz6jepotwx4z4uyt2oswaaphdyz98nzy7c": 0.00975575,
  "lskxttp8vcvexx4h3wm5dkdguemha4zncz8p74j9q": 0.09756688,
  "lskhw729t89vkhuoe699462ejrpg5z5duxx8wrodn": 0.59517059,
  "lskmwegwjdhoo8two5yhubsro7zzo5ycx2fabqxcr": 0.07805473,
  "lskzeayrtw5basxrjad2trv6a9doftaw9j3wyqkqn": 0.24392059,
  "lskq7jrtxzjpsof24csvvhrc6f6hc84eqmj8w3euk": 0.58541453,
  "lsk5omwum4qt24du89cjprwkth9zxtau25rcakg5o": 1.46353673,
  "lsk58kg5pnauk9rakd2ht25avqv4a6dkzbs5ngbu2": 0.3902743
}
