{
  "lskf859xyn687gd7rvecbbrq2u7srcvtztwa9yc56": 107.49542874,
  "lskztxrxns7vrc6ufkmvermu5vhv49cocufk8ehxr": 4.0788531,
  "lsk3fw4ttb62k46xkommswj9wbd78kmfzzp78mohg": 5.32102368,
  "lskscse9jsp62sg2yw37t8n65bxswfodkto7vyja4": 0.38817702,
  "lskm7dquz6jepotwx4z4uyt2oswaaphdyz98nzy7c": 0.00597114,
  "lskxttp8vcvexx4h3wm5dkdguemha4zncz8p74j9q": 0.05971767,
  "lskhw729t89vkhuoe699462ejrpg5z5duxx8wrodn": 0.4897011,
  "lskmwegwjdhoo8two5yhubsro7zzo5ycx2fabqxcr": 0.10749522,
  "lsk98hotayxrzbf8hhf85zd3jdb48v7cda668z7qz": 0.14929908,
  "lskxdbkaqmucdeh5gvwy4jeqmcwczqtm57jt8sg3q": 0.43595241,
  "lsku25nhr8g72hccqg5ovcqe7krtt8vudvnn2my6f": 0.65691399,
  "lsk278wvfc9w56ek4dcnahvvryug2ma7wp6k4ff78": 0.00597114,
  "lskb5mno76fheuvm53wj359kr5epz8eybhxophh8o": 0.29859816,
  "lskp6q5zjvxeogmqnrv29s82h8cm5rr293njqjxdh": 0.41803605,
  "lskv2fmavyujo4k4b829crkotvr2fhz2kn88qqp4m": 0.02985864,
  "lskd7h7qgfzam3juqvfwnh98h26qmj99xdnts9dur": 0.23290425,
  "lskpbwgrq6pdop3sxkvr3v9757wekks2p8sbaw6dk": 0.0066,
  "lskumrdgca4a6p3ws2btjf6vyqwjmzctesghvcwen": 24.4850697,
  "lskc3du5erm5snzxcq5nnsm658qe5wk4y2wbz38qo": 2.33503914,
  "lskdm6dt4xmyvu6cnjoxk9ua5z26ssnamqz7ftqfo": 0.00597114
}
