{
  "lskf859xyn687gd7rvecbbrq2u7srcvtztwa9yc56": 28.910472,
  "lskztxrxns7vrc6ufkmvermu5vhv49cocufk8ehxr": 1.09699145,
  "lskwwqc6pneqwxxd329kycxp8s7mbvx7u2rk9kv72": 0.00321215,
  "lskeznp4yudpkavth98ebmzw6jz6pym5hzpqgj8tp": 0.0016058,
  "lsk3fw4ttb62k46xkommswj9wbd78kmfzzp78mohg": 1.4310678,
  "lskscse9jsp62sg2yw37t8n65bxswfodkto7vyja4": 0.0754878,
  "lskm7dquz6jepotwx4z4uyt2oswaaphdyz98nzy7c": 0.0016058,
  "lskxttp8vcvexx4h3wm5dkdguemha4zncz8p74j9q": 0.0160609,
  "lskhw729t89vkhuoe699462ejrpg5z5duxx8wrodn": 0.1204603,
  "lskmwegwjdhoo8two5yhubsro7zzo5ycx2fabqxcr": 0.0289102,
  "lskzeayrtw5basxrjad2trv6a9doftaw9j3wyqkqn": 0.04015315,
  "lsk98hotayxrzbf8hhf85zd3jdb48v7cda668z7qz": 0.04015315,
  "lskxdbkaqmucdeh5gvwy4jeqmcwczqtm57jt8sg3q": 0.11724745,
  "lsku25nhr8g72hccqg5ovcqe7krtt8vudvnn2my6f": 0.17667505,
  "lsk278wvfc9w56ek4dcnahvvryug2ma7wp6k4ff78": 0.0016058,
  "lskb5mno76fheuvm53wj359kr5epz8eybhxophh8o": 0.08030645,
  "lskp6q5zjvxeogmqnrv29s82h8cm5rr293njqjxdh": 0.144552,
  "lskottbwnvryko94rwvvppapjtoa5fge3466kpjfr": 0.80306825,
  "lskv2fmavyujo4k4b829crkotvr2fhz2kn88qqp4m": 0.0160609,
  "lsk9vqoookbbjphmbs29kv6za5tf66udpx6cboanw": 0.08030645,
  "lskd7h7qgfzam3juqvfwnh98h26qmj99xdnts9dur": 0.0385468,
  "lsk62evnyy8uw2vrs67mah72879otfnhddbqdt9um": 1.60613705,
  "lsk945efxyh5sdjhcebwomjkachoweptmuw875sjp": 0.4047462,
  "lsk2j9dsvzgark9ypzw2tzcn2vuyppattq54r9oss": 0.33407635,
  "lskpbwgrq6pdop3sxkvr3v9757wekks2p8sbaw6dk": 0.0066,
  "lskumrdgca4a6p3ws2btjf6vyqwjmzctesghvcwen": 6.58516265,
  "lskc3du5erm5snzxcq5nnsm658qe5wk4y2wbz38qo": 0.3453193
}
