{
  "lskf859xyn687gd7rvecbbrq2u7srcvtztwa9yc56": 103.73529023,
  "lskztxrxns7vrc6ufkmvermu5vhv49cocufk8ehxr": 3.93617707,
  "lsk8aa5t5kfkm8bgug6btdut2ekry4paoeognz4cg": 2.30522742,
  "lskwwqc6pneqwxxd329kycxp8s7mbvx7u2rk9kv72": 0.01152494,
  "lskeznp4yudpkavth98ebmzw6jz6pym5hzpqgj8tp": 0.00576129,
  "lsk4hc83tf7r9q4czg69dj4xo442fsmwte7qerx2d": 5.76307058,
  "lsk3fw4ttb62k46xkommswj9wbd78kmfzzp78mohg": 5.05421296,
  "lskscse9jsp62sg2yw37t8n65bxswfodkto7vyja4": 0.23052182,
  "lskm7dquz6jepotwx4z4uyt2oswaaphdyz98nzy7c": 0.00576129,
  "lskxttp8vcvexx4h3wm5dkdguemha4zncz8p74j9q": 0.05763015,
  "lskhw729t89vkhuoe699462ejrpg5z5duxx8wrodn": 0.43222955,
  "lskmwegwjdhoo8two5yhubsro7zzo5ycx2fabqxcr": 0.10373438,
  "lskzeayrtw5basxrjad2trv6a9doftaw9j3wyqkqn": 0.14407594,
  "lskq7jrtxzjpsof24csvvhrc6f6hc84eqmj8w3euk": 0.5763055,
  "lsk5omwum4qt24du89cjprwkth9zxtau25rcakg5o": 1.34279482,
  "lsk58kg5pnauk9rakd2ht25avqv4a6dkzbs5ngbu2": 0.5763055,
  "lsk98hotayxrzbf8hhf85zd3jdb48v7cda668z7qz": 0.14407594,
  "lskxdbkaqmucdeh5gvwy4jeqmcwczqtm57jt8sg3q": 0.42070396,
  "lsku25nhr8g72hccqg5ovcqe7krtt8vudvnn2my6f": 0.63393581,
  "lsk278wvfc9w56ek4dcnahvvryug2ma7wp6k4ff78": 0.13086974,
  "lskb5mno76fheuvm53wj359kr5epz8eybhxophh8o": 0.2881526,
  "lskp6q5zjvxeogmqnrv29s82h8cm5rr293njqjxdh": 0.51867491,
  "lskottbwnvryko94rwvvppapjtoa5fge3466kpjfr": 2.88153487,
  "lskwdowv62mv5v96zu9gwo6pw8akxs5a994zh57hg": 0.18441665,
  "lskv2fmavyujo4k4b829crkotvr2fhz2kn88qqp4m": 0.05763015,
  "lskxf4p79sfxy3uop2tx2rysstt8qewqecch5xwd8": 0.58206914,
  "lsk9vqoookbbjphmbs29kv6za5tf66udpx6cboanw": 0.2881526,
  "lskd7h7qgfzam3juqvfwnh98h26qmj99xdnts9dur": 0.1152609,
  "lsk62evnyy8uw2vrs67mah72879otfnhddbqdt9um": 5.76307058,
  "lsk945efxyh5sdjhcebwomjkachoweptmuw875sjp": 1.45229292,
  "lsk9ybjgepsn8c6jo5bdpeuvdqrvexo2zsx8z3hhy": 0.10521096,
  "lsk2j9dsvzgark9ypzw2tzcn2vuyppattq54r9oss": 1.19871814,
  "lskpbwgrq6pdop3sxkvr3v9757wekks2p8sbaw6dk": 0.0066,
  "lskumrdgca4a6p3ws2btjf6vyqwjmzctesghvcwen": 1.4545712
}
