{
  "lskf859xyn687gd7rvecbbrq2u7srcvtztwa9yc56": 234.96388063,
  "lskztxrxns7vrc6ufkmvermu5vhv49cocufk8ehxr": 8.91557105,
  "lsk8aa5t5kfkm8bgug6btdut2ekry4paoeognz4cg": 5.22141697,
  "lskd2pzojbngse68vngezmp5wgvrf23yjqjtdot7j": 0.3263375,
  "lskwwqc6pneqwxxd329kycxp8s7mbvx7u2rk9kv72": 0.01305244,
  "lskeznp4yudpkavth98ebmzw6jz6pym5hzpqgj8tp": 0.01305244,
  "lsk4hc83tf7r9q4czg69dj4xo442fsmwte7qerx2d": 13.0535461,
  "lsk3fw4ttb62k46xkommswj9wbd78kmfzzp78mohg": 11.44796066,
  "lskscse9jsp62sg2yw37t8n65bxswfodkto7vyja4": 0.37190834,
  "lskhghrkypt5jc4aov3jhjdhf5p4egn8c6q9wd5gf": 0.24220065,
  "lskm7dquz6jepotwx4z4uyt2oswaaphdyz98nzy7c": 0.01305244,
  "lskxttp8vcvexx4h3wm5dkdguemha4zncz8p74j9q": 0.13053296,
  "lskhw729t89vkhuoe699462ejrpg5z5duxx8wrodn": 0.79626434,
  "lskmwegwjdhoo8two5yhubsro7zzo5ycx2fabqxcr": 0.23496129,
  "lskzeayrtw5basxrjad2trv6a9doftaw9j3wyqkqn": 0.3263375,
  "lskq7jrtxzjpsof24csvvhrc6f6hc84eqmj8w3euk": 0.78320953,
  "lsk5omwum4qt24du89cjprwkth9zxtau25rcakg5o": 3.04147499,
  "lsk58kg5pnauk9rakd2ht25avqv4a6dkzbs5ngbu2": 1.30535292,
  "lsk98hotayxrzbf8hhf85zd3jdb48v7cda668z7qz": 0.3263375,
  "lskxdbkaqmucdeh5gvwy4jeqmcwczqtm57jt8sg3q": 0.95290708,
  "lsku25nhr8g72hccqg5ovcqe7krtt8vudvnn2my6f": 1.43588785,
  "lsk278wvfc9w56ek4dcnahvvryug2ma7wp6k4ff78": 0.66572896,
  "lskb5mno76fheuvm53wj359kr5epz8eybhxophh8o": 0.16439385,
  "lskp6q5zjvxeogmqnrv29s82h8cm5rr293njqjxdh": 0.75458651
}
