{
  "lskf859xyn687gd7rvecbbrq2u7srcvtztwa9yc56": 186.10399921,
  "lskztxrxns7vrc6ufkmvermu5vhv49cocufk8ehxr": 7.06161114,
  "lskwwqc6pneqwxxd329kycxp8s7mbvx7u2rk9kv72": 0.02067658,
  "lskeznp4yudpkavth98ebmzw6jz6pym5hzpqgj8tp": 0.01033687,
  "lsk3fw4ttb62k46xkommswj9wbd78kmfzzp78mohg": 9.21214384,
  "lskscse9jsp62sg2yw37t8n65bxswfodkto7vyja4": 0.48593376,
  "lskm7dquz6jepotwx4z4uyt2oswaaphdyz98nzy7c": 0.01033687,
  "lskxttp8vcvexx4h3wm5dkdguemha4zncz8p74j9q": 0.10338802,
  "lskhw729t89vkhuoe699462ejrpg5z5duxx8wrodn": 0.7754333,
  "lskmwegwjdhoo8two5yhubsro7zzo5ycx2fabqxcr": 0.18610196,
  "lskzeayrtw5basxrjad2trv6a9doftaw9j3wyqkqn": 0.17525669,
  "lsk98hotayxrzbf8hhf85zd3jdb48v7cda668z7qz": 0.25847653,
  "lskxdbkaqmucdeh5gvwy4jeqmcwczqtm57jt8sg3q": 0.75475194,
  "lsku25nhr8g72hccqg5ovcqe7krtt8vudvnn2my6f": 1.13730104,
  "lsk278wvfc9w56ek4dcnahvvryug2ma7wp6k4ff78": 0.01033687,
  "lskb5mno76fheuvm53wj359kr5epz8eybhxophh8o": 0.51695358,
  "lskp6q5zjvxeogmqnrv29s82h8cm5rr293njqjxdh": 0.93051755,
  "lskottbwnvryko94rwvvppapjtoa5fge3466kpjfr": 5.16955338,
  "lskv2fmavyujo4k4b829crkotvr2fhz2kn88qqp4m": 0.10338802,
  "lsk9vqoookbbjphmbs29kv6za5tf66udpx6cboanw": 0.51695358,
  "lskd7h7qgfzam3juqvfwnh98h26qmj99xdnts9dur": 0.2481354,
  "lsk62evnyy8uw2vrs67mah72879otfnhddbqdt9um": 10.33910943,
  "lsk945efxyh5sdjhcebwomjkachoweptmuw875sjp": 2.60545301,
  "lsk2j9dsvzgark9ypzw2tzcn2vuyppattq54r9oss": 2.1505327,
  "lskpbwgrq6pdop3sxkvr3v9757wekks2p8sbaw6dk": 0.0066,
  "lskumrdgca4a6p3ws2btjf6vyqwjmzctesghvcwen": 42.39035354,
  "lskc3du5erm5snzxcq5nnsm658qe5wk4y2wbz38qo": 2.2229071
}
