{
  "lskf859xyn687gd7rvecbbrq2u7srcvtztwa9yc56": 210.46443792,
  "lskztxrxns7vrc6ufkmvermu5vhv49cocufk8ehxr": 7.98595321,
  "lsk8aa5t5kfkm8bgug6btdut2ekry4paoeognz4cg": 4.67698538,
  "lskd2pzojbngse68vngezmp5wgvrf23yjqjtdot7j": 0.29230967,
  "lskwwqc6pneqwxxd329kycxp8s7mbvx7u2rk9kv72": 0.01168924,
  "lskeznp4yudpkavth98ebmzw6jz6pym5hzpqgj8tp": 0.01168924,
  "lsk4hc83tf7r9q4czg69dj4xo442fsmwte7qerx2d": 11.69246737,
  "lsk3fw4ttb62k46xkommswj9wbd78kmfzzp78mohg": 10.05552059,
  "lskscse9jsp62sg2yw37t8n65bxswfodkto7vyja4": 0.24389927,
  "lskhghrkypt5jc4aov3jhjdhf5p4egn8c6q9wd5gf": 0.98216443,
  "lskm7dquz6jepotwx4z4uyt2oswaaphdyz98nzy7c": 0.01168924,
  "lskxttp8vcvexx4h3wm5dkdguemha4zncz8p74j9q": 0.11692259,
  "lskhw729t89vkhuoe699462ejrpg5z5duxx8wrodn": 0.71323889,
  "lskmwegwjdhoo8two5yhubsro7zzo5ycx2fabqxcr": 0.09353673,
  "lskzeayrtw5basxrjad2trv6a9doftaw9j3wyqkqn": 0.29230967,
  "lskq7jrtxzjpsof24csvvhrc6f6hc84eqmj8w3euk": 0.70154652,
  "lsk5omwum4qt24du89cjprwkth9zxtau25rcakg5o": 1.75386809,
  "lsk58kg5pnauk9rakd2ht25avqv4a6dkzbs5ngbu2": 0.46769719,
  "lsk98hotayxrzbf8hhf85zd3jdb48v7cda668z7qz": 0.29230967,
  "lskxdbkaqmucdeh5gvwy4jeqmcwczqtm57jt8sg3q": 0.85354863,
  "lsku25nhr8g72hccqg5ovcqe7krtt8vudvnn2my6f": 1.28616961
}
