{
  "lskf859xyn687gd7rvecbbrq2u7srcvtztwa9yc56": 88.58320651,
  "lskztxrxns7vrc6ufkmvermu5vhv49cocufk8ehxr": 3.3612397,
  "lsk8aa5t5kfkm8bgug6btdut2ekry4paoeognz4cg": 1.96851509,
  "lskd2pzojbngse68vngezmp5wgvrf23yjqjtdot7j": 0.12303062,
  "lskwwqc6pneqwxxd329kycxp8s7mbvx7u2rk9kv72": 0.00492034,
  "lskeznp4yudpkavth98ebmzw6jz6pym5hzpqgj8tp": 0.00492034,
  "lsk4hc83tf7r9q4czg69dj4xo442fsmwte7qerx2d": 4.92128842,
  "lsk3fw4ttb62k46xkommswj9wbd78kmfzzp78mohg": 4.23230811,
  "lskscse9jsp62sg2yw37t8n65bxswfodkto7vyja4": 0.09350342,
  "lskhghrkypt5jc4aov3jhjdhf5p4egn8c6q9wd5gf": 0.41338746,
  "lskm7dquz6jepotwx4z4uyt2oswaaphdyz98nzy7c": 0.00492034,
  "lskxttp8vcvexx4h3wm5dkdguemha4zncz8p74j9q": 0.04921131,
  "lskhw729t89vkhuoe699462ejrpg5z5duxx8wrodn": 0.30019827,
  "lskmwegwjdhoo8two5yhubsro7zzo5ycx2fabqxcr": 0.03936977,
  "lskzeayrtw5basxrjad2trv6a9doftaw9j3wyqkqn": 0.12303062,
  "lskq7jrtxzjpsof24csvvhrc6f6hc84eqmj8w3euk": 0.29527621,
  "lsk5omwum4qt24du89cjprwkth9zxtau25rcakg5o": 0.73819259,
  "lsk58kg5pnauk9rakd2ht25avqv4a6dkzbs5ngbu2": 0.19685062,
  "lsk98hotayxrzbf8hhf85zd3jdb48v7cda668z7qz": 0.04661291
}
