{
  "lskf859xyn687gd7rvecbbrq2u7srcvtztwa9yc56": 170.72419903,
  "lskztxrxns7vrc6ufkmvermu5vhv49cocufk8ehxr": 6.47803254,
  "lskeznp4yudpkavth98ebmzw6jz6pym5hzpqgj8tp": 0.00948245,
  "lsk3fw4ttb62k46xkommswj9wbd78kmfzzp78mohg": 8.45084558,
  "lskscse9jsp62sg2yw37t8n65bxswfodkto7vyja4": 0.49320077,
  "lskm7dquz6jepotwx4z4uyt2oswaaphdyz98nzy7c": 0.00948245,
  "lskxttp8vcvexx4h3wm5dkdguemha4zncz8p74j9q": 0.0948449,
  "lskhw729t89vkhuoe699462ejrpg5z5duxx8wrodn": 0.71866092,
  "lskmwegwjdhoo8two5yhubsro7zzo5ycx2fabqxcr": 0.17072161,
  "lsk98hotayxrzbf8hhf85zd3jdb48v7cda668z7qz": 0.23711597,
  "lskxdbkaqmucdeh5gvwy4jeqmcwczqtm57jt8sg3q": 0.69238018,
  "lsku25nhr8g72hccqg5ovcqe7krtt8vudvnn2my6f": 1.04331354,
  "lsk278wvfc9w56ek4dcnahvvryug2ma7wp6k4ff78": 0.00948245,
  "lskb5mno76fheuvm53wj359kr5epz8eybhxophh8o": 0.47423237,
  "lskp6q5zjvxeogmqnrv29s82h8cm5rr293njqjxdh": 0.66392607,
  "lskv2fmavyujo4k4b829crkotvr2fhz2kn88qqp4m": 0.0948449,
  "lskd7h7qgfzam3juqvfwnh98h26qmj99xdnts9dur": 0.36990102,
  "lsk945efxyh5sdjhcebwomjkachoweptmuw875sjp": 2.39013603,
  "lskpbwgrq6pdop3sxkvr3v9757wekks2p8sbaw6dk": 0.0066,
  "lskumrdgca4a6p3ws2btjf6vyqwjmzctesghvcwen": 38.88717641,
  "lskc3du5erm5snzxcq5nnsm658qe5wk4y2wbz38qo": 3.86026299,
  "lsk9xn7w5wzhg85xgng875h8cpajmf8kn9hpmd8cm": 0.12771734
}
