{
  "lskf859xyn687gd7rvecbbrq2u7srcvtztwa9yc56": 167.80497699,
  "lskztxrxns7vrc6ufkmvermu5vhv49cocufk8ehxr": 6.3672637,
  "lsk3fw4ttb62k46xkommswj9wbd78kmfzzp78mohg": 8.44618321,
  "lskscse9jsp62sg2yw37t8n65bxswfodkto7vyja4": 0.75725795,
  "lskm7dquz6jepotwx4z4uyt2oswaaphdyz98nzy7c": 0.0093203,
  "lskxttp8vcvexx4h3wm5dkdguemha4zncz8p74j9q": 0.09322172,
  "lskmwegwjdhoo8two5yhubsro7zzo5ycx2fabqxcr": 0.16780139,
  "lsk98hotayxrzbf8hhf85zd3jdb48v7cda668z7qz": 0.23306036,
  "lskxdbkaqmucdeh5gvwy4jeqmcwczqtm57jt8sg3q": 0.68054048,
  "lsku25nhr8g72hccqg5ovcqe7krtt8vudvnn2my6f": 1.02547143,
  "lsk278wvfc9w56ek4dcnahvvryug2ma7wp6k4ff78": 0.0093203,
  "lskb5mno76fheuvm53wj359kr5epz8eybhxophh8o": 0.46612128,
  "lskp6q5zjvxeogmqnrv29s82h8cm5rr293njqjxdh": 0.65257187,
  "lskv2fmavyujo4k4b829crkotvr2fhz2kn88qqp4m": 0.04661066,
  "lskd7h7qgfzam3juqvfwnh98h26qmj99xdnts9dur": 0.36357557,
  "lskpbwgrq6pdop3sxkvr3v9757wekks2p8sbaw6dk": 0.0066,
  "lskumrdgca4a6p3ws2btjf6vyqwjmzctesghvcwen": 38.22224384,
  "lskc3du5erm5snzxcq5nnsm658qe5wk4y2wbz38qo": 3.64509591,
  "lskdm6dt4xmyvu6cnjoxk9ua5z26ssnamqz7ftqfo": 0.0093203
}
