{
  "lskf859xyn687gd7rvecbbrq2u7srcvtztwa9yc56": 163.46813558,
  "lskztxrxns7vrc6ufkmvermu5vhv49cocufk8ehxr": 6.20270473,
  "lsk8aa5t5kfkm8bgug6btdut2ekry4paoeognz4cg": 3.63262356,
  "lskd2pzojbngse68vngezmp5wgvrf23yjqjtdot7j": 0.22703748,
  "lskwwqc6pneqwxxd329kycxp8s7mbvx7u2rk9kv72": 0.00907884,
  "lskeznp4yudpkavth98ebmzw6jz6pym5hzpqgj8tp": 0.00907884,
  "lsk4hc83tf7r9q4czg69dj4xo442fsmwte7qerx2d": 9.08156169,
  "lsk3fw4ttb62k46xkommswj9wbd78kmfzzp78mohg": 7.81014269,
  "lskscse9jsp62sg2yw37t8n65bxswfodkto7vyja4": 0.18384881,
  "lskhghrkypt5jc4aov3jhjdhf5p4egn8c6q9wd5gf": 0.76284838,
  "lskm7dquz6jepotwx4z4uyt2oswaaphdyz98nzy7c": 0.00907884,
  "lskxttp8vcvexx4h3wm5dkdguemha4zncz8p74j9q": 0.09081394,
  "lskhw729t89vkhuoe699462ejrpg5z5duxx8wrodn": 0.55397433,
  "lskmwegwjdhoo8two5yhubsro7zzo5ycx2fabqxcr": 0.07264981,
  "lskzeayrtw5basxrjad2trv6a9doftaw9j3wyqkqn": 0.22703748,
  "lskq7jrtxzjpsof24csvvhrc6f6hc84eqmj8w3euk": 0.54489236,
  "lsk5omwum4qt24du89cjprwkth9zxtau25rcakg5o": 1.36223269,
  "lsk58kg5pnauk9rakd2ht25avqv4a6dkzbs5ngbu2": 0.36326146,
  "lsk98hotayxrzbf8hhf85zd3jdb48v7cda668z7qz": 0.22703748,
  "lskxdbkaqmucdeh5gvwy4jeqmcwczqtm57jt8sg3q": 0.66295266,
  "lsku25nhr8g72hccqg5ovcqe7krtt8vudvnn2my6f": 0.99897097
}
