{
  "lskf859xyn687gd7rvecbbrq2u7srcvtztwa9yc56": 70.7122055,
  "lskztxrxns7vrc6ufkmvermu5vhv49cocufk8ehxr": 2.68313401,
  "lsk8aa5t5kfkm8bgug6btdut2ekry4paoeognz4cg": 1.5713816,
  "lskd2pzojbngse68vngezmp5wgvrf23yjqjtdot7j": 0.09821071,
  "lskwwqc6pneqwxxd329kycxp8s7mbvx7u2rk9kv72": 0.00392721,
  "lskeznp4yudpkavth98ebmzw6jz6pym5hzpqgj8tp": 0.00392721,
  "lsk4hc83tf7r9q4czg69dj4xo442fsmwte7qerx2d": 3.92845521,
  "lsk3fw4ttb62k46xkommswj9wbd78kmfzzp78mohg": 3.3784714,
  "lskscse9jsp62sg2yw37t8n65bxswfodkto7vyja4": 0.0785689,
  "lskhghrkypt5jc4aov3jhjdhf5p4egn8c6q9wd5gf": 0.32998891,
  "lskm7dquz6jepotwx4z4uyt2oswaaphdyz98nzy7c": 0.00392721,
  "lskxttp8vcvexx4h3wm5dkdguemha4zncz8p74j9q": 0.0392838,
  "lskhw729t89vkhuoe699462ejrpg5z5duxx8wrodn": 0.2396354,
  "lskmwegwjdhoo8two5yhubsro7zzo5ycx2fabqxcr": 0.03142641,
  "lskzeayrtw5basxrjad2trv6a9doftaw9j3wyqkqn": 0.09821071,
  "lskq7jrtxzjpsof24csvvhrc6f6hc84eqmj8w3euk": 0.23570671,
  "lsk5omwum4qt24du89cjprwkth9zxtau25rcakg5o": 0.58926761,
  "lsk58kg5pnauk9rakd2ht25avqv4a6dkzbs5ngbu2": 0.1571378,
  "lsk98hotayxrzbf8hhf85zd3jdb48v7cda668z7qz": 0.09821071,
  "lskxdbkaqmucdeh5gvwy4jeqmcwczqtm57jt8sg3q": 0.2867766,
  "lsku25nhr8g72hccqg5ovcqe7krtt8vudvnn2my6f": 0.4321298
}
