{
  "lskf859xyn687gd7rvecbbrq2u7srcvtztwa9yc56": 90.25155384,
  "lskztxrxns7vrc6ufkmvermu5vhv49cocufk8ehxr": 3.42454342,
  "lsk8aa5t5kfkm8bgug6btdut2ekry4paoeognz4cg": 2.00558862,
  "lskd2pzojbngse68vngezmp5wgvrf23yjqjtdot7j": 0.12534783,
  "lskwwqc6pneqwxxd329kycxp8s7mbvx7u2rk9kv72": 0.00501357,
  "lskeznp4yudpkavth98ebmzw6jz6pym5hzpqgj8tp": 0.00501357,
  "lsk4hc83tf7r9q4czg69dj4xo442fsmwte7qerx2d": 3.76048002,
  "lsk3fw4ttb62k46xkommswj9wbd78kmfzzp78mohg": 4.3120174,
  "lskscse9jsp62sg2yw37t8n65bxswfodkto7vyja4": 0.06518082,
  "lskhghrkypt5jc4aov3jhjdhf5p4egn8c6q9wd5gf": 0.15416035,
  "lskm7dquz6jepotwx4z4uyt2oswaaphdyz98nzy7c": 0.00501357,
  "lskxttp8vcvexx4h3wm5dkdguemha4zncz8p74j9q": 0.05013929,
  "lskhw729t89vkhuoe699462ejrpg5z5duxx8wrodn": 0.30585222,
  "lskmwegwjdhoo8two5yhubsro7zzo5ycx2fabqxcr": 0.03008253
}
