{
  "lskf859xyn687gd7rvecbbrq2u7srcvtztwa9yc56": 4.94986663,
  "lskztxrxns7vrc6ufkmvermu5vhv49cocufk8ehxr": 0.18781986,
  "lsk8aa5t5kfkm8bgug6btdut2ekry4paoeognz4cg": 0.10999703,
  "lskwwqc6pneqwxxd329kycxp8s7mbvx7u2rk9kv72": 0.00054992,
  "lskeznp4yudpkavth98ebmzw6jz6pym5hzpqgj8tp": 0.00027495,
  "lsk4hc83tf7r9q4czg69dj4xo442fsmwte7qerx2d": 0.27499253,
  "lsk3fw4ttb62k46xkommswj9wbd78kmfzzp78mohg": 0.24116846,
  "lskscse9jsp62sg2yw37t8n65bxswfodkto7vyja4": 0.01099969,
  "lskm7dquz6jepotwx4z4uyt2oswaaphdyz98nzy7c": 0.00027495,
  "lskxttp8vcvexx4h3wm5dkdguemha4zncz8p74j9q": 0.00274989,
  "lskhw729t89vkhuoe699462ejrpg5z5duxx8wrodn": 0.02062439,
  "lskmwegwjdhoo8two5yhubsro7zzo5ycx2fabqxcr": 0.00494977,
  "lskzeayrtw5basxrjad2trv6a9doftaw9j3wyqkqn": 0.00687479,
  "lskq7jrtxzjpsof24csvvhrc6f6hc84eqmj8w3euk": 0.01649949,
  "lsk5omwum4qt24du89cjprwkth9zxtau25rcakg5o": 0.06407323,
  "lsk58kg5pnauk9rakd2ht25avqv4a6dkzbs5ngbu2": 0.02749918,
  "lsk98hotayxrzbf8hhf85zd3jdb48v7cda668z7qz": 0.00687479,
  "lskxdbkaqmucdeh5gvwy4jeqmcwczqtm57jt8sg3q": 0.02007436,
  "lsku25nhr8g72hccqg5ovcqe7krtt8vudvnn2my6f": 0.03024918,
  "lsk278wvfc9w56ek4dcnahvvryug2ma7wp6k4ff78": 0.01402455,
  "lskb5mno76fheuvm53wj359kr5epz8eybhxophh8o": 0.01374958,
  "lskp6q5zjvxeogmqnrv29s82h8cm5rr293njqjxdh": 0.02474927,
  "lskottbwnvryko94rwvvppapjtoa5fge3466kpjfr": 0.13749621,
  "lskwdowv62mv5v96zu9gwo6pw8akxs5a994zh57hg": 0.0087997,
  "lskv2fmavyujo4k4b829crkotvr2fhz2kn88qqp4m": 0.00274989,
  "lskxf4p79sfxy3uop2tx2rysstt8qewqecch5xwd8": 0.02777424,
  "lsk9vqoookbbjphmbs29kv6za5tf66udpx6cboanw": 0.01374958,
  "lskd7h7qgfzam3juqvfwnh98h26qmj99xdnts9dur": 0.0054998,
  "lsk62evnyy8uw2vrs67mah72879otfnhddbqdt9um": 0.27499253
}
