{
  "lskf859xyn687gd7rvecbbrq2u7srcvtztwa9yc56": 115.641888,
  "lskztxrxns7vrc6ufkmvermu5vhv49cocufk8ehxr": 4.38796568,
  "lskwwqc6pneqwxxd329kycxp8s7mbvx7u2rk9kv72": 0.0128486,
  "lskeznp4yudpkavth98ebmzw6jz6pym5hzpqgj8tp": 0.00642308,
  "lsk3fw4ttb62k46xkommswj9wbd78kmfzzp78mohg": 5.72427108,
  "lskscse9jsp62sg2yw37t8n65bxswfodkto7vyja4": 0.30195108,
  "lskm7dquz6jepotwx4z4uyt2oswaaphdyz98nzy7c": 0.00642308,
  "lskxttp8vcvexx4h3wm5dkdguemha4zncz8p74j9q": 0.06424348,
  "lskhw729t89vkhuoe699462ejrpg5z5duxx8wrodn": 0.4818412,
  "lskmwegwjdhoo8two5yhubsro7zzo5ycx2fabqxcr": 0.1156408,
  "lskzeayrtw5basxrjad2trv6a9doftaw9j3wyqkqn": 0.1606126,
  "lsk98hotayxrzbf8hhf85zd3jdb48v7cda668z7qz": 0.1606126,
  "lskxdbkaqmucdeh5gvwy4jeqmcwczqtm57jt8sg3q": 0.46898968,
  "lsku25nhr8g72hccqg5ovcqe7krtt8vudvnn2my6f": 0.7067002,
  "lsk278wvfc9w56ek4dcnahvvryug2ma7wp6k4ff78": 0.00642308,
  "lskb5mno76fheuvm53wj359kr5epz8eybhxophh8o": 0.32122568,
  "lskp6q5zjvxeogmqnrv29s82h8cm5rr293njqjxdh": 0.57820788,
  "lskottbwnvryko94rwvvppapjtoa5fge3466kpjfr": 3.21227288,
  "lskv2fmavyujo4k4b829crkotvr2fhz2kn88qqp4m": 0.06424348,
  "lsk9vqoookbbjphmbs29kv6za5tf66udpx6cboanw": 0.32122568,
  "lskd7h7qgfzam3juqvfwnh98h26qmj99xdnts9dur": 0.15418708,
  "lsk62evnyy8uw2vrs67mah72879otfnhddbqdt9um": 6.4245482,
  "lsk945efxyh5sdjhcebwomjkachoweptmuw875sjp": 1.6189848,
  "lsk2j9dsvzgark9ypzw2tzcn2vuyppattq54r9oss": 1.3363054,
  "lskpbwgrq6pdop3sxkvr3v9757wekks2p8sbaw6dk": 0.0066,
  "lskumrdgca4a6p3ws2btjf6vyqwjmzctesghvcwen": 26.34065048,
  "lskc3du5erm5snzxcq5nnsm658qe5wk4y2wbz38qo": 1.3812772
}
