{
  "lskf859xyn687gd7rvecbbrq2u7srcvtztwa9yc56": 194.2978366,
  "lskztxrxns7vrc6ufkmvermu5vhv49cocufk8ehxr": 7.3725211,
  "lsk8aa5t5kfkm8bgug6btdut2ekry4paoeognz4cg": 4.31772886,
  "lskd2pzojbngse68vngezmp5wgvrf23yjqjtdot7j": 0.26985599,
  "lskwwqc6pneqwxxd329kycxp8s7mbvx7u2rk9kv72": 0.01079234,
  "lskeznp4yudpkavth98ebmzw6jz6pym5hzpqgj8tp": 0.01079234,
  "lsk4hc83tf7r9q4czg69dj4xo442fsmwte7qerx2d": 10.79432201,
  "lsk3fw4ttb62k46xkommswj9wbd78kmfzzp78mohg": 9.2831176,
  "lskscse9jsp62sg2yw37t8n65bxswfodkto7vyja4": 0.21086999,
  "lskhghrkypt5jc4aov3jhjdhf5p4egn8c6q9wd5gf": 0.90672106,
  "lskm7dquz6jepotwx4z4uyt2oswaaphdyz98nzy7c": 0.01079234,
  "lskxttp8vcvexx4h3wm5dkdguemha4zncz8p74j9q": 0.10794035,
  "lskhw729t89vkhuoe699462ejrpg5z5duxx8wrodn": 0.65845222,
  "lskmwegwjdhoo8two5yhubsro7zzo5ycx2fabqxcr": 0.08635308,
  "lskzeayrtw5basxrjad2trv6a9doftaw9j3wyqkqn": 0.26985599,
  "lskq7jrtxzjpsof24csvvhrc6f6hc84eqmj8w3euk": 0.64765814,
  "lsk5omwum4qt24du89cjprwkth9zxtau25rcakg5o": 1.61914743,
  "lsk58kg5pnauk9rakd2ht25avqv4a6dkzbs5ngbu2": 0.43177065,
  "lsk98hotayxrzbf8hhf85zd3jdb48v7cda668z7qz": 0.19343828
}
