{
  "lskf859xyn687gd7rvecbbrq2u7srcvtztwa9yc56": 29.41329465,
  "lskztxrxns7vrc6ufkmvermu5vhv49cocufk8ehxr": 1.11607083,
  "lsk8aa5t5kfkm8bgug6btdut2ekry4paoeognz4cg": 0.6536284,
  "lskd2pzojbngse68vngezmp5wgvrf23yjqjtdot7j": 0.04085142,
  "lskwwqc6pneqwxxd329kycxp8s7mbvx7u2rk9kv72": 0.00163385,
  "lskeznp4yudpkavth98ebmzw6jz6pym5hzpqgj8tp": 0.00163385,
  "lsk4hc83tf7r9q4czg69dj4xo442fsmwte7qerx2d": 1.63407192,
  "lsk3fw4ttb62k46xkommswj9wbd78kmfzzp78mohg": 1.4053015,
  "lskscse9jsp62sg2yw37t8n65bxswfodkto7vyja4": 0.02922627,
  "lskhghrkypt5jc4aov3jhjdhf5p4egn8c6q9wd5gf": 0.1241893,
  "lskm7dquz6jepotwx4z4uyt2oswaaphdyz98nzy7c": 0.00163385,
  "lskxttp8vcvexx4h3wm5dkdguemha4zncz8p74j9q": 0.01634032,
  "lskhw729t89vkhuoe699462ejrpg5z5duxx8wrodn": 0.0996782,
  "lskmwegwjdhoo8two5yhubsro7zzo5ycx2fabqxcr": 0.01307237,
  "lskzeayrtw5basxrjad2trv6a9doftaw9j3wyqkqn": 0.04085142,
  "lskq7jrtxzjpsof24csvvhrc6f6hc84eqmj8w3euk": 0.09804419,
  "lsk5omwum4qt24du89cjprwkth9zxtau25rcakg5o": 0.24511074,
  "lsk58kg5pnauk9rakd2ht25avqv4a6dkzbs5ngbu2": 0.06536252
}
