{
  "lskf859xyn687gd7rvecbbrq2u7srcvtztwa9yc56": 37.39983869,
  "lskztxrxns7vrc6ufkmvermu5vhv49cocufk8ehxr": 1.41911566,
  "lskwwqc6pneqwxxd329kycxp8s7mbvx7u2rk9kv72": 0.0041549,
  "lskeznp4yudpkavth98ebmzw6jz6pym5hzpqgj8tp": 0.00207702,
  "lsk3fw4ttb62k46xkommswj9wbd78kmfzzp78mohg": 1.85129168,
  "lskscse9jsp62sg2yw37t8n65bxswfodkto7vyja4": 0.10181037,
  "lskm7dquz6jepotwx4z4uyt2oswaaphdyz98nzy7c": 0.00207702,
  "lskxttp8vcvexx4h3wm5dkdguemha4zncz8p74j9q": 0.02077721,
  "lskhw729t89vkhuoe699462ejrpg5z5duxx8wrodn": 0.1558322,
  "lskmwegwjdhoo8two5yhubsro7zzo5ycx2fabqxcr": 0.03739916,
  "lsk98hotayxrzbf8hhf85zd3jdb48v7cda668z7qz": 0.05194388,
  "lskxdbkaqmucdeh5gvwy4jeqmcwczqtm57jt8sg3q": 0.15167666,
  "lsku25nhr8g72hccqg5ovcqe7krtt8vudvnn2my6f": 0.22855378,
  "lsk278wvfc9w56ek4dcnahvvryug2ma7wp6k4ff78": 0.00207702,
  "lskb5mno76fheuvm53wj359kr5epz8eybhxophh8o": 0.10388825,
  "lskp6q5zjvxeogmqnrv29s82h8cm5rr293njqjxdh": 0.14544331,
  "lskv2fmavyujo4k4b829crkotvr2fhz2kn88qqp4m": 0.02077721,
  "lsk9vqoookbbjphmbs29kv6za5tf66udpx6cboanw": 0.10388825,
  "lskd7h7qgfzam3juqvfwnh98h26qmj99xdnts9dur": 0.06025481,
  "lsk62evnyy8uw2vrs67mah72879otfnhddbqdt9um": 2.07776844,
  "lsk945efxyh5sdjhcebwomjkachoweptmuw875sjp": 0.52359758,
  "lsk2j9dsvzgark9ypzw2tzcn2vuyppattq54r9oss": 0.17124241,
  "lskpbwgrq6pdop3sxkvr3v9757wekks2p8sbaw6dk": 0.0066,
  "lskumrdgca4a6p3ws2btjf6vyqwjmzctesghvcwen": 8.51885184,
  "lskc3du5erm5snzxcq5nnsm658qe5wk4y2wbz38qo": 0.84565115
}
