{
  "lskf859xyn687gd7rvecbbrq2u7srcvtztwa9yc56": 126.80932055,
  "lskztxrxns7vrc6ufkmvermu5vhv49cocufk8ehxr": 4.81170825,
  "lsk8aa5t5kfkm8bgug6btdut2ekry4paoeognz4cg": 0.06393177,
  "lskwwqc6pneqwxxd329kycxp8s7mbvx7u2rk9kv72": 0.01408862,
  "lskeznp4yudpkavth98ebmzw6jz6pym5hzpqgj8tp": 0.00704335,
  "lsk4hc83tf7r9q4czg69dj4xo442fsmwte7qerx2d": 7.04496141,
  "lsk3fw4ttb62k46xkommswj9wbd78kmfzzp78mohg": 6.25128202,
  "lskscse9jsp62sg2yw37t8n65bxswfodkto7vyja4": 0.28266664,
  "lskm7dquz6jepotwx4z4uyt2oswaaphdyz98nzy7c": 0.00704335,
  "lskxttp8vcvexx4h3wm5dkdguemha4zncz8p74j9q": 0.0704469,
  "lskhw729t89vkhuoe699462ejrpg5z5duxx8wrodn": 0.52837104,
  "lskmwegwjdhoo8two5yhubsro7zzo5ycx2fabqxcr": 0.12680801,
  "lskzeayrtw5basxrjad2trv6a9doftaw9j3wyqkqn": 0.1761224,
  "lskq7jrtxzjpsof24csvvhrc6f6hc84eqmj8w3euk": 0.70449417,
  "lsk5omwum4qt24du89cjprwkth9zxtau25rcakg5o": 1.64147492,
  "lsk58kg5pnauk9rakd2ht25avqv4a6dkzbs5ngbu2": 0.22931017,
  "lsk98hotayxrzbf8hhf85zd3jdb48v7cda668z7qz": 0.1761224,
  "lskxdbkaqmucdeh5gvwy4jeqmcwczqtm57jt8sg3q": 0.51428006,
  "lsku25nhr8g72hccqg5ovcqe7krtt8vudvnn2my6f": 0.77494408,
  "lsk278wvfc9w56ek4dcnahvvryug2ma7wp6k4ff78": 0.00704335,
  "lskb5mno76fheuvm53wj359kr5epz8eybhxophh8o": 0.35224555,
  "lskp6q5zjvxeogmqnrv29s82h8cm5rr293njqjxdh": 0.63404481,
  "lskottbwnvryko94rwvvppapjtoa5fge3466kpjfr": 3.52247954,
  "lskv2fmavyujo4k4b829crkotvr2fhz2kn88qqp4m": 0.0704469,
  "lskxf4p79sfxy3uop2tx2rysstt8qewqecch5xwd8": 0.01614276,
  "lsk9vqoookbbjphmbs29kv6za5tf66udpx6cboanw": 0.35224555,
  "lskd7h7qgfzam3juqvfwnh98h26qmj99xdnts9dur": 0.14089681,
  "lsk62evnyy8uw2vrs67mah72879otfnhddbqdt9um": 7.04496141,
  "lsk945efxyh5sdjhcebwomjkachoweptmuw875sjp": 1.7753287,
  "lsk2j9dsvzgark9ypzw2tzcn2vuyppattq54r9oss": 1.4653492,
  "lskpbwgrq6pdop3sxkvr3v9757wekks2p8sbaw6dk": 0.0066,
  "lskumrdgca4a6p3ws2btjf6vyqwjmzctesghvcwen": 28.88434331
}
