{
  "lskf859xyn687gd7rvecbbrq2u7srcvtztwa9yc56": 122.88745419,
  "lskztxrxns7vrc6ufkmvermu5vhv49cocufk8ehxr": 4.66289456,
  "lsk8aa5t5kfkm8bgug6btdut2ekry4paoeognz4cg": 2.73083098,
  "lskd2pzojbngse68vngezmp5wgvrf23yjqjtdot7j": 0.17067538,
  "lskwwqc6pneqwxxd329kycxp8s7mbvx7u2rk9kv72": 0.00682572,
  "lskeznp4yudpkavth98ebmzw6jz6pym5hzpqgj8tp": 0.00682572,
  "lsk4hc83tf7r9q4czg69dj4xo442fsmwte7qerx2d": 6.82708036,
  "lsk3fw4ttb62k46xkommswj9wbd78kmfzzp78mohg": 5.87128747,
  "lskscse9jsp62sg2yw37t8n65bxswfodkto7vyja4": 0.10923195,
  "lskhghrkypt5jc4aov3jhjdhf5p4egn8c6q9wd5gf": 0.51487191,
  "lskm7dquz6jepotwx4z4uyt2oswaaphdyz98nzy7c": 0.00682572,
  "lskxttp8vcvexx4h3wm5dkdguemha4zncz8p74j9q": 0.06826884,
  "lskhw729t89vkhuoe699462ejrpg5z5duxx8wrodn": 0.41645116,
  "lskmwegwjdhoo8two5yhubsro7zzo5ycx2fabqxcr": 0.05461498,
  "lskzeayrtw5basxrjad2trv6a9doftaw9j3wyqkqn": 0.17067538,
  "lskq7jrtxzjpsof24csvvhrc6f6hc84eqmj8w3euk": 0.40962316,
  "lsk5omwum4qt24du89cjprwkth9zxtau25rcakg5o": 0.92865534,
  "lsk58kg5pnauk9rakd2ht25avqv4a6dkzbs5ngbu2": 0.15688366
}
