{
  "lskf859xyn687gd7rvecbbrq2u7srcvtztwa9yc56": 128.82273738,
  "lskztxrxns7vrc6ufkmvermu5vhv49cocufk8ehxr": 4.88810571,
  "lsk3fw4ttb62k46xkommswj9wbd78kmfzzp78mohg": 6.54848747,
  "lskscse9jsp62sg2yw37t8n65bxswfodkto7vyja4": 0.60629508,
  "lskm7dquz6jepotwx4z4uyt2oswaaphdyz98nzy7c": 0.00715551,
  "lskxttp8vcvexx4h3wm5dkdguemha4zncz8p74j9q": 0.0731117,
  "lskmwegwjdhoo8two5yhubsro7zzo5ycx2fabqxcr": 0.12882061,
  "lsk98hotayxrzbf8hhf85zd3jdb48v7cda668z7qz": 0.17891898,
  "lskxdbkaqmucdeh5gvwy4jeqmcwczqtm57jt8sg3q": 0.52244688,
  "lsku25nhr8g72hccqg5ovcqe7krtt8vudvnn2my6f": 0.78724944,
  "lsk278wvfc9w56ek4dcnahvvryug2ma7wp6k4ff78": 0.00715551,
  "lskb5mno76fheuvm53wj359kr5epz8eybhxophh8o": 0.35783992,
  "lskp6q5zjvxeogmqnrv29s82h8cm5rr293njqjxdh": 0.50097572,
  "lskv2fmavyujo4k4b829crkotvr2fhz2kn88qqp4m": 0.03578283,
  "lskd7h7qgfzam3juqvfwnh98h26qmj99xdnts9dur": 0.38646713,
  "lskpbwgrq6pdop3sxkvr3v9757wekks2p8sbaw6dk": 0.0066,
  "lskumrdgca4a6p3ws2btjf6vyqwjmzctesghvcwen": 29.34295624,
  "lskc3du5erm5snzxcq5nnsm658qe5wk4y2wbz38qo": 2.79831532,
  "lskdm6dt4xmyvu6cnjoxk9ua5z26ssnamqz7ftqfo": 0.00715551
}
