{
  "lskf859xyn687gd7rvecbbrq2u7srcvtztwa9yc56": 343.46259299,
  "lskztxrxns7vrc6ufkmvermu5vhv49cocufk8ehxr": 13.03249469,
  "lsk8aa5t5kfkm8bgug6btdut2ekry4paoeognz4cg": 7.63250005,
  "lskd2pzojbngse68vngezmp5wgvrf23yjqjtdot7j": 0.28122448,
  "lskwwqc6pneqwxxd329kycxp8s7mbvx7u2rk9kv72": 0.03816155,
  "lskeznp4yudpkavth98ebmzw6jz6pym5hzpqgj8tp": 0.01907917,
  "lsk4hc83tf7r9q4czg69dj4xo442fsmwte7qerx2d": 19.08125265,
  "lsk3fw4ttb62k46xkommswj9wbd78kmfzzp78mohg": 16.73426037,
  "lskscse9jsp62sg2yw37t8n65bxswfodkto7vyja4": 0.64353541,
  "lskm7dquz6jepotwx4z4uyt2oswaaphdyz98nzy7c": 0.01907917,
  "lskxttp8vcvexx4h3wm5dkdguemha4zncz8p74j9q": 0.19081139,
  "lskhw729t89vkhuoe699462ejrpg5z5duxx8wrodn": 1.43109236,
  "lskmwegwjdhoo8two5yhubsro7zzo5ycx2fabqxcr": 0.34346073,
  "lskzeayrtw5basxrjad2trv6a9doftaw9j3wyqkqn": 0.47703003,
  "lskq7jrtxzjpsof24csvvhrc6f6hc84eqmj8w3euk": 1.14487372,
  "lsk5omwum4qt24du89cjprwkth9zxtau25rcakg5o": 4.44592955,
  "lsk58kg5pnauk9rakd2ht25avqv4a6dkzbs5ngbu2": 1.90812378,
  "lsk98hotayxrzbf8hhf85zd3jdb48v7cda668z7qz": 0.47703003,
  "lskxdbkaqmucdeh5gvwy4jeqmcwczqtm57jt8sg3q": 1.39292954,
  "lsku25nhr8g72hccqg5ovcqe7krtt8vudvnn2my6f": 2.09893624,
  "lsk278wvfc9w56ek4dcnahvvryug2ma7wp6k4ff78": 0.9731415,
  "lskb5mno76fheuvm53wj359kr5epz8eybhxophh8o": 0.95406126,
  "lskp6q5zjvxeogmqnrv29s82h8cm5rr293njqjxdh": 1.7173111,
  "lskottbwnvryko94rwvvppapjtoa5fge3466kpjfr": 9.5406252,
  "lskwdowv62mv5v96zu9gwo6pw8akxs5a994zh57hg": 0.61059915,
  "lskv2fmavyujo4k4b829crkotvr2fhz2kn88qqp4m": 0.09829657,
  "lskxf4p79sfxy3uop2tx2rysstt8qewqecch5xwd8": 1.9182191,
  "lsk9vqoookbbjphmbs29kv6za5tf66udpx6cboanw": 0.3361936
}
