{
  "lskf859xyn687gd7rvecbbrq2u7srcvtztwa9yc56": 193.34767859,
  "lskztxrxns7vrc6ufkmvermu5vhv49cocufk8ehxr": 7.33646819,
  "lsk8aa5t5kfkm8bgug6btdut2ekry4paoeognz4cg": 4.2966126,
  "lskd2pzojbngse68vngezmp5wgvrf23yjqjtdot7j": 0.26853571,
  "lskwwqc6pneqwxxd329kycxp8s7mbvx7u2rk9kv72": 0.01073964,
  "lskeznp4yudpkavth98ebmzw6jz6pym5hzpqgj8tp": 0.01073964,
  "lsk4hc83tf7r9q4czg69dj4xo442fsmwte7qerx2d": 8.05615086,
  "lsk3fw4ttb62k46xkommswj9wbd78kmfzzp78mohg": 9.23771972,
  "lskscse9jsp62sg2yw37t8n65bxswfodkto7vyja4": 0.13963855,
  "lskhghrkypt5jc4aov3jhjdhf5p4egn8c6q9wd5gf": 0.34889627,
  "lskm7dquz6jepotwx4z4uyt2oswaaphdyz98nzy7c": 0.01073964,
  "lskxttp8vcvexx4h3wm5dkdguemha4zncz8p74j9q": 0.1074134,
  "lskhw729t89vkhuoe699462ejrpg5z5duxx8wrodn": 0.65523226,
  "lskmwegwjdhoo8two5yhubsro7zzo5ycx2fabqxcr": 0.06559626,
  "lskzeayrtw5basxrjad2trv6a9doftaw9j3wyqkqn": 0.10780794
}
