{
  "lskf859xyn687gd7rvecbbrq2u7srcvtztwa9yc56": 208.78070666,
  "lskztxrxns7vrc6ufkmvermu5vhv49cocufk8ehxr": 7.9220656,
  "lsk3fw4ttb62k46xkommswj9wbd78kmfzzp78mohg": 10.33464432,
  "lskscse9jsp62sg2yw37t8n65bxswfodkto7vyja4": 0.74630988,
  "lskm7dquz6jepotwx4z4uyt2oswaaphdyz98nzy7c": 0.01159721,
  "lskxttp8vcvexx4h3wm5dkdguemha4zncz8p74j9q": 0.11598578,
  "lskhw729t89vkhuoe699462ejrpg5z5duxx8wrodn": 0.95111115,
  "lskmwegwjdhoo8two5yhubsro7zzo5ycx2fabqxcr": 0.20877993,
  "lsk98hotayxrzbf8hhf85zd3jdb48v7cda668z7qz": 0.28997272,
  "lskxdbkaqmucdeh5gvwy4jeqmcwczqtm57jt8sg3q": 0.84671914,
  "lsku25nhr8g72hccqg5ovcqe7krtt8vudvnn2my6f": 1.27587791,
  "lsk278wvfc9w56ek4dcnahvvryug2ma7wp6k4ff78": 0.01159721,
  "lskb5mno76fheuvm53wj359kr5epz8eybhxophh8o": 0.57994544,
  "lskp6q5zjvxeogmqnrv29s82h8cm5rr293njqjxdh": 0.8119222,
  "lskv2fmavyujo4k4b829crkotvr2fhz2kn88qqp4m": 0.05799221,
  "lskd7h7qgfzam3juqvfwnh98h26qmj99xdnts9dur": 0.4523537,
  "lskpbwgrq6pdop3sxkvr3v9757wekks2p8sbaw6dk": 0.0066,
  "lskumrdgca4a6p3ws2btjf6vyqwjmzctesghvcwen": 47.5556048,
  "lskc3du5erm5snzxcq5nnsm658qe5wk4y2wbz38qo": 4.53517921,
  "lskdm6dt4xmyvu6cnjoxk9ua5z26ssnamqz7ftqfo": 0.01159721
}
