{
  "lskf859xyn687gd7rvecbbrq2u7srcvtztwa9yc56": 231.09540231,
  "lskztxrxns7vrc6ufkmvermu5vhv49cocufk8ehxr": 8.76878356,
  "lsk8aa5t5kfkm8bgug6btdut2ekry4paoeognz4cg": 5.13545325,
  "lskd2pzojbngse68vngezmp5wgvrf23yjqjtdot7j": 0.32096201,
  "lskwwqc6pneqwxxd329kycxp8s7mbvx7u2rk9kv72": 0.01283536,
  "lskeznp4yudpkavth98ebmzw6jz6pym5hzpqgj8tp": 0.01283536,
  "lsk4hc83tf7r9q4czg69dj4xo442fsmwte7qerx2d": 12.838631,
  "lsk3fw4ttb62k46xkommswj9wbd78kmfzzp78mohg": 11.04122101,
  "lskscse9jsp62sg2yw37t8n65bxswfodkto7vyja4": 0.20541596,
  "lskhghrkypt5jc4aov3jhjdhf5p4egn8c6q9wd5gf": 0.95005551,
  "lskm7dquz6jepotwx4z4uyt2oswaaphdyz98nzy7c": 0.01283536,
  "lskxttp8vcvexx4h3wm5dkdguemha4zncz8p74j9q": 0.12838565,
  "lskhw729t89vkhuoe699462ejrpg5z5duxx8wrodn": 0.78315411,
  "lskmwegwjdhoo8two5yhubsro7zzo5ycx2fabqxcr": 0.10270586,
  "lskzeayrtw5basxrjad2trv6a9doftaw9j3wyqkqn": 0.32096201,
  "lskq7jrtxzjpsof24csvvhrc6f6hc84eqmj8w3euk": 0.77031451
}
