{
  "lskf859xyn687gd7rvecbbrq2u7srcvtztwa9yc56": 124.0253842,
  "lskztxrxns7vrc6ufkmvermu5vhv49cocufk8ehxr": 4.70607245,
  "lskwwqc6pneqwxxd329kycxp8s7mbvx7u2rk9kv72": 0.0137788,
  "lskeznp4yudpkavth98ebmzw6jz6pym5hzpqgj8tp": 0.0068894,
  "lsk4hc83tf7r9q4czg69dj4xo442fsmwte7qerx2d": 6.89029725,
  "lsk3fw4ttb62k46xkommswj9wbd78kmfzzp78mohg": 6.13925385,
  "lskscse9jsp62sg2yw37t8n65bxswfodkto7vyja4": 0.3238436,
  "lskm7dquz6jepotwx4z4uyt2oswaaphdyz98nzy7c": 0.0068894,
  "lskxttp8vcvexx4h3wm5dkdguemha4zncz8p74j9q": 0.0689016,
  "lskhw729t89vkhuoe699462ejrpg5z5duxx8wrodn": 0.51677005,
  "lskmwegwjdhoo8two5yhubsro7zzo5ycx2fabqxcr": 0.1240244,
  "lskzeayrtw5basxrjad2trv6a9doftaw9j3wyqkqn": 0.17225445,
  "lskq7jrtxzjpsof24csvvhrc6f6hc84eqmj8w3euk": 0.68902785,
  "lsk5omwum4qt24du89cjprwkth9zxtau25rcakg5o": 1.6054392,
  "lsk98hotayxrzbf8hhf85zd3jdb48v7cda668z7qz": 0.17225445,
  "lskxdbkaqmucdeh5gvwy4jeqmcwczqtm57jt8sg3q": 0.5029908,
  "lsku25nhr8g72hccqg5ovcqe7krtt8vudvnn2my6f": 0.7579328,
  "lsk278wvfc9w56ek4dcnahvvryug2ma7wp6k4ff78": 0.0068894,
  "lskb5mno76fheuvm53wj359kr5epz8eybhxophh8o": 0.34451225,
  "lskp6q5zjvxeogmqnrv29s82h8cm5rr293njqjxdh": 0.6201258,
  "lskottbwnvryko94rwvvppapjtoa5fge3466kpjfr": 3.4451484,
  "lskv2fmavyujo4k4b829crkotvr2fhz2kn88qqp4m": 0.0689016,
  "lsk9vqoookbbjphmbs29kv6za5tf66udpx6cboanw": 0.34451225,
  "lskd7h7qgfzam3juqvfwnh98h26qmj99xdnts9dur": 0.13780365,
  "lsk62evnyy8uw2vrs67mah72879otfnhddbqdt9um": 6.89029725,
  "lsk945efxyh5sdjhcebwomjkachoweptmuw875sjp": 1.73635345,
  "lsk2j9dsvzgark9ypzw2tzcn2vuyppattq54r9oss": 1.4331814,
  "lskpbwgrq6pdop3sxkvr3v9757wekks2p8sbaw6dk": 0.0066,
  "lskumrdgca4a6p3ws2btjf6vyqwjmzctesghvcwen": 28.250226
}
