{
  "lskf859xyn687gd7rvecbbrq2u7srcvtztwa9yc56": 265.43021255,
  "lskztxrxns7vrc6ufkmvermu5vhv49cocufk8ehxr": 10.0716,
  "lsk8aa5t5kfkm8bgug6btdut2ekry4paoeognz4cg": 5.89844776,
  "lskd2pzojbngse68vngezmp5wgvrf23yjqjtdot7j": 0.28122448,
  "lskwwqc6pneqwxxd329kycxp8s7mbvx7u2rk9kv72": 0.02949149,
  "lskeznp4yudpkavth98ebmzw6jz6pym5hzpqgj8tp": 0.01474452,
  "lsk4hc83tf7r9q4czg69dj4xo442fsmwte7qerx2d": 14.74612073,
  "lsk3fw4ttb62k46xkommswj9wbd78kmfzzp78mohg": 12.93234939,
  "lskscse9jsp62sg2yw37t8n65bxswfodkto7vyja4": 0.49614134,
  "lskm7dquz6jepotwx4z4uyt2oswaaphdyz98nzy7c": 0.01474452,
  "lskxttp8vcvexx4h3wm5dkdguemha4zncz8p74j9q": 0.14746011,
  "lskhw729t89vkhuoe699462ejrpg5z5duxx8wrodn": 1.10595776,
  "lskmwegwjdhoo8two5yhubsro7zzo5ycx2fabqxcr": 0.2654291,
  "lskzeayrtw5basxrjad2trv6a9doftaw9j3wyqkqn": 0.36865183,
  "lskq7jrtxzjpsof24csvvhrc6f6hc84eqmj8w3euk": 0.88476604,
  "lsk5omwum4qt24du89cjprwkth9zxtau25rcakg5o": 3.43584442,
  "lsk58kg5pnauk9rakd2ht25avqv4a6dkzbs5ngbu2": 1.47461098,
  "lsk98hotayxrzbf8hhf85zd3jdb48v7cda668z7qz": 0.36865183,
  "lskxdbkaqmucdeh5gvwy4jeqmcwczqtm57jt8sg3q": 1.076465,
  "lsku25nhr8g72hccqg5ovcqe7krtt8vudvnn2my6f": 1.62207216,
  "lsk278wvfc9w56ek4dcnahvvryug2ma7wp6k4ff78": 0.75205045,
  "lskb5mno76fheuvm53wj359kr5epz8eybhxophh8o": 0.73730486,
  "lskp6q5zjvxeogmqnrv29s82h8cm5rr293njqjxdh": 1.32714958,
  "lskottbwnvryko94rwvvppapjtoa5fge3466kpjfr": 7.37305924,
  "lskwdowv62mv5v96zu9gwo6pw8akxs5a994zh57hg": 0.47187525,
  "lskv2fmavyujo4k4b829crkotvr2fhz2kn88qqp4m": 0.07662093,
  "lskxf4p79sfxy3uop2tx2rysstt8qewqecch5xwd8": 1.48037078,
  "lsk9vqoookbbjphmbs29kv6za5tf66udpx6cboanw": 0.1194372
}
