{
  "lskf859xyn687gd7rvecbbrq2u7srcvtztwa9yc56": 16.31949035,
  "lskztxrxns7vrc6ufkmvermu5vhv49cocufk8ehxr": 0.6192337,
  "lsk8aa5t5kfkm8bgug6btdut2ekry4paoeognz4cg": 0.36265525,
  "lskwwqc6pneqwxxd329kycxp8s7mbvx7u2rk9kv72": 0.00181306,
  "lskeznp4yudpkavth98ebmzw6jz6pym5hzpqgj8tp": 0.00090651,
  "lsk4hc83tf7r9q4czg69dj4xo442fsmwte7qerx2d": 0.90663833,
  "lsk3fw4ttb62k46xkommswj9wbd78kmfzzp78mohg": 0.79512165,
  "lskscse9jsp62sg2yw37t8n65bxswfodkto7vyja4": 0.03082548,
  "lskm7dquz6jepotwx4z4uyt2oswaaphdyz98nzy7c": 0.00090651,
  "lskxttp8vcvexx4h3wm5dkdguemha4zncz8p74j9q": 0.00906633,
  "lskhw729t89vkhuoe699462ejrpg5z5duxx8wrodn": 0.06799768,
  "lskmwegwjdhoo8two5yhubsro7zzo5ycx2fabqxcr": 0.01631927,
  "lskzeayrtw5basxrjad2trv6a9doftaw9j3wyqkqn": 0.02266566,
  "lskq7jrtxzjpsof24csvvhrc6f6hc84eqmj8w3euk": 0.05439802,
  "lsk5omwum4qt24du89cjprwkth9zxtau25rcakg5o": 0.21124639,
  "lsk58kg5pnauk9rakd2ht25avqv4a6dkzbs5ngbu2": 0.09066371,
  "lsk98hotayxrzbf8hhf85zd3jdb48v7cda668z7qz": 0.02266566,
  "lskxdbkaqmucdeh5gvwy4jeqmcwczqtm57jt8sg3q": 0.06618429,
  "lsku25nhr8g72hccqg5ovcqe7krtt8vudvnn2my6f": 0.09973004,
  "lsk278wvfc9w56ek4dcnahvvryug2ma7wp6k4ff78": 0.0462382,
  "lskb5mno76fheuvm53wj359kr5epz8eybhxophh8o": 0.04533169,
  "lskp6q5zjvxeogmqnrv29s82h8cm5rr293njqjxdh": 0.08159738,
  "lskottbwnvryko94rwvvppapjtoa5fge3466kpjfr": 0.453319,
  "lskwdowv62mv5v96zu9gwo6pw8akxs5a994zh57hg": 0.02901242,
  "lskv2fmavyujo4k4b829crkotvr2fhz2kn88qqp4m": 0.00906633,
  "lskxf4p79sfxy3uop2tx2rysstt8qewqecch5xwd8": 0.09157026,
  "lsk9vqoookbbjphmbs29kv6za5tf66udpx6cboanw": 0.04533169
}
