{
  "lskf859xyn687gd7rvecbbrq2u7srcvtztwa9yc56": 205.8838804,
  "lskztxrxns7vrc6ufkmvermu5vhv49cocufk8ehxr": 7.81214763,
  "lsk8aa5t5kfkm8bgug6btdut2ekry4paoeognz4cg": 4.57519415,
  "lskd2pzojbngse68vngezmp5wgvrf23yjqjtdot7j": 0.28594717,
  "lskwwqc6pneqwxxd329kycxp8s7mbvx7u2rk9kv72": 0.01143665,
  "lskeznp4yudpkavth98ebmzw6jz6pym5hzpqgj8tp": 0.01143665,
  "lsk4hc83tf7r9q4czg69dj4xo442fsmwte7qerx2d": 11.43799332,
  "lsk3fw4ttb62k46xkommswj9wbd78kmfzzp78mohg": 9.83667185,
  "lskscse9jsp62sg2yw37t8n65bxswfodkto7vyja4": 0.21550047,
  "lskhghrkypt5jc4aov3jhjdhf5p4egn8c6q9wd5gf": 0.8692861,
  "lskm7dquz6jepotwx4z4uyt2oswaaphdyz98nzy7c": 0.01143665,
  "lskxttp8vcvexx4h3wm5dkdguemha4zncz8p74j9q": 0.11437727,
  "lskhw729t89vkhuoe699462ejrpg5z5duxx8wrodn": 0.6977162,
  "lskmwegwjdhoo8two5yhubsro7zzo5ycx2fabqxcr": 0.09150317,
  "lskzeayrtw5basxrjad2trv6a9doftaw9j3wyqkqn": 0.28594717,
  "lskq7jrtxzjpsof24csvvhrc6f6hc84eqmj8w3euk": 0.68627939,
  "lsk5omwum4qt24du89cjprwkth9zxtau25rcakg5o": 1.71569874,
  "lsk58kg5pnauk9rakd2ht25avqv4a6dkzbs5ngbu2": 0.45751707
}
