{
  "lskf859xyn687gd7rvecbbrq2u7srcvtztwa9yc56": 120.13546931,
  "lskztxrxns7vrc6ufkmvermu5vhv49cocufk8ehxr": 4.46161953,
  "lsk8aa5t5kfkm8bgug6btdut2ekry4paoeognz4cg": 2.66967514,
  "lskd2pzojbngse68vngezmp5wgvrf23yjqjtdot7j": 0.16685277,
  "lskwwqc6pneqwxxd329kycxp8s7mbvx7u2rk9kv72": 0.00667373,
  "lskeznp4yudpkavth98ebmzw6jz6pym5hzpqgj8tp": 0.00667373,
  "lsk4hc83tf7r9q4czg69dj4xo442fsmwte7qerx2d": 5.00564259,
  "lsk3fw4ttb62k46xkommswj9wbd78kmfzzp78mohg": 5.73980415,
  "lskscse9jsp62sg2yw37t8n65bxswfodkto7vyja4": 0.08676323,
  "lskhghrkypt5jc4aov3jhjdhf5p4egn8c6q9wd5gf": 0.20022466,
  "lskm7dquz6jepotwx4z4uyt2oswaaphdyz98nzy7c": 0.00667373,
  "lskxttp8vcvexx4h3wm5dkdguemha4zncz8p74j9q": 0.06674136,
  "lskhw729t89vkhuoe699462ejrpg5z5duxx8wrodn": 0.40712524,
  "lskmwegwjdhoo8two5yhubsro7zzo5ycx2fabqxcr": 0.04004352
}
