{
  "lskf859xyn687gd7rvecbbrq2u7srcvtztwa9yc56": 43.85127311,
  "lskztxrxns7vrc6ufkmvermu5vhv49cocufk8ehxr": 1.66391187,
  "lsk8aa5t5kfkm8bgug6btdut2ekry4paoeognz4cg": 0.97447263,
  "lskd2pzojbngse68vngezmp5wgvrf23yjqjtdot7j": 0.06090429,
  "lskwwqc6pneqwxxd329kycxp8s7mbvx7u2rk9kv72": 0.00487215,
  "lskeznp4yudpkavth98ebmzw6jz6pym5hzpqgj8tp": 0.00243585,
  "lsk4hc83tf7r9q4czg69dj4xo442fsmwte7qerx2d": 2.43618138,
  "lsk3fw4ttb62k46xkommswj9wbd78kmfzzp78mohg": 2.13653142,
  "lskscse9jsp62sg2yw37t8n65bxswfodkto7vyja4": 0.08039397,
  "lskm7dquz6jepotwx4z4uyt2oswaaphdyz98nzy7c": 0.00243585,
  "lskxttp8vcvexx4h3wm5dkdguemha4zncz8p74j9q": 0.02436133,
  "lskhw729t89vkhuoe699462ejrpg5z5duxx8wrodn": 0.18271344,
  "lskmwegwjdhoo8two5yhubsro7zzo5ycx2fabqxcr": 0.04385101,
  "lskzeayrtw5basxrjad2trv6a9doftaw9j3wyqkqn": 0.06090429,
  "lskq7jrtxzjpsof24csvvhrc6f6hc84eqmj8w3euk": 0.14617048,
  "lsk5omwum4qt24du89cjprwkth9zxtau25rcakg5o": 0.56763007,
  "lsk58kg5pnauk9rakd2ht25avqv4a6dkzbs5ngbu2": 0.2436178,
  "lsk98hotayxrzbf8hhf85zd3jdb48v7cda668z7qz": 0.06090429,
  "lskxdbkaqmucdeh5gvwy4jeqmcwczqtm57jt8sg3q": 0.17784081,
  "lsku25nhr8g72hccqg5ovcqe7krtt8vudvnn2my6f": 0.26797963,
  "lsk278wvfc9w56ek4dcnahvvryug2ma7wp6k4ff78": 0.124245,
  "lskb5mno76fheuvm53wj359kr5epz8eybhxophh8o": 0.12180865,
  "lskp6q5zjvxeogmqnrv29s82h8cm5rr293njqjxdh": 0.21925597,
  "lskottbwnvryko94rwvvppapjtoa5fge3466kpjfr": 1.21809045,
  "lskwdowv62mv5v96zu9gwo6pw8akxs5a994zh57hg": 0.07795764,
  "lskv2fmavyujo4k4b829crkotvr2fhz2kn88qqp4m": 0.01507209,
  "lskxf4p79sfxy3uop2tx2rysstt8qewqecch5xwd8": 0.23706794
}
