{
  "lskf859xyn687gd7rvecbbrq2u7srcvtztwa9yc56": 100.90847048,
  "lskztxrxns7vrc6ufkmvermu5vhv49cocufk8ehxr": 3.82891544,
  "lsk8aa5t5kfkm8bgug6btdut2ekry4paoeognz4cg": 2.24240931,
  "lskd2pzojbngse68vngezmp5wgvrf23yjqjtdot7j": 0.14015004,
  "lskwwqc6pneqwxxd329kycxp8s7mbvx7u2rk9kv72": 0.00560499,
  "lskeznp4yudpkavth98ebmzw6jz6pym5hzpqgj8tp": 0.00560499,
  "lsk4hc83tf7r9q4czg69dj4xo442fsmwte7qerx2d": 5.28375214,
  "lsk3fw4ttb62k46xkommswj9wbd78kmfzzp78mohg": 4.82118119,
  "lskscse9jsp62sg2yw37t8n65bxswfodkto7vyja4": 0.07542522,
  "lskhghrkypt5jc4aov3jhjdhf5p4egn8c6q9wd5gf": 0.26348186,
  "lskm7dquz6jepotwx4z4uyt2oswaaphdyz98nzy7c": 0.00560499,
  "lskxttp8vcvexx4h3wm5dkdguemha4zncz8p74j9q": 0.0560595,
  "lskhw729t89vkhuoe699462ejrpg5z5duxx8wrodn": 0.34196671,
  "lskmwegwjdhoo8two5yhubsro7zzo5ycx2fabqxcr": 0.04484711,
  "lskzeayrtw5basxrjad2trv6a9doftaw9j3wyqkqn": 0.14015004,
  "lskq7jrtxzjpsof24csvvhrc6f6hc84eqmj8w3euk": 0.33636076
}
