{
  "lskf859xyn687gd7rvecbbrq2u7srcvtztwa9yc56": 135.78066606,
  "lskztxrxns7vrc6ufkmvermu5vhv49cocufk8ehxr": 5.15212001,
  "lsk8aa5t5kfkm8bgug6btdut2ekry4paoeognz4cg": 3.01734604,
  "lskd2pzojbngse68vngezmp5wgvrf23yjqjtdot7j": 0.1885834,
  "lskwwqc6pneqwxxd329kycxp8s7mbvx7u2rk9kv72": 0.00754145,
  "lskeznp4yudpkavth98ebmzw6jz6pym5hzpqgj8tp": 0.00754145,
  "lsk4hc83tf7r9q4czg69dj4xo442fsmwte7qerx2d": 7.54336902,
  "lsk3fw4ttb62k46xkommswj9wbd78kmfzzp78mohg": 6.48729777,
  "lskscse9jsp62sg2yw37t8n65bxswfodkto7vyja4": 0.11314986,
  "lskhghrkypt5jc4aov3jhjdhf5p4egn8c6q9wd5gf": 0.45771319,
  "lskm7dquz6jepotwx4z4uyt2oswaaphdyz98nzy7c": 0.00754145,
  "lskxttp8vcvexx4h3wm5dkdguemha4zncz8p74j9q": 0.07543184,
  "lskhw729t89vkhuoe699462ejrpg5z5duxx8wrodn": 0.46014313,
  "lskmwegwjdhoo8two5yhubsro7zzo5ycx2fabqxcr": 0.06034483,
  "lskzeayrtw5basxrjad2trv6a9doftaw9j3wyqkqn": 0.1885834,
  "lskq7jrtxzjpsof24csvvhrc6f6hc84eqmj8w3euk": 0.45260141
}
