{
  "lskf859xyn687gd7rvecbbrq2u7srcvtztwa9yc56": 210.46257098,
  "lskztxrxns7vrc6ufkmvermu5vhv49cocufk8ehxr": 7.98588375,
  "lsk8aa5t5kfkm8bgug6btdut2ekry4paoeognz4cg": 4.67694496,
  "lskd2pzojbngse68vngezmp5wgvrf23yjqjtdot7j": 0.28122448,
  "lskwwqc6pneqwxxd329kycxp8s7mbvx7u2rk9kv72": 0.02338419,
  "lskeznp4yudpkavth98ebmzw6jz6pym5hzpqgj8tp": 0.01169109,
  "lsk4hc83tf7r9q4czg69dj4xo442fsmwte7qerx2d": 11.69236307,
  "lsk3fw4ttb62k46xkommswj9wbd78kmfzzp78mohg": 10.25420383,
  "lskscse9jsp62sg2yw37t8n65bxswfodkto7vyja4": 0.39231393,
  "lskm7dquz6jepotwx4z4uyt2oswaaphdyz98nzy7c": 0.01169109,
  "lskxttp8vcvexx4h3wm5dkdguemha4zncz8p74j9q": 0.11692257,
  "lskhw729t89vkhuoe699462ejrpg5z5duxx8wrodn": 0.87692619,
  "lskmwegwjdhoo8two5yhubsro7zzo5ycx2fabqxcr": 0.21046193,
  "lskzeayrtw5basxrjad2trv6a9doftaw9j3wyqkqn": 0.29230798,
  "lskq7jrtxzjpsof24csvvhrc6f6hc84eqmj8w3euk": 0.70154078,
  "lsk5omwum4qt24du89cjprwkth9zxtau25rcakg5o": 2.72431928,
  "lsk58kg5pnauk9rakd2ht25avqv4a6dkzbs5ngbu2": 1.16923543,
  "lsk98hotayxrzbf8hhf85zd3jdb48v7cda668z7qz": 0.29230798,
  "lskxdbkaqmucdeh5gvwy4jeqmcwczqtm57jt8sg3q": 0.85354086,
  "lsku25nhr8g72hccqg5ovcqe7krtt8vudvnn2my6f": 1.28615907,
  "lsk278wvfc9w56ek4dcnahvvryug2ma7wp6k4ff78": 0.5963093,
  "lskb5mno76fheuvm53wj359kr5epz8eybhxophh8o": 0.58461714,
  "lskp6q5zjvxeogmqnrv29s82h8cm5rr293njqjxdh": 1.0523117,
  "lskottbwnvryko94rwvvppapjtoa5fge3466kpjfr": 5.84618041,
  "lskwdowv62mv5v96zu9gwo6pw8akxs5a994zh57hg": 0.3741552,
  "lskv2fmavyujo4k4b829crkotvr2fhz2kn88qqp4m": 0.06135216,
  "lskxf4p79sfxy3uop2tx2rysstt8qewqecch5xwd8": 1.17194132
}
