{
  "lskf859xyn687gd7rvecbbrq2u7srcvtztwa9yc56": 10.11278034,
  "lskztxrxns7vrc6ufkmvermu5vhv49cocufk8ehxr": 0.38372373,
  "lsk8aa5t5kfkm8bgug6btdut2ekry4paoeognz4cg": 0.22472833,
  "lskwwqc6pneqwxxd329kycxp8s7mbvx7u2rk9kv72": 0.00112351,
  "lskeznp4yudpkavth98ebmzw6jz6pym5hzpqgj8tp": 0.00056164,
  "lsk4hc83tf7r9q4czg69dj4xo442fsmwte7qerx2d": 0.56182113,
  "lsk3fw4ttb62k46xkommswj9wbd78kmfzzp78mohg": 0.49271706,
  "lskscse9jsp62sg2yw37t8n65bxswfodkto7vyja4": 0.02247268,
  "lskm7dquz6jepotwx4z4uyt2oswaaphdyz98nzy7c": 0.00056164,
  "lskxttp8vcvexx4h3wm5dkdguemha4zncz8p74j9q": 0.00561816,
  "lskhw729t89vkhuoe699462ejrpg5z5duxx8wrodn": 0.04213647,
  "lskmwegwjdhoo8two5yhubsro7zzo5ycx2fabqxcr": 0.01011262,
  "lskzeayrtw5basxrjad2trv6a9doftaw9j3wyqkqn": 0.0140454,
  "lskq7jrtxzjpsof24csvvhrc6f6hc84eqmj8w3euk": 0.05618191,
  "lsk5omwum4qt24du89cjprwkth9zxtau25rcakg5o": 0.13090414,
  "lsk58kg5pnauk9rakd2ht25avqv4a6dkzbs5ngbu2": 0.05618191,
  "lsk98hotayxrzbf8hhf85zd3jdb48v7cda668z7qz": 0.0140454,
  "lskxdbkaqmucdeh5gvwy4jeqmcwczqtm57jt8sg3q": 0.04101277,
  "lsku25nhr8g72hccqg5ovcqe7krtt8vudvnn2my6f": 0.0618003,
  "lsk278wvfc9w56ek4dcnahvvryug2ma7wp6k4ff78": 0.02865271,
  "lskb5mno76fheuvm53wj359kr5epz8eybhxophh8o": 0.02809084,
  "lskp6q5zjvxeogmqnrv29s82h8cm5rr293njqjxdh": 0.05056375,
  "lskottbwnvryko94rwvvppapjtoa5fge3466kpjfr": 0.28091047,
  "lskwdowv62mv5v96zu9gwo6pw8akxs5a994zh57hg": 0.01797822,
  "lskv2fmavyujo4k4b829crkotvr2fhz2kn88qqp4m": 0.00561816,
  "lskxf4p79sfxy3uop2tx2rysstt8qewqecch5xwd8": 0.05674378,
  "lsk9vqoookbbjphmbs29kv6za5tf66udpx6cboanw": 0.02809084,
  "lskd7h7qgfzam3juqvfwnh98h26qmj99xdnts9dur": 0.01123632,
  "lsk62evnyy8uw2vrs67mah72879otfnhddbqdt9um": 0.56182113,
  "lsk945efxyh5sdjhcebwomjkachoweptmuw875sjp": 0.14157882,
  "lsk9ybjgepsn8c6jo5bdpeuvdqrvexo2zsx8z3hhy": 0.05618191
}
