{
  "lskf859xyn687gd7rvecbbrq2u7srcvtztwa9yc56": 82.54566987,
  "lskztxrxns7vrc6ufkmvermu5vhv49cocufk8ehxr": 3.13214849,
  "lsk8aa5t5kfkm8bgug6btdut2ekry4paoeognz4cg": 1.83434732,
  "lskd2pzojbngse68vngezmp5wgvrf23yjqjtdot7j": 0.11464579,
  "lskwwqc6pneqwxxd329kycxp8s7mbvx7u2rk9kv72": 0.00458494,
  "lskeznp4yudpkavth98ebmzw6jz6pym5hzpqgj8tp": 0.00458494,
  "lsk4hc83tf7r9q4czg69dj4xo442fsmwte7qerx2d": 4.58587012,
  "lsk3fw4ttb62k46xkommswj9wbd78kmfzzp78mohg": 3.94384732,
  "lskscse9jsp62sg2yw37t8n65bxswfodkto7vyja4": 0.07337293,
  "lskhghrkypt5jc4aov3jhjdhf5p4egn8c6q9wd5gf": 0.34454007,
  "lskm7dquz6jepotwx4z4uyt2oswaaphdyz98nzy7c": 0.00458494,
  "lskxttp8vcvexx4h3wm5dkdguemha4zncz8p74j9q": 0.04585749,
  "lskhw729t89vkhuoe699462ejrpg5z5duxx8wrodn": 0.27973756,
  "lskmwegwjdhoo8two5yhubsro7zzo5ycx2fabqxcr": 0.03668587,
  "lskzeayrtw5basxrjad2trv6a9doftaw9j3wyqkqn": 0.11464579,
  "lskq7jrtxzjpsof24csvvhrc6f6hc84eqmj8w3euk": 0.27515102,
  "lsk5omwum4qt24du89cjprwkth9zxtau25rcakg5o": 0.5924739,
  "lsk58kg5pnauk9rakd2ht25avqv4a6dkzbs5ngbu2": 0.06723583
}
