{
  "lskf859xyn687gd7rvecbbrq2u7srcvtztwa9yc56": 39.90315939,
  "lskztxrxns7vrc6ufkmvermu5vhv49cocufk8ehxr": 1.5141028,
  "lsk8aa5t5kfkm8bgug6btdut2ekry4paoeognz4cg": 0.88673649,
  "lskd2pzojbngse68vngezmp5wgvrf23yjqjtdot7j": 0.05542066,
  "lskwwqc6pneqwxxd329kycxp8s7mbvx7u2rk9kv72": 0.00221656,
  "lskeznp4yudpkavth98ebmzw6jz6pym5hzpqgj8tp": 0.00221656,
  "lsk4hc83tf7r9q4czg69dj4xo442fsmwte7qerx2d": 2.21684181,
  "lsk3fw4ttb62k46xkommswj9wbd78kmfzzp78mohg": 1.94416986,
  "lskscse9jsp62sg2yw37t8n65bxswfodkto7vyja4": 0.05985473,
  "lskhghrkypt5jc4aov3jhjdhf5p4egn8c6q9wd5gf": 0.20373797,
  "lskm7dquz6jepotwx4z4uyt2oswaaphdyz98nzy7c": 0.00221656,
  "lskxttp8vcvexx4h3wm5dkdguemha4zncz8p74j9q": 0.02216765,
  "lskhw729t89vkhuoe699462ejrpg5z5duxx8wrodn": 0.13522729,
  "lskmwegwjdhoo8two5yhubsro7zzo5ycx2fabqxcr": 0.03990284,
  "lskzeayrtw5basxrjad2trv6a9doftaw9j3wyqkqn": 0.05542066,
  "lskq7jrtxzjpsof24csvvhrc6f6hc84eqmj8w3euk": 0.13300993,
  "lsk5omwum4qt24du89cjprwkth9zxtau25rcakg5o": 0.51652417,
  "lsk58kg5pnauk9rakd2ht25avqv4a6dkzbs5ngbu2": 0.22168376,
  "lsk98hotayxrzbf8hhf85zd3jdb48v7cda668z7qz": 0.05542066,
  "lskxdbkaqmucdeh5gvwy4jeqmcwczqtm57jt8sg3q": 0.16182902,
  "lsku25nhr8g72hccqg5ovcqe7krtt8vudvnn2my6f": 0.24385221,
  "lsk278wvfc9w56ek4dcnahvvryug2ma7wp6k4ff78": 0.11305884,
  "lskb5mno76fheuvm53wj359kr5epz8eybhxophh8o": 0.01108375,
  "lskp6q5zjvxeogmqnrv29s82h8cm5rr293njqjxdh": 0.00013743
}
