{
  "lskf859xyn687gd7rvecbbrq2u7srcvtztwa9yc56": 5.7589469,
  "lskztxrxns7vrc6ufkmvermu5vhv49cocufk8ehxr": 0.21851998,
  "lsk8aa5t5kfkm8bgug6btdut2ekry4paoeognz4cg": 0.12797656,
  "lskd2pzojbngse68vngezmp5wgvrf23yjqjtdot7j": 0.00799848,
  "lskwwqc6pneqwxxd329kycxp8s7mbvx7u2rk9kv72": 0.0003199,
  "lskeznp4yudpkavth98ebmzw6jz6pym5hzpqgj8tp": 0.0003199,
  "lsk4hc83tf7r9q4czg69dj4xo442fsmwte7qerx2d": 0.31994144,
  "lsk3fw4ttb62k46xkommswj9wbd78kmfzzp78mohg": 0.2805886,
  "lskscse9jsp62sg2yw37t8n65bxswfodkto7vyja4": 0.00863842,
  "lskhghrkypt5jc4aov3jhjdhf5p4egn8c6q9wd5gf": 0.02975452,
  "lskm7dquz6jepotwx4z4uyt2oswaaphdyz98nzy7c": 0.0003199,
  "lskxttp8vcvexx4h3wm5dkdguemha4zncz8p74j9q": 0.00319932,
  "lskhw729t89vkhuoe699462ejrpg5z5duxx8wrodn": 0.01951642,
  "lskmwegwjdhoo8two5yhubsro7zzo5ycx2fabqxcr": 0.0057589,
  "lskzeayrtw5basxrjad2trv6a9doftaw9j3wyqkqn": 0.00799848,
  "lskq7jrtxzjpsof24csvvhrc6f6hc84eqmj8w3euk": 0.01919642,
  "lsk5omwum4qt24du89cjprwkth9zxtau25rcakg5o": 0.07454636,
  "lsk58kg5pnauk9rakd2ht25avqv4a6dkzbs5ngbu2": 0.0319941,
  "lsk98hotayxrzbf8hhf85zd3jdb48v7cda668z7qz": 0.00799848,
  "lskxdbkaqmucdeh5gvwy4jeqmcwczqtm57jt8sg3q": 0.02335568,
  "lsku25nhr8g72hccqg5ovcqe7krtt8vudvnn2my6f": 0.03519352,
  "lsk278wvfc9w56ek4dcnahvvryug2ma7wp6k4ff78": 0.016317,
  "lskb5mno76fheuvm53wj359kr5epz8eybhxophh8o": 0.00159964
}
