{
  "lskf859xyn687gd7rvecbbrq2u7srcvtztwa9yc56": 106.62187889,
  "lskztxrxns7vrc6ufkmvermu5vhv49cocufk8ehxr": 4.04570683,
  "lsk8aa5t5kfkm8bgug6btdut2ekry4paoeognz4cg": 2.36937443,
  "lskd2pzojbngse68vngezmp5wgvrf23yjqjtdot7j": 0.14808423,
  "lskwwqc6pneqwxxd329kycxp8s7mbvx7u2rk9kv72": 0.0059223,
  "lskeznp4yudpkavth98ebmzw6jz6pym5hzpqgj8tp": 0.0059223,
  "lsk4hc83tf7r9q4czg69dj4xo442fsmwte7qerx2d": 5.92343664,
  "lsk3fw4ttb62k46xkommswj9wbd78kmfzzp78mohg": 5.09415568,
  "lskscse9jsp62sg2yw37t8n65bxswfodkto7vyja4": 0.113453,
  "lskhghrkypt5jc4aov3jhjdhf5p4egn8c6q9wd5gf": 0.49756769,
  "lskm7dquz6jepotwx4z4uyt2oswaaphdyz98nzy7c": 0.0059223,
  "lskxttp8vcvexx4h3wm5dkdguemha4zncz8p74j9q": 0.05923256,
  "lskhw729t89vkhuoe699462ejrpg5z5duxx8wrodn": 0.36132912,
  "lskmwegwjdhoo8two5yhubsro7zzo5ycx2fabqxcr": 0.04738678,
  "lskzeayrtw5basxrjad2trv6a9doftaw9j3wyqkqn": 0.14808423,
  "lskq7jrtxzjpsof24csvvhrc6f6hc84eqmj8w3euk": 0.35540508,
  "lsk5omwum4qt24du89cjprwkth9zxtau25rcakg5o": 0.88851478,
  "lsk58kg5pnauk9rakd2ht25avqv4a6dkzbs5ngbu2": 0.23693633,
  "lsk98hotayxrzbf8hhf85zd3jdb48v7cda668z7qz": 0.07166652
}
